Iteration	Posterior	Likelihood	Prior	rate01	rate_log_sd	tree_length
0	-525.8284	-554.5984	28.76997	0.2303577	0.7836171	3.828546
6	-524.0437	-552.9283	28.88458	0.3198096	0.8042979	3.622702
12	-530.6974	-561.347	30.6496	0.655612	1.33321	1.851216
18	-527.2548	-557.6998	30.44501	0.5553016	1.622142	1.892655
24	-525.6623	-557.6447	31.98234	0.2767121	1.622142	1.135081
30	-527.861	-559.3343	31.47333	0.4037721	1.59837	1.351582
36	-528.8762	-560.0131	31.13688	0.6344792	1.012787	1.755955
42	-526.8255	-558.9355	32.10996	0.1846229	1.127751	1.624964
48	-527.1894	-558.6595	31.47009	0.1330381	1.361497	2.026323
54	-522.9359	-553.2272	30.29136	0.05313525	0.710786	3.370267
60	-524.8512	-555.4142	30.56302	0.1818644	0.8661688	2.806849
66	-531.5501	-559.2006	27.65047	0.5858499	0.7124825	4.109381
72	-531.7167	-560.0759	28.35919	0.3145625	0.4941715	4.109381
78	-520.4177	-549.1711	28.75343	0.221135	0.6834313	3.9103
84	-523.6633	-552.2566	28.59324	0.1794387	0.9682771	3.9103
90	-524.5741	-554.123	29.54893	0.1990755	0.5892134	3.542263
96	-527.1904	-558.6436	31.45323	0.09394915	1.017231	2.362246
102	-524.7816	-555.1479	30.36631	0.2639794	1.034905	2.682603
108	-523.6057	-554.2896	30.68387	0.2639794	0.9812676	2.519225
114	-521.0293	-550.33	29.30068	0.300566	0.9728458	3.306683
120	-520.7456	-551.1152	30.36961	0.1062629	1.159761	2.911134
126	-522.2733	-552.4919	30.21867	0.1863494	1.289598	2.750062
132	-519.643	-549.2251	29.58212	0.4245077	1.003706	2.968365
138	-518.0495	-548.2626	30.2131	0.5062312	1.029836	2.478526
144	-525.4066	-555.981	30.57441	0.3981798	1.403342	2.131776
150	-532.0037	-562.532	30.52828	0.3981798	1.44947	2.131776
156	-526.2619	-557.0662	30.80429	0.3639757	1.84837	1.721512
162	-530.8095	-562.7709	31.96135	0.3833725	1.540985	1.010942
168	-524.1771	-556.3472	32.17014	0.3046782	1.500283	1.010942
174	-524.0473	-554.6901	30.64281	0.4724772	1.421072	1.985481
180	-523.7556	-554.2839	30.52832	0.2709099	1.231219	2.449253
186	-528.3039	-559.4805	31.17655	0.4005269	1.701799	1.505195
192	-528.2242	-559.4113	31.18704	0.6751009	2.111822	0.6772729
198	-526.7937	-558.4025	31.60889	0.3465368	2.260939	0.3946816
204	-528.8733	-560.8622	31.98889	0.2505015	1.995427	0.8089625
210	-530.8234	-562.2738	31.45036	0.4824702	1.875495	1.006056
216	-530.2299	-561.9638	31.73395	0.300203	1.879786	1.075357
222	-532.572	-563.7852	31.21318	0.278138	1.504239	1.810246
228	-535.5253	-567.0397	31.51441	0.4386284	1.868092	1.025865
234	-534.203	-561.5635	27.36053	0.4023408	0.9650905	4.305277
240	-538.358	-566.5496	28.19165	0.3995343	1.272519	3.657119
246	-534.7614	-563.4112	28.6498	0.381325	0.9204919	3.616283
252	-534.3607	-562.4413	28.08061	0.4101083	0.7746044	3.995767
258	-531.5091	-562.9844	31.47535	0.1864352	1.818057	1.58038
264	-528.3624	-558.6425	30.2801	0.4761244	1.074716	2.439947
270	-530.4218	-558.8265	28.40467	0.3315376	1.611951	3.416584
276	-531.524	-562.2124	30.6884	0.6829098	1.611951	1.601711
282	-537.6889	-568.3793	30.69037	0.3465754	1.324263	2.175767
288	-539.9727	-570.9026	30.92996	0.3977757	1.79786	1.619806
294	-535.5963	-567.2076	31.61131	0.230627	2.012151	1.222403
300	-534.9115	-562.7207	27.80923	0.6565221	1.192756	3.685255
306	-529.7098	-559.1279	29.41815	0.8132745	1.470022	2.436644
312	-528.4157	-559.8584	31.44276	0.4881424	1.854695	1.024594
318	-531.306	-562.2822	30.97621	0.4881424	1.438421	1.727074
324	-533.5128	-563.2912	29.77837	0.6525417	2.52741	1.6274
330	-528.1766	-558.8504	30.67387	0.3270561	1.430065	2.145121
336	-524.6343	-554.6132	29.97891	0.3385785	1.935181	2.251746
342	-529.3255	-559.3868	30.06133	0.489846	1.958995	1.994874
348	-542.0829	-571.8917	29.80875	0.4494186	3.038195	1.460623
354	-533.5553	-563.3245	29.76925	0.6624052	3.313527	0.9771196
360	-529.3936	-560.2966	30.90299	0.6701461	1.879892	1.241639
366	-532.1967	-562.1449	29.94823	0.5951655	2.871239	1.298085
372	-535.2225	-566.8621	31.63955	0.4531776	2.046469	0.5429367
378	-531.7051	-561.6997	29.99458	0.4689869	1.54773	2.329087
384	-525.3181	-553.8981	28.57995	0.6409222	1.182206	3.253602
390	-523.7012	-552.1946	28.49341	0.7531657	1.020858	3.313298
396	-528.6263	-556.856	28.22964	0.670535	1.457817	3.273859
402	-527.9187	-557.5301	29.61134	0.6887093	1.549799	2.361625
408	-530.8792	-560.6861	29.80696	0.6887093	1.354182	2.361625
414	-530.1811	-559.1846	29.00346	0.7568366	1.862561	2.492912
420	-528.9381	-558.7426	29.80452	0.716677	1.038872	2.538457
426	-529.5066	-558.1132	28.6066	0.577612	1.152791	3.308965
432	-534.8853	-561.8553	26.96995	0.8350752	1.300164	3.978186
438	-531.782	-561.9122	30.13017	0.6000254	1.158745	2.358354
444	-530.0991	-559.7286	29.62953	0.5832451	1.247063	2.631662
450	-528.3401	-557.5999	29.25982	0.367939	1.256504	3.075807
456	-521.0789	-550.7027	29.62379	0.6183033	1.052291	2.723628
462	-520.2473	-549.673	29.42567	0.2724614	1.424265	3.004254
468	-525.3458	-558.1063	32.76053	0.07680673	1.814171	0.8193122
474	-521.5492	-553.1899	31.64065	0.4006601	1.697044	1.133657
480	-519.358	-549.8337	30.47576	0.3952926	1.326731	2.24896
486	-521.8226	-552.9927	31.17003	0.2283955	0.9780314	2.273408
492	-516.7969	-548.345	31.5481	0.2189878	1.274002	1.845194
498	-515.9823	-547.7456	31.76327	0.1584915	1.394008	1.742809
504	-517.9435	-549.4252	31.48166	0.2864806	1.548489	1.573784
510	-516.3766	-548.66	32.28339	0.204507	1.548489	1.104753
516	-520.8443	-552.4412	31.59697	0.1090664	1.686485	1.783284
522	-521.5944	-551.8823	30.28794	0.6205967	1.096777	2.278446
528	-517.9235	-548.3076	30.38405	0.4304746	1.306103	2.278446
534	-519.1856	-550.1904	31.00482	0.1929964	1.895857	1.843688
540	-521.2028	-550.9967	29.79394	0.1357284	1.009502	3.27554
546	-521.914	-552.7013	30.78729	0.06829579	1.093943	2.800827
552	-517.1067	-547.8358	30.7291	0.1165963	1.093943	2.707016
558	-524.2319	-556.4788	32.2469	0.2165328	1.523282	1.129031
564	-526.1982	-555.8598	29.66157	0.2982391	0.8013739	3.197976
570	-523.4082	-551.7897	28.3815	0.5877518	1.550698	3.197976
576	-524.3544	-553.8095	29.4551	0.8406181	1.086154	2.633132
582	-526.1423	-555.2051	29.06277	0.451695	1.486798	2.960543
588	-533.5253	-562.4154	28.89012	0.712612	1.103321	3.05936
594	-520.2741	-547.0158	26.74177	0.4917452	1.098067	4.489056
600	-519.6701	-547.137	27.46689	0.2574152	0.8529915	4.489056
606	-522.716	-551.4569	28.74092	0.2522661	0.6607167	3.882208
612	-526.3255	-556.6265	30.30102	0.6961403	1.306623	2.066836
618	-519.1654	-548.9106	29.74516	0.5242024	1.374384	2.537411
624	-520.8958	-550.5757	29.67994	0.6197553	1.059658	2.683397
630	-522.0739	-551.7733	29.69933	0.5647829	0.9029492	2.816634
636	-519.223	-548.8322	29.60924	0.594235	0.9491468	2.816634
642	-525.7592	-555.5206	29.76142	0.4229183	1.078344	2.816634
648	-528.1112	-554.9302	26.81896	0.7426978	0.8824383	4.363935
654	-534.4044	-563.5695	29.16515	0.4448546	1.535796	2.876568
660	-531.6319	-561.0904	29.45849	0.4147811	1.063992	3.017287
666	-534.5933	-561.8019	27.20858	0.4271447	1.09473	4.291502
672	-535.2012	-562.866	27.66481	0.4462019	0.6038904	4.291502
678	-532.7959	-560.3832	27.58728	0.2949135	0.8071587	4.395124
684	-529.2815	-558.7985	29.51703	0.4509366	0.9041647	3.038381
690	-529.1028	-557.563	28.46024	0.5788561	1.489504	3.195402
696	-524.9111	-553.8104	28.89938	0.5325207	0.6084771	3.497024
702	-521.9196	-551.0879	29.16828	0.4338668	0.8767024	3.280123
708	-523.2202	-552.3737	29.15353	0.44201	0.8767024	3.280123
714	-528.302	-557.2026	28.90063	0.4282081	1.11287	3.304797
720	-525.9543	-555.6236	29.66934	0.2925538	1.048426	3.054265
726	-530.6394	-559.988	29.34862	0.5892073	1.162299	2.849931
732	-527.9852	-557.9846	29.99933	0.3562431	1.488076	2.498344
738	-538.6715	-567.4173	28.74583	0.2305926	2.005425	3.128408
744	-536.4962	-568.6515	32.15532	0.3818509	1.52448	0.8175725
750	-523.0722	-554.6443	31.57213	0.2777537	1.654415	1.442668
756	-530.7908	-561.2753	30.48446	0.2614946	1.446345	2.35606
762	-529.0285	-561.0787	32.05017	0.1936815	1.420885	1.430632
768	-521.992	-551.555	29.56299	0.2760593	1.199064	3.051574
774	-519.5401	-549.3367	29.79654	0.2885585	0.9709048	3.030225
780	-526.9799	-557.8476	30.86763	0.2208756	1.039014	2.439957
786	-530.0229	-560.958	30.93512	0.7144882	1.287608	1.628123
792	-533.7823	-564.5852	30.8029	0.4781684	1.767525	1.628123
798	-525.4915	-557.9873	32.49577	0.1059746	2.080427	0.5915124
804	-530.2646	-562.5066	32.24201	0.1040462	2.282818	0.3311508
810	-526.1543	-556.9752	30.82096	0.4450259	2.672391	0.2415283
816	-524.0864	-554.9053	30.81894	0.477433	2.69816	0.2862479
822	-526.2519	-557.7294	31.47743	0.2942645	2.47284	0.3436316
828	-524.5337	-556.276	31.74236	0.1790357	2.433075	0.2729597
834	-525.7786	-557.3618	31.58327	0.3926843	2.180765	0.3747731
840	-531.2401	-562.9828	31.7427	0.2773443	2.244834	0.339955
846	-528.4221	-560.1685	31.74639	0.308176	2.229399	0.4542941
852	-521.7788	-553.6004	31.82168	0.2683176	2.229399	0.3973211
858	-522.7699	-553.776	31.00608	0.4640775	1.81462	1.460957
864	-529.7152	-561.5715	31.8563	0.275402	1.686264	1.192191
870	-522.0908	-553.2409	31.1501	0.5023844	1.585125	1.476568
876	-530.668	-560.5436	29.87559	0.6664611	1.478269	2.257552
882	-525.5074	-555.1841	29.67676	0.9025745	0.9658139	2.527711
888	-531.1511	-562.5799	31.42885	0.3016494	1.069772	1.921441
894	-528.3677	-558.7838	30.41608	0.4115035	1.163322	2.371497
900	-521.2536	-551.2314	29.9778	0.4057935	0.7496818	2.904199
906	-529.8146	-560.9878	31.17319	0.6790085	1.454644	1.358045
912	-528.7307	-559.2062	30.4755	0.4939579	1.686558	1.894846
918	-527.0018	-558.2549	31.25311	0.5038835	1.389874	1.543685
924	-528.4753	-559.4601	30.9848	0.4961136	1.225123	1.859782
930	-525.8312	-556.2074	30.37616	0.3814082	1.423138	2.268541
936	-519.1779	-550.653	31.47508	0.5429773	1.543775	1.197447
942	-521.3233	-552.9066	31.58323	0.3811745	1.296249	1.532593
948	-522.7067	-553.5034	30.79664	0.3862226	1.386178	2.01201
954	-521.2068	-550.6708	29.46399	0.2936202	1.465752	2.925477
960	-520.5372	-550.2611	29.7239	0.2757115	1.248996	2.925477
966	-532.7478	-561.6109	28.86311	0.7496737	1.980705	2.512307
972	-526.6484	-557.696	31.04767	0.2416245	1.685045	1.863788
978	-527.2813	-557.2773	29.99602	0.5313185	1.610021	2.222168
984	-528.4867	-559.7477	31.26097	0.3677609	1.610021	1.558846
990	-528.4009	-559.2831	30.88221	0.5456352	2.611971	0.6594202
996	-532.1056	-563.0243	30.91873	0.485848	2.324832	1.079636
1002	-527.2723	-558.1036	30.83122	0.2161962	0.8986368	2.558755
1008	-529.1191	-559.2423	30.12318	0.3010289	1.102199	2.735381
1014	-536.0982	-567.1503	31.05211	0.6381252	1.921973	1.113423
1020	-537.4803	-568.5058	31.02552	0.8251553	1.681446	1.140992
1026	-529.1539	-561.2279	32.07397	0.2547346	2.022756	0.5863132
1032	-531.7455	-563.5487	31.8032	0.3703081	2.022756	0.4055795
1038	-526.0898	-557.5553	31.46543	0.3893678	1.596125	1.381595
1044	-535.03	-566.0588	31.02876	0.7565135	1.691998	1.200304
1050	-534.7325	-565.9502	31.21774	0.7345442	1.912275	0.8169616
1056	-532.9589	-563.0399	30.081	0.532212	1.635237	2.14981
1062	-523.595	-552.3779	28.78285	0.5098216	1.184077	3.248922
1068	-524.0753	-552.9383	28.86304	0.5098216	1.103896	3.248922
1074	-520.7065	-551.3284	30.62194	0.4201543	1.52383	1.993336
1080	-521.1632	-552.1681	31.00489	0.3719251	1.528845	1.793295
1086	-519.0057	-550.0438	31.03807	0.2983056	1.572181	1.850797
1092	-518.2691	-549.7088	31.43964	0.2983056	1.388243	1.699273
1098	-523.8937	-553.8402	29.94656	0.243821	1.392079	2.752927
1104	-527.4427	-558.0175	30.57483	0.5019063	1.728164	1.789063
1110	-531.3119	-563.5077	32.19571	0.2047394	1.404853	1.302339
1116	-526.7482	-556.8094	30.06122	0.5385604	1.27644	2.386276
1122	-535.6429	-561.1796	25.53672	0.7764352	1.371575	4.78596
1128	-534.9562	-563.5544	28.59819	0.2773847	0.7637464	3.868625
1134	-526.0646	-554.0255	27.96087	0.5960827	0.6517625	3.958292
1140	-524.8155	-554.0485	29.23296	0.3639434	0.8450236	3.340311
1146	-524.6844	-554.0154	29.33107	0.3243572	0.7988897	3.359366
1152	-535.6997	-562.9486	27.2489	0.6542717	0.8041333	4.230226
1158	-531.4578	-559.3683	27.91054	0.3165103	0.7257284	4.230226
1164	-539.4509	-566.4889	27.03803	0.2631846	0.8177149	4.741085
1170	-535.4315	-561.9435	26.51197	0.7320766	0.6965737	4.648616
1176	-533.6326	-561.4718	27.83916	0.1285958	0.5948813	4.648616
1182	-525.5581	-554.6308	29.07273	0.09323733	0.5122126	4.079769
1188	-524.5989	-553.7442	29.14538	0.2426296	0.4754781	3.770704
1194	-522.1411	-551.8658	29.72472	0.1770799	0.899882	3.297261
1200	-522.9478	-552.1378	29.19005	0.207428	1.365726	3.283096
1206	-530.0006	-561.1603	31.15975	0.4716313	2.023796	1.155878
1212	-529.3612	-559.7172	30.35604	0.5487546	1.532051	2.019727
1218	-526.7868	-556.8627	30.07586	0.7638725	1.517419	2.019727
1224	-526.8429	-557.2076	30.36467	1.040107	1.796804	1.40386
1230	-528.753	-559.8895	31.13653	0.860293	1.915151	0.7149714
1236	-526.9216	-557.5109	30.58939	0.4348886	1.915151	1.729344
1242	-526.7962	-558.0085	31.21234	0.6486168	1.621648	1.223248
1248	-530.5573	-561.3784	30.82109	0.950897	1.403129	1.424599
1254	-533.101	-563.0603	29.95929	0.4550904	1.753398	2.235537
1260	-530.6569	-560.225	29.56803	0.3454035	0.9630227	3.095006
1266	-526.2123	-556.776	30.56366	0.3454035	1.500467	2.14519
1272	-529.1398	-560.4067	31.26685	0.4227513	2.125465	1.044523
1278	-522.7836	-554.3456	31.56202	0.2658546	1.74713	1.401737
1284	-518.5743	-546.5994	28.02509	0.2608765	1.083322	4.03734
1290	-525.0508	-552.9935	27.94273	0.4669644	1.050265	3.857805
1296	-519.6858	-550.5184	30.83258	0.2830085	1.660776	1.954757
1302	-528.5311	-559.642	31.11087	0.4442139	2.335796	0.950708
1308	-524.0498	-556.2546	32.20489	0.1409431	1.608037	1.298719
1314	-526.5892	-557.9413	31.35205	0.1267632	1.608037	1.956327
1320	-526.8683	-556.929	30.06069	0.1166719	0.9498998	3.196145
1326	-530.5696	-558.6888	28.11925	0.4350691	0.5255337	4.089387
1332	-527.7392	-558.0294	30.29021	0.215523	1.151697	2.737445
1338	-523.1005	-554.1903	31.08977	0.56127	1.085259	1.812518
1344	-528.4624	-560.0465	31.58409	0.56127	1.581462	1.039048
1350	-525.7721	-556.5768	30.80476	0.5371007	1.096479	2.023076
1356	-526.2436	-554.8064	28.56275	0.5371007	1.005374	3.457612
1362	-523.8938	-555.8572	31.96337	0.2530075	1.596335	1.225813
1368	-523.1507	-554.9379	31.78723	0.3858005	1.519004	1.186769
1374	-531.6029	-560.2444	28.64149	0.6824279	0.9889953	3.298098
1380	-538.0368	-568.1887	30.15191	0.6824279	1.278904	2.194165
1386	-523.0821	-553.5358	30.45373	0.2684831	1.090044	2.587647
1392	-526.2165	-555.3207	29.10423	0.5399232	0.9839074	3.148577
1398	-528.0301	-556.9381	28.90793	0.7544933	1.060825	3.042622
1404	-527.6706	-556.8766	29.20599	0.4384043	1.230587	3.042622
1410	-542.8984	-569.2551	26.35665	1.003667	0.4449521	4.706594
1416	-536.0875	-562.7076	26.62017	0.7347048	0.4815014	4.706594
1422	-535.902	-565.0929	29.19093	0.4726004	0.8440444	3.245542
1428	-536.2097	-563.8374	27.62769	0.2217424	1.099643	4.313249
1434	-532.8964	-563.3538	30.45734	0.4657246	1.085755	2.332187
1440	-532.5633	-562.5256	29.96232	0.2924103	1.561443	2.563938
1446	-523.1464	-554.1101	30.96378	0.422728	1.398964	1.84334
1452	-522.6261	-554.3671	31.74102	0.151446	1.29555	1.84334
1458	-517.29	-549.0671	31.77711	0.1730543	1.179771	1.84816
1464	-527.9546	-557.6557	29.70111	0.2795126	0.6185331	3.309056
1470	-530.2284	-558.5778	28.34936	0.417979	1.049179	3.674833
1476	-532.7351	-563.759	31.02398	0.4450886	1.264397	1.86633
1482	-542.1625	-571.8277	29.66515	0.6012122	1.230339	2.603688
1488	-541.8316	-572.8949	31.06323	0.3374791	1.360236	1.918043
1494	-528.4602	-559.1544	30.69421	0.3374791	1.729256	1.918043
1500	-527.9019	-559.5076	31.60569	0.2483184	1.743308	1.405778
1506	-527.6953	-558.3012	30.60588	0.2689934	1.549424	2.200127
1512	-533.6477	-563.1068	29.45909	1.055582	2.040806	1.870732
1518	-526.7708	-558.1344	31.36362	0.4436321	1.930165	1.101105
1524	-521.5961	-553.0909	31.49487	0.4436321	1.595801	1.276608
1530	-530.9776	-561.1076	30.13003	0.5398245	1.498563	2.198938
1536	-525.2807	-555.8715	30.59081	0.4671956	1.571491	1.925496
1542	-525.9802	-556.2599	30.27972	0.4671956	1.417877	2.231618
1548	-527.9343	-558.6989	30.76455	0.2247798	2.566968	1.468008
1554	-521.3622	-552.0651	30.70291	0.2687567	1.09554	2.428156
1560	-520.7803	-550.5134	29.73307	0.4301296	1.41947	2.616801
1566	-527.1909	-553.6179	26.427	0.2230258	1.011894	5.032811
1572	-525.6406	-552.9361	27.29546	0.5589092	0.9468691	4.200967
1578	-523.9116	-551.3755	27.46396	0.4816458	0.9027443	4.200967
1584	-525.4273	-555.1766	29.74932	0.4472652	1.427936	2.582294
1590	-524.7268	-555.9057	31.17888	0.3688354	1.386648	1.775566
1596	-528.6526	-559.8579	31.20532	0.486311	2.186162	0.9314915
1602	-529.861	-560.5724	30.71134	0.5012294	1.61055	1.776711
1608	-522.1819	-553.2317	31.04976	0.5465147	1.618173	1.474077
1614	-522.6417	-554.2809	31.63918	0.3319364	1.895837	1.082065
1620	-524.3727	-555.5588	31.18614	0.6475853	1.895837	0.9984201
1626	-526.6191	-557.829	31.2099	0.6012048	2.100232	0.816616
1632	-527.6103	-556.0041	28.39372	0.4095186	0.7798064	3.813879
1638	-538.9758	-566.7754	27.79961	0.3897	0.5315788	4.316001
1644	-526.8333	-556.263	29.42976	0.5881885	0.9534803	2.928044
1650	-541.7999	-567.9906	26.19075	0.8338367	0.4820708	4.879669
1656	-539.7047	-564.9447	25.23994	0.395379	0.6534537	5.665377
1662	-531.1795	-561.1464	29.96683	0.4106104	2.532681	1.764445
1668	-524.7734	-555.3551	30.58173	0.492608	2.831027	0.896333
1674	-535.0486	-563.3619	28.31334	0.2086505	0.6378971	4.207637
1680	-527.192	-555.9042	28.71216	0.5434238	1.237605	3.227388
1686	-532.8877	-564.2722	31.38452	0.4490441	1.315632	1.570677
1692	-528.6867	-559.7572	31.07049	0.238922	1.267737	2.131834
1698	-522.2841	-553.196	30.91183	0.2523986	1.390795	2.131834
1704	-524.4426	-555.0255	30.58291	0.3118857	1.550943	2.147742
1710	-531.931	-561.4192	29.48822	0.5459488	1.097562	2.844221
1716	-531.0967	-560.4795	29.38281	0.3364976	0.9173803	3.2434
1722	-529.5744	-558.7928	29.21838	0.264457	0.9812839	3.401488
1728	-528.4887	-557.8443	29.35563	0.2817691	0.8012061	3.401488
1734	-529.334	-558.5249	29.19087	0.3217861	0.8730158	3.401488
1740	-532.5064	-563.3048	30.7984	0.4022011	1.101611	2.17735
1746	-528.9647	-560.6565	31.69179	0.5022603	1.710181	0.8903881
1752	-530.1644	-561.219	31.05458	0.6122576	1.966068	1.104272
1758	-532.3486	-564.4376	32.08901	0.2640011	1.966068	0.6358765
1764	-538.28	-567.7172	29.43718	0.2004203	1.260247	3.211619
1770	-536.4807	-568.3205	31.83982	0.2866099	1.430695	1.39212
1776	-535.0004	-566.0056	31.00523	0.5110969	1.911026	1.324621
1782	-536.8695	-566.3382	29.46871	0.3589813	1.108063	3.050687
1788	-527.1482	-556.3008	29.15254	0.616665	1.366908	2.820607
1794	-534.8944	-563.9712	29.07681	0.4746381	1.249922	3.070133
1800	-533.7749	-564.2634	30.48855	0.4132052	1.719341	1.960481
1806	-526.7888	-557.3303	30.54147	0.302708	1.38686	2.293965
1812	-527.3572	-556.8329	29.47578	0.4743762	1.38686	2.746754
1818	-528.7987	-557.6707	28.87193	0.8457867	1.478458	2.746754
1824	-523.6195	-553.664	30.04444	0.6262466	1.513465	2.161515
1830	-530.9208	-561.4739	30.55314	0.5809469	2.861871	0.7069737
1836	-523.9124	-555.2256	31.31328	0.4886265	2.314733	0.4863213
1842	-535.565	-565.5225	29.95752	0.5932951	1.370667	2.339653
1848	-535.4916	-564.8684	29.37684	0.3188639	1.346475	3.014675
1854	-533.6481	-565.466	31.81789	0.2066938	2.03113	1.083045
1860	-527.8304	-560.2744	32.44395	0.1062958	1.741818	1.093112
1866	-523.4881	-555.1738	31.68563	0.2939172	2.28486	0.6610829
1872	-524.355	-556.6995	32.3445	0.1551272	2.056054	0.4506495
1878	-520.3898	-552.4819	32.09211	0.2362041	2.056054	0.5776353
1884	-519.6784	-551.8087	32.13028	0.2223546	2.056054	0.5776353
1890	-527.6876	-559.2618	31.57418	0.3675641	1.887981	1.079936
1896	-531.3568	-561.5099	30.15308	0.6239241	2.170004	1.643605
1902	-533.254	-564.5374	31.28347	0.6354999	1.952472	0.8483936
1908	-522.5049	-554.0514	31.54654	0.4315744	1.650139	1.206143
1914	-518.7439	-550.1069	31.36302	0.3570101	1.352394	1.687294
1920	-518.2951	-548.4834	30.18827	0.39114	1.350849	2.421694
1926	-523.2684	-553.5608	30.29236	0.2091959	0.7699607	2.978574
1932	-522.6931	-552.1162	29.42306	0.05640756	0.7026817	3.869335
1938	-527.2269	-556.6352	29.40828	0.2010788	0.8167137	3.488151
1944	-529.9303	-559.7561	29.8258	0.2298665	0.9797517	3.097253
1950	-531.2927	-560.1099	28.81721	0.1777724	0.7960052	3.883696
1956	-523.8251	-552.8719	29.04684	0.5024906	1.135282	3.128441
1962	-528.9241	-559.0523	30.12821	0.4026072	1.199074	2.540435
1968	-527.8887	-558.2428	30.35407	0.5201126	0.7671751	2.540435
1974	-528.2081	-556.6176	28.4095	0.5280385	0.7199574	3.72079
1980	-523.204	-555.3253	32.12129	0.1909887	1.330935	1.451352
1986	-518.2497	-548.2995	30.04982	0.3269636	0.9840678	2.816375
1992	-522.3528	-552.4247	30.07191	0.1762851	1.108921	2.967786
1998	-518.0143	-548.8594	30.8451	0.2026045	0.8773996	2.587862
2004	-524.5813	-555.7927	31.21148	0.3940749	1.6696	1.512496
2010	-527.7667	-559.4965	31.72978	0.2156786	1.386548	1.645533
2016	-524.034	-553.3308	29.29679	0.2903085	1.248149	3.160428
2022	-522.9568	-552.4414	29.48457	0.4437282	1.169602	2.906066
2028	-520.7612	-550.1148	29.35357	0.3842991	1.098359	3.094619
2034	-520.6491	-549.8712	29.22204	0.3706997	1.06282	3.210098
2040	-522.3468	-552.3905	30.04369	0.3706997	1.143053	2.666366
2046	-528.0053	-556.194	28.1887	0.5053363	0.7341849	3.860903
2052	-528.8141	-557.3408	28.52668	0.332223	0.7220653	3.860903
2058	-525.3717	-553.8791	28.50737	0.6725572	0.9347428	3.416494
2064	-521.091	-550.7818	29.69083	0.3303464	0.9357365	3.057373
2070	-524.7534	-554.1121	29.35864	0.4775209	1.024895	3.033218
2076	-528.3825	-557.4955	29.11296	0.6056483	1.069738	3.033218
2082	-526.6493	-556.2267	29.57746	0.6437811	1.29697	2.57938
2088	-523.6794	-554.3744	30.69502	0.5895221	1.325424	1.889431
2094	-530.9811	-560.62	29.63887	0.5396864	1.57066	2.465857
2100	-532.3354	-558.6242	26.28875	0.7708984	1.029273	4.560297
2106	-531.4736	-561.2305	29.75684	0.5828798	1.333006	2.499555
2112	-533.1014	-562.786	29.68457	0.2920174	1.28291	2.904988
2118	-535.2312	-564.914	29.68286	0.3189732	1.28291	2.868469
2124	-530.2015	-559.653	29.45146	0.4136618	1.320178	2.868469
2130	-536.5858	-565.9115	29.32575	0.2476784	1.005471	3.349637
2136	-534.4465	-564.479	30.03246	0.3633225	1.005471	2.766787
2142	-532.5747	-562.2105	29.63576	0.1264246	1.005471	3.391505
2148	-530.248	-559.5439	29.29591	0.1231118	1.010918	3.594079
2154	-529.505	-558.0137	28.50872	0.4668518	1.396398	3.327975
2160	-527.3948	-558.6806	31.28574	0.4672646	2.019765	1.051216
2166	-533.1701	-562.2628	29.0927	0.8730342	1.670701	2.472371
2172	-529.0652	-558.8413	29.77618	0.8735063	1.389978	2.215994
2178	-524.4428	-554.1508	29.70796	0.2908399	1.165759	2.963186
2184	-524.3842	-554.4578	30.07362	0.2738052	0.8413644	2.963186
2190	-524.9212	-554.8322	29.91104	0.2701373	1.013045	2.963186
2196	-526.4656	-558.1492	31.68359	0.2151953	0.9045414	2.010471
2202	-529.3521	-558.1996	28.84756	0.1872656	1.341324	3.53369
2208	-523.5699	-555.3015	31.73156	0.2626726	1.480067	1.482531
2214	-521.3421	-553.6702	32.32804	0.04518897	1.480067	1.621349
2220	-535.4625	-566.7076	31.24506	0.1356729	0.9973226	2.400839
2226	-528.9223	-560.6055	31.68322	0.05263637	0.9211102	2.400839
2232	-536.598	-567.4947	30.89672	0.1999071	1.13284	2.400839
2238	-537.875	-568.5638	30.6888	0.1771025	1.0658	2.616622
2244	-530.2343	-562.0677	31.83341	0.1145666	1.16328	1.963738
2250	-526.8865	-558.4005	31.51403	0.1350452	1.403906	1.963738
2256	-541.7309	-571.9597	30.22882	0.4776638	1.343945	2.300159
2262	-532.884	-563.3537	30.4697	0.4046788	1.516015	2.118397
2268	-526.2667	-557.1406	30.87387	0.3687804	1.182653	2.118397
2274	-525.5686	-554.0497	28.48113	0.4921608	0.8694968	3.626648
2280	-526.8514	-556.4189	29.56751	0.1288887	0.6611025	3.626648
2286	-527.6368	-557.7897	30.15288	0.2468708	0.7687951	3.000426
2292	-526.2139	-557.4321	31.21821	0.1710427	1.41095	2.072599
2298	-529.4832	-559.9024	30.41929	0.1790037	1.311562	2.627545
2304	-529.379	-558.7084	29.32945	0.4501	1.657984	2.696279
2310	-528.0149	-558.4024	30.38744	0.3771911	2.072485	1.836913
2316	-519.4484	-550.1766	30.72828	0.307862	1.127139	2.332897
2322	-522.0923	-552.0488	29.95645	0.3871303	1.15708	2.691182
2328	-526.1706	-554.3497	28.17912	0.5943245	0.7058955	3.803436
2334	-527.1407	-557.0657	29.92501	0.3571599	0.7924643	2.968583
2340	-525.4013	-554.0742	28.67282	0.2062289	0.9759881	3.813175
2346	-522.386	-552.454	30.06794	0.3271936	0.8608204	2.87982
2352	-520.6573	-552.2215	31.56421	0.1578619	1.093313	2.082889
2358	-520.0067	-549.1073	29.10068	0.3619378	1.149504	3.241218
2364	-526.0471	-554.7382	28.69114	0.3466708	0.3466358	3.964035
2370	-521.5612	-553.1751	31.61385	0.3466708	1.503652	1.405871
2376	-519.002	-550.5158	31.51378	0.4066531	1.548845	1.354415
2382	-530.6497	-561.9527	31.30303	0.3224155	1.429822	1.727554
2388	-526.9571	-556.2624	29.30528	0.5273259	1.605918	2.663302
2394	-521.6283	-552.8813	31.25293	0.3847259	1.51618	1.60839
2400	-524.4821	-555.0245	30.54236	0.6395576	1.789842	1.62124
2406	-522.9954	-554.0131	31.01769	0.4125854	1.721316	1.591135
2412	-526.5675	-557.3975	30.83003	0.3217536	1.685533	1.87893
2418	-521.7904	-553.2843	31.49385	0.306697	1.579251	1.506849
2424	-523.6582	-554.9411	31.28292	0.3743061	1.828298	1.366101
2430	-527.3207	-558.6871	31.3664	0.3343885	1.828298	1.366101
2436	-530.4745	-561.0804	30.60589	0.688274	1.942262	1.410815
2442	-529.8916	-560.9198	31.02824	0.4867179	1.942262	1.31345
2448	-531.349	-562.0061	30.65718	0.7787967	2.258047	0.9964517
2454	-527.7949	-557.4147	29.6198	0.3997232	1.014347	2.967461
2460	-534.0996	-564.8434	30.74378	0.5156759	2.644686	0.8807422
2466	-529.6789	-560.489	30.81005	0.5467881	1.896056	1.444718
2472	-530.2769	-561.764	31.48708	0.3490858	1.340952	1.618457
2478	-525.2773	-557.1938	31.91647	0.3194436	1.787724	0.9419359
2484	-522.0667	-553.4065	31.33973	0.2727382	1.384965	1.814392
2490	-521.9963	-553.4307	31.43438	0.1445199	1.45128	1.962283
2496	-525.7576	-554.3376	28.57996	0.4899623	1.282682	3.32978
2502	-525.3359	-554.2232	28.88734	0.247716	0.7381161	3.760295
2508	-524.1444	-552.8797	28.73527	0.2424157	0.9042023	3.760295
2514	-523.1874	-552.9975	29.81003	0.2879598	1.364046	2.785529
2520	-523.6337	-550.5319	26.89824	0.5315553	0.533887	4.681508
2526	-532.8735	-560.8409	27.96737	0.1790988	0.2328215	4.681508
2532	-533.5839	-562.8697	29.28579	0.634911	0.9174375	2.996007
2538	-528.1484	-556.2248	28.07632	0.4028786	1.412642	3.639028
2544	-522.66	-553.7051	31.04514	0.281642	1.080716	2.199035
2550	-531.2551	-561.6909	30.43577	0.3864765	0.9134062	2.546343
2556	-526.7298	-555.4984	28.76854	0.7141696	1.491239	2.898122
2562	-525.3254	-554.1209	28.79552	0.9077009	0.8708525	3.117987
2568	-527.2321	-557.5534	30.32122	0.3558772	1.127629	2.522891
2574	-528.6619	-560.0251	31.36326	0.3688599	1.756088	1.368391
2580	-525.8275	-557.9888	32.16132	0.1430012	1.523329	1.39485
2586	-522.8477	-554.1198	31.27209	0.2293448	1.445621	1.896687
2592	-524.4307	-555.2964	30.86577	0.4766003	1.721425	1.617935
2598	-530.8273	-561.1735	30.34619	0.7848555	2.210599	1.308101
2604	-524.227	-555.2693	31.04233	0.3757995	2.115001	1.327038
2610	-530.8849	-562.0044	31.11949	0.5558826	1.768217	1.290428
2616	-524.8647	-556.2914	31.42671	0.4454606	1.64381	1.290428
2622	-524.1367	-555.1373	31.00063	0.3227658	1.64381	1.788786
2628	-528.4356	-559.6326	31.19699	0.309805	1.535968	1.747422
2634	-521.0146	-551.7604	30.74575	0.3105139	0.9715183	2.416557
2640	-520.9802	-550.511	29.53077	0.4281139	0.828683	3.099907
2646	-517.8923	-549.7619	31.86956	0.2080269	1.182095	1.707364
2652	-519.5385	-550.1652	30.6267	0.4329697	0.9017704	2.378493
2658	-522.6322	-552.3817	29.74953	0.2187647	1.052385	3.11789
2664	-521.682	-551.3438	29.66182	0.5079731	1.06149	2.797433
2670	-528.8128	-560.3571	31.5443	0.5039318	1.260176	1.42176
2676	-529.3562	-560.6868	31.33061	0.3180427	1.828787	1.42176
2682	-527.5241	-559.3349	31.81072	0.2730773	1.663017	1.255239
2688	-532.9316	-564.5465	31.61484	0.1656801	1.198973	1.96158
2694	-537.884	-568.3522	30.46821	0.3038315	1.164072	2.479597
2700	-533.6927	-565.5947	31.90199	0.251327	1.569392	1.3025
2706	-534.2836	-565.6076	31.32399	0.4372901	2.393984	0.498089
2712	-525.8832	-558.1024	32.21914	0.1538869	2.1732	0.4117146
2718	-524.5087	-556.6465	32.13781	0.1783845	2.1732	0.4117146
2724	-518.3823	-550.262	31.8797	0.2237692	2.286576	0.392582
2730	-520.8684	-552.9122	32.0438	0.1778553	2.286576	0.4959317
2736	-520.9356	-552.7149	31.77929	0.1528586	2.55434	0.3257507
2742	-526.4867	-557.5708	31.08405	0.4058512	1.708195	1.561509
2748	-534.5859	-563.9503	29.36442	0.5049485	1.424836	2.760244
2754	-521.2621	-553.3163	32.05422	0.1189217	2.399269	0.3207789
2760	-519.7029	-551.7379	32.03498	0.2072396	2.199519	0.5572088
2766	-521.7472	-553.0045	31.25725	0.3691284	1.558584	1.597173
2772	-518.2955	-548.0711	29.77567	0.2508499	0.8485789	3.171676
2778	-518.049	-548.4643	30.41521	0.4547279	1.033311	2.404333
2784	-520.7722	-550.8984	30.12613	0.4475183	1.335192	2.404333
2790	-524.5295	-553.5584	29.0289	0.3911664	1.568533	2.999501
2796	-526.4325	-558.1187	31.68623	0.1237981	1.123872	2.06373
2802	-525.9832	-557.537	31.55384	0.2957943	1.408128	1.607371
2808	-521.7594	-552.5879	30.8285	0.4344311	1.407287	1.915175
2814	-533.5253	-563.7029	30.17762	0.544584	1.185169	2.364394
2820	-537.1025	-564.4129	27.31043	0.5937045	1.042102	4.108734
2826	-532.3657	-562.1871	29.82136	0.3735976	0.8560865	2.972411
2832	-533.0203	-562.3228	29.3025	0.4424007	0.9538715	3.145795
2838	-534.1299	-563.1047	28.9748	0.4388008	1.512318	3.011927
2844	-524.0892	-554.0573	29.96809	0.4388008	1.446301	2.443768
2850	-526.0649	-556.3807	30.31584	0.4503455	1.171684	2.384591
2856	-524.4902	-554.2202	29.72996	0.4440877	1.103866	2.796746
2862	-533.3865	-563.114	29.72746	0.7378493	1.728315	2.131501
2868	-523.098	-552.952	29.85402	0.7378493	1.50058	2.197291
2874	-526.8737	-557.2419	30.36821	0.5951991	1.929286	1.691367
2880	-518.2212	-549.7007	31.47955	0.3751719	1.888706	1.151086
2886	-520.3595	-551.6164	31.25688	0.3935286	1.536823	1.577876
2892	-521.1606	-552.4515	31.29095	0.3142485	1.697323	1.557035
2898	-526.8566	-557.3563	30.49973	0.3902863	1.236592	2.297631
2904	-528.3091	-557.1159	28.80685	0.5249758	1.212133	3.203649
2910	-526.6488	-556.0585	29.40969	0.3202461	1.093056	3.144497
2916	-526.509	-555.4246	28.91561	0.3783788	1.464336	3.144497
2922	-530.0398	-560.7288	30.689	0.4167035	1.920412	1.678908
2928	-527.1759	-556.2939	29.11805	0.5862576	1.722069	2.651407
2934	-527.0397	-556.9693	29.92963	0.4021064	1.517528	2.466139
2940	-526.9792	-558.3468	31.36753	0.211035	2.106679	1.388263
2946	-526.8107	-557.6143	30.80354	0.628127	1.877242	1.371186
2952	-528.6994	-556.1609	27.46144	0.2566505	0.5463554	4.665341
2958	-528.7487	-557.2388	28.49003	0.09995768	0.4411704	4.433785
2964	-523.0017	-550.9189	27.91723	0.2726353	0.7073743	4.295468
2970	-527.2363	-557.617	30.38072	0.2359461	0.912353	2.793599
2976	-530.4474	-560.9626	30.51515	0.1280075	1.121914	2.793599
2982	-526.2526	-556.5649	30.31237	0.1881334	1.266669	2.703341
2988	-518.4217	-548.9866	30.56491	0.3042548	1.205274	2.392221
2994	-525.0701	-556.8284	31.75832	0.2797497	1.79106	1.177083
3000	-518.8472	-550.5292	31.68199	0.2797497	1.730687	1.292018
3006	-518.9666	-550.7707	31.80414	0.3541357	1.730687	1.037353
3012	-524.1598	-555.6891	31.52939	0.4896957	1.730687	1.058043
3018	-523.9498	-554.102	30.15227	0.3389493	1.427173	2.463638
3024	-532.7232	-560.9593	28.23611	0.4196424	0.7676685	3.90045
3030	-524.2921	-556.3652	32.07318	0.178103	1.517157	1.375692
3036	-521.0776	-550.6445	29.56698	0.2763041	1.227625	3.031733
3042	-523.6762	-552.8797	29.2035	0.5357281	1.283439	2.91371
3048	-520.2805	-549.98	29.69955	0.2866426	1.297051	2.895141
3054	-522.3715	-552.994	30.62256	0.1296144	1.11713	2.727225
3060	-525.7372	-557.4711	31.73395	0.1758465	1.619821	1.560668
3066	-524.9442	-553.8123	28.86804	0.4284609	1.031918	3.371298
3072	-533.4547	-563.0191	29.56436	0.5231495	1.031918	2.859667
3078	-527.9415	-557.1174	29.17594	0.7370923	1.200207	2.809964
3084	-528.4084	-559.2411	30.83268	0.6310324	1.420446	1.686441
3090	-525.2878	-556.1488	30.86099	0.3350641	1.67661	1.843874
3096	-520.4469	-551.4786	31.03177	0.3029091	1.425875	1.947107
3102	-526.5389	-556.3779	29.83902	0.6440687	1.25176	2.444061
3108	-526.6223	-555.1326	28.51032	0.3078738	1.067737	3.702516
3114	-531.2845	-561.3844	30.09997	0.45503	1.140958	2.534158
3120	-527.5976	-558.0631	30.46552	0.4356232	1.755312	1.923819
3126	-532.564	-562.2104	29.64642	0.3945518	1.204028	2.842875
3132	-539.4593	-569.2161	29.75679	0.4013186	1.940669	2.308777
3138	-538.1198	-568.0971	29.97729	0.4618585	2.735924	1.544407
3144	-531.1462	-559.1122	27.96597	0.3006101	0.8729872	4.135783
3150	-529.4451	-559.1365	29.6914	0.2436283	0.8345188	3.24118
3156	-529.2373	-557.4783	28.24104	0.5004692	0.9804187	3.693455
3162	-524.8082	-554.5771	29.76897	0.1602106	0.9490256	3.274931
3168	-533.442	-561.9398	28.49777	0.6310633	0.8683352	3.494171
3174	-525.7242	-555.8058	30.08165	0.427413	1.165816	2.56107
3180	-528.0166	-557.9751	29.95851	0.8008587	0.7451751	2.56107
3186	-535.7236	-566.739	31.01538	0.3767564	1.527355	1.780287
3192	-535.7456	-566.7593	31.01379	0.2128413	0.9933	2.391055
3198	-527.0715	-557.8191	30.7476	0.3062033	1.216431	2.265931
3204	-522.0957	-551.9484	29.85265	0.1568613	0.5822261	3.44793
3210	-524.4207	-555.635	31.21426	0.0968901	0.8631304	2.600461
3216	-523.8679	-552.1023	28.23442	0.1323313	0.9259229	4.231421
3222	-543.6001	-572.7251	29.12498	0.6387623	2.480421	2.119093
3228	-541.1589	-571.5468	30.38785	0.768692	1.618561	1.733948
3234	-524.4494	-554.4878	30.03841	0.421862	1.194292	2.576612
3240	-525.3807	-553.4831	28.10232	0.3993172	0.9705861	3.882914
3246	-534.162	-563.4977	29.33567	0.4769594	1.15493	2.969557
3252	-527.3861	-556.9593	29.57321	0.6671986	1.184978	2.631534
3258	-523.4244	-554.8926	31.46819	0.2309813	1.184978	1.937302
3264	-528.5607	-560.111	31.55036	0.3959661	1.839251	1.094797
3270	-531.4034	-562.2916	30.88816	0.7459981	1.964602	1.094797
3276	-524.3941	-554.7634	30.36938	0.404895	1.226876	2.368779
3282	-524.9691	-556.3079	31.3388	0.506717	1.474079	1.411736
3288	-520.9909	-550.9018	29.91089	0.263124	1.546021	2.649659
3294	-523.997	-551.7096	27.71263	0.3977892	1.251564	3.946924
3300	-521.9202	-552.7001	30.77997	0.3633948	1.427918	2.025898
3306	-522.4487	-553.4032	30.95449	0.2529928	1.459981	2.057355
3312	-523.708	-555.4659	31.75783	0.3237099	1.878269	1.002277
3318	-524.2903	-555.3039	31.01363	0.3296333	1.851594	1.62182
3324	-524.1682	-554.8776	30.70943	0.5269287	1.699613	1.686135
3330	-519.6928	-550.7699	31.07718	0.4788973	1.785526	1.409133
3336	-520.2221	-551.257	31.03487	0.5920723	1.495251	1.525856
3342	-516.468	-548.252	31.78401	0.3111661	1.73218	1.14124
3348	-516.1324	-547.5815	31.44913	0.3111661	1.70416	1.438403
3354	-512.8905	-543.2417	30.35121	0.222386	1.044741	2.753654
3360	-512.144	-544.087	31.94294	0.2752473	1.615237	1.179021
3366	-513.8374	-545.6861	31.84869	0.3057923	1.895738	0.9320017
3372	-519.6367	-551.7047	32.068	0.2273088	1.895738	0.9083879
3378	-521.8994	-554.1109	32.2115	0.1814653	1.895738	0.8994214
3384	-518.7054	-548.3458	29.64046	0.2825393	1.285298	2.943847
3390	-517.5572	-549.084	31.52683	0.2681543	1.502715	1.606972
3396	-527.8463	-559.2648	31.41844	0.1519516	1.096378	2.189347
3402	-522.1875	-552.2442	30.05663	0.1883426	1.174006	2.914889
3408	-521.1693	-551.5965	30.42723	0.1737939	0.8494328	2.914889
3414	-519.8508	-550.4106	30.55973	0.4216201	1.003786	2.369542
3420	-517.048	-546.9706	29.92257	0.2523421	0.8137501	3.102706
3426	-520.7475	-550.4462	29.69879	0.2697439	0.8860114	3.166494
3432	-520.5283	-550.9391	30.41078	0.1347612	0.9887241	2.92223
3438	-520.3218	-549.6354	29.31357	0.3782695	0.9887241	3.190731
3444	-529.25	-559.4931	30.24308	0.3782695	1.659739	2.205915
3450	-532.1557	-559.9693	27.81366	0.4665476	1.542675	3.648625
3456	-528.6386	-559.0731	30.4345	0.6347525	1.529485	1.883724
3462	-539.469	-568.7781	29.30903	0.6785803	1.268045	2.733475
3468	-537.4794	-568.3724	30.89296	0.8201645	1.677741	1.262679
3474	-529.5176	-560.3782	30.86066	0.3330816	1.316484	2.088556
3480	-531.1393	-561.7336	30.59424	0.3330816	0.9753204	2.477795
3486	-534.3963	-565.4491	31.0528	0.1819624	0.9094899	2.477795
3492	-525.4258	-557.416	31.99019	0.1442036	1.199909	1.754736
3498	-528.973	-560.128	31.15501	0.2589612	0.9778361	2.230998
3504	-526.3859	-556.3348	29.9489	0.1831772	0.8371473	3.190391
3510	-526.5656	-555.3598	28.79414	0.1394441	0.8944381	3.915378
3516	-535.963	-564.2781	28.31511	0.1982227	0.8366089	4.111238
3522	-536.4894	-567.302	30.81259	0.6342564	1.898425	1.340428
3528	-533.9643	-564.8953	30.93099	0.3844727	2.021734	1.472803
3534	-532.1517	-560.992	28.84029	0.7852579	2.551976	2.135085
3540	-525.1967	-555.5184	30.32164	0.5814284	2.307172	1.463514
3546	-526.6144	-558.157	31.54262	0.33212	1.771887	1.273611
3552	-519.9817	-551.7327	31.75106	0.3299106	1.761317	1.106985
3558	-521.7595	-553.0743	31.31478	0.5639211	1.805068	1.078535
3564	-522.8612	-553.7073	30.84617	0.4945757	1.72577	1.60701
3570	-526.094	-556.5431	30.44906	0.5251389	1.897747	1.732135
3576	-524.2281	-554.7249	30.49689	0.2194658	1.573717	2.338792
3582	-525.9006	-555.012	29.11143	0.3179914	1.617659	3.01239
3588	-521.5402	-553.1626	31.62237	0.4222111	2.108499	0.5909908
3594	-524.3459	-554.6829	30.33707	0.5254573	1.696331	1.94707
3600	-537.0461	-567.8398	30.79364	0.6201618	1.627441	1.576396
3606	-531.6767	-561.7825	30.10572	0.6201618	2.998795	1.014121
3612	-534.2756	-563.9935	29.71787	0.542639	2.199324	2.006691
3618	-535.2198	-565.8245	30.60463	0.5510704	2.216635	1.349868
3624	-533.7335	-563.4402	29.70669	0.8161746	2.76104	1.349868
3630	-527.5244	-558.9946	31.47011	0.5800035	1.576861	1.123136
3636	-527.4955	-559.1923	31.69678	0.5800035	1.69317	0.7492283
3642	-521.6973	-553.1167	31.41945	0.5154687	1.865476	0.9923217
3648	-527.7431	-557.3485	29.60537	0.3331767	1.309466	2.88032
3654	-524.6245	-555.7653	31.14077	0.375697	1.908727	1.412132
3660	-526.4332	-557.1686	30.73536	0.143686	1.384144	2.459848
3666	-521.7123	-552.0627	30.35048	0.2826038	0.9438554	2.719922
3672	-523.9307	-554.2592	30.32852	0.3796772	1.250947	2.410534
3678	-524.523	-552.7677	28.24471	0.3796772	1.107966	3.744097
3684	-525.1884	-556.0363	30.84789	0.579848	1.355023	1.773773
3690	-523.9051	-554.9489	31.04383	0.2736614	1.3237	2.053803
3696	-528.9914	-557.7593	28.76797	0.3492932	1.375029	3.320002
3702	-524.501	-553.6471	29.14613	0.4283829	1.022007	3.213277
3708	-529.9823	-560.5509	30.56869	0.2121966	1.333663	2.458204
3714	-526.1521	-558.2236	32.0715	0.2829144	1.839459	0.7983028
3720	-528.081	-559.421	31.34003	0.4696124	1.839459	1.162512
3726	-527.882	-558.6004	30.71849	0.5787758	1.861822	1.503074
3732	-530.7464	-561.9761	31.22973	0.3862553	1.315461	1.765416
3738	-528.742	-559.0216	30.27962	0.3699147	1.542171	2.268933
3744	-527.8912	-558.6632	30.77194	0.4671208	1.508144	1.84543
3750	-530.6217	-560.5666	29.94494	0.5591791	2.014596	1.96131
3756	-531.3714	-561.5531	30.18161	1.003073	1.403436	1.847642
3762	-534.1847	-563.4037	29.21906	0.7942913	1.500082	2.556288
3768	-547.5407	-576.335	28.79436	0.4647614	1.202927	3.275806
3774	-531.6471	-562.0484	30.40128	0.7796894	1.547484	1.764998
3780	-535.6023	-564.7897	29.18743	0.8329461	1.47589	2.562972
3786	-530.5113	-560.6135	30.10213	1.095706	1.618365	1.690906
3792	-529.7581	-560.4213	30.66324	0.7165472	2.190863	1.127337
3798	-528.1424	-559.0915	30.9491	0.7165472	1.581407	1.396012
3804	-528.2886	-556.6582	28.36959	0.766787	1.343795	3.185766
3810	-535.4353	-564.2389	28.80363	0.8567172	0.8046818	3.185766
3816	-533.8194	-564.1751	30.35572	0.7385517	1.606893	1.790472
3822	-539.7204	-566.3009	26.58048	0.1940284	1.000682	5.000787
3828	-534.6824	-562.086	27.40358	0.1158745	0.4485475	5.000787
3834	-530.1606	-558.9953	28.83474	0.046106	0.5179557	4.338944
3840	-529.4966	-557.4932	27.99656	0.05938594	0.3536965	4.864077
3846	-529.6812	-557.4643	27.7831	0.05162811	0.442383	4.955091
3852	-535.3691	-563.4598	28.09075	0.09602255	0.3253936	4.732315
3858	-530.2571	-557.3125	27.05537	0.09101385	0.2637721	5.353387
3864	-524.5735	-551.5572	26.98374	0.03653569	0.5971015	5.353387
3870	-529.4027	-557.081	27.67832	0.06825207	0.5734144	4.894813
3876	-531.2352	-560.1241	28.8889	0.3169063	1.000306	3.509992
3882	-531.461	-560.0671	28.60611	0.6105422	0.7496577	3.517181
3888	-532.8745	-561.8527	28.97817	0.3359967	0.8565767	3.517181
3894	-534.1127	-565.2209	31.10821	0.4449609	1.34671	1.751393
3900	-535.2712	-565.64	30.36887	0.3896952	1.448843	2.246198
3906	-536.0217	-566.8297	30.80803	0.4689147	1.765653	1.637222
3912	-529.0089	-556.6646	27.6557	0.555676	1.130745	3.893369
3918	-530.3707	-561.6409	31.27021	0.517463	1.641188	1.320233
3924	-526.2446	-555.3864	29.14177	0.517463	1.138952	3.055063
3930	-542.4653	-572.6937	30.22838	0.3192897	3.726031	0.5184499
3936	-536.8502	-567.9084	31.05828	0.3192897	2.760791	0.2824499
3942	-525.6524	-555.8388	30.18633	0.5053126	1.097043	2.454112
3948	-527.4975	-555.9394	28.44182	0.3887511	1.312354	3.500763
3954	-527.6063	-556.7967	29.19039	0.3125131	1.056768	3.306048
3960	-536.7535	-566.2421	29.48858	0.5582857	1.108235	2.825969
3966	-530.1513	-558.4674	28.31616	0.2146953	0.8807768	4.057941
3972	-525.9399	-555.5917	29.65186	0.3828112	1.034241	2.956113
3978	-528.3807	-558.0838	29.70312	0.362314	1.034241	2.950203
3984	-522.8468	-551.9224	29.07559	0.5364137	1.315326	2.9709
3990	-523.5379	-553.3155	29.77757	0.4212568	3.174065	0.1017239
3996	-527.4644	-557.0934	29.62904	0.3425305	3.32026	0.08368202
4002	-526.6022	-556.0407	29.43853	0.4396335	3.32026	0.08368202
4008	-533.2151	-563.3045	30.08939	0.3076463	3.109244	0.1033985
4014	-533.5497	-562.9375	29.38782	0.3625505	1.305932	2.976141
4020	-532.1771	-560.7502	28.57313	0.3603746	1.250826	3.493412
4026	-527.7129	-558.9535	31.24057	0.3837761	1.420042	1.687622
4032	-521.861	-553.2973	31.43639	0.2170088	2.530868	0.226393
4038	-520.4238	-551.9355	31.51167	0.1707899	2.596111	0.2262558
4044	-520.9197	-552.1162	31.19656	0.2965857	2.596111	0.2397846
4050	-517.3241	-548.4326	31.10852	0.3006553	2.674642	0.2397846
4056	-528.132	-558.7232	30.59117	0.6203218	2.70416	0.2863976
4062	-525.3223	-556.0084	30.68613	0.3555374	2.78901	0.1745092
4068	-525.4228	-556.1713	30.7485	0.2316375	2.866805	0.1393676
4074	-521.0241	-551.6446	30.6205	0.2656765	2.866805	0.1321614
4080	-523.6149	-554.1652	30.55033	0.2729506	2.866805	0.1232462
4086	-532.0389	-563.5201	31.48126	0.1418757	2.578743	0.1769998
4092	-523.8693	-554.8193	30.94998	0.2444137	2.794676	0.1769998
4098	-537.9236	-568.6473	30.72369	0.3968691	2.677584	0.1769998
4104	-524.4315	-555.0304	30.59896	0.4648684	2.677584	0.1769998
4110	-520.9381	-551.8714	30.93331	0.3109216	2.677584	0.1853483
4116	-524.3063	-555.1057	30.79939	0.3540108	2.677584	0.1741468
4122	-521.5915	-552.9816	31.3901	0.1886612	2.677584	0.2333497
4128	-522.1694	-553.2171	31.04766	0.3231914	2.677584	0.2367377
4134	-519.5013	-550.9607	31.45937	0.235578	2.4803	0.2367377
4140	-521.3901	-552.7652	31.37511	0.3268315	2.512342	0.3569977
4146	-522.8991	-554.6368	31.73764	0.2035715	2.46286	0.3569977
4152	-516.2117	-547.3995	31.18777	0.4489269	2.418794	0.3163217
4158	-522.6931	-553.8417	31.1486	0.5348629	2.30223	0.3065596
4164	-524.6733	-556.4055	31.73222	0.2330114	2.30223	0.2842013
4170	-520.747	-552.3394	31.59244	0.3469451	2.301644	0.5199438
4176	-528.93	-560.9869	32.05695	0.3065547	1.493467	1.120015
4182	-527.1936	-557.4799	30.28629	0.5254637	1.559592	2.071896
4188	-526.5121	-556.5677	30.05562	0.5254637	1.820349	2.052037
4194	-530.6793	-562.2291	31.5498	0.3370904	1.326155	1.602279
4200	-535.301	-565.2133	29.91238	0.4343287	1.28379	2.585037
4206	-529.7867	-559.5922	29.80553	0.4862945	1.259232	2.61003
4212	-533.3032	-564.2363	30.9331	0.5733615	1.508052	1.611547
4218	-535.4887	-565.538	30.04926	0.9723767	1.508052	1.887735
4224	-526.3332	-556.3421	30.00889	0.4155495	1.641412	2.321603
4230	-541.5056	-573.401	31.89541	0.2782298	1.716975	1.124653
4236	-528.3608	-558.4679	30.10713	0.2291696	1.080865	2.868651
4242	-537.3146	-563.794	26.47936	0.4726591	0.7276215	4.861521
4248	-537.5645	-563.2302	25.66561	0.3248236	0.3254147	5.691971
4254	-533.7553	-561.2294	27.47413	0.2988035	0.2652058	4.757749
4260	-533.8241	-561.0428	27.21876	0.3864675	0.7381981	4.530554
4266	-527.5742	-556.4758	28.90158	0.22894	0.4665113	3.937239
4272	-528.292	-557.0654	28.77338	0.1995196	0.6791972	3.937239
4278	-530.2842	-561.9452	31.66104	0.06676709	0.9793739	2.333701
4284	-525.3565	-554.8091	29.45259	0.08763458	0.8812742	3.66392
4290	-531.0323	-560.2631	29.23081	0.2757493	0.4901812	3.66392
4296	-532.3899	-561.5452	29.15537	0.2006198	0.8025665	3.644253
4302	-535.4977	-564.8417	29.34398	0.1023334	0.9601475	3.644253
4308	-525.5465	-556.4261	30.87965	0.07521716	1.374515	2.551231
4314	-521.5446	-553.9227	32.37811	0.03267295	1.167532	1.848056
4320	-522.6011	-552.0111	29.41001	0.1622371	1.121052	3.380906
4326	-518.3282	-548.3727	30.04444	0.04756041	0.9675608	3.380906
4332	-522.0808	-554.4732	32.39239	0.06624549	1.707691	1.320352
4338	-527.5269	-560.2996	32.77268	0.06540437	1.610629	1.08059
4344	-536.514	-567.6583	31.14434	0.3219323	1.70263	1.647222
4350	-529.0174	-559.5754	30.55796	0.8320844	2.4935	0.7646373
4356	-528.2388	-558.7935	30.55466	0.7094548	2.165146	1.251135
4362	-536.4241	-567.0786	30.65456	0.582699	1.337529	1.915501
4368	-530.5623	-560.8177	30.2554	0.2936766	1.337529	2.519021
4374	-533.835	-563.8628	30.02787	0.1065805	1.094737	3.153909
4380	-531.5431	-560.3558	28.81273	0.1875665	1.199173	3.63598
4386	-521.4961	-552.9934	31.49733	0.2275616	1.463396	1.732317
4392	-526.8266	-556.9253	30.09872	0.3189763	1.463396	2.501936
4398	-528.6901	-558.2292	29.53913	0.3189763	1.563464	2.785353
4404	-525.7744	-556.1417	30.36731	0.5257342	1.210502	2.246072
4410	-526.8906	-557.3803	30.48973	0.3649268	1.183313	2.370235
4416	-524.8801	-554.7792	29.89905	0.3728224	1.469629	2.551162
4422	-527.0896	-558.3658	31.27624	0.4082221	1.763982	1.369749
4428	-532.0041	-562.9609	30.95684	0.2872835	1.466535	1.994722
4434	-536.5089	-567.6025	31.09366	0.4345001	1.466535	1.690522
4440	-539.8156	-569.1455	29.32989	0.565436	2.036631	2.341681
4446	-535.4803	-563.704	28.22372	0.4402877	1.450841	3.490608
4452	-529.974	-560.7396	30.76561	0.3998474	1.722106	1.786965
4458	-538.8582	-569.5696	30.71142	0.6725317	2.068958	1.241054
4464	-532.0289	-563.0488	31.01987	0.6097546	2.040089	1.07122
4470	-534.7977	-564.9601	30.16242	0.9973831	2.12454	1.338263
4476	-525.8579	-556.7094	30.85155	0.6177237	1.668642	1.505601
4482	-525.3869	-554.849	29.46203	0.8804752	1.721418	2.199848
4488	-527.0738	-554.1142	27.04043	0.85013	0.9596701	4.122454
4494	-528.366	-555.2956	26.92955	0.9102386	1.004429	4.122454
4500	-526.7887	-554.7024	27.91369	0.6789989	1.16516	3.623197
4506	-522.2193	-550.792	28.57267	0.5201266	0.9919633	3.475421
4512	-527.216	-558.7625	31.5465	0.4819195	1.986936	0.7672221
4518	-535.0716	-565.9087	30.83717	0.6266482	2.472964	0.7672221
4524	-535.5031	-564.1624	28.6593	0.7693887	2.175152	2.503062
4530	-527.6661	-557.8546	30.18855	0.7693887	2.629024	1.100733
4536	-532.2953	-563.167	30.87179	0.5875631	2.557007	0.3660038
4542	-527.6583	-559.0429	31.38457	0.3161763	2.566827	0.5766454
4548	-530.3601	-561.1624	30.8023	0.6466951	2.324469	0.9537489
4554	-525.0815	-556.5464	31.4649	0.3178464	2.459493	0.3808294
4560	-526.0612	-557.281	31.21977	0.5668701	2.283791	0.4919797
4566	-527.202	-558.6954	31.49344	0.2788293	2.476364	0.3259142
4572	-530.0544	-561.8581	31.80374	0.2105701	2.243782	0.866752
4578	-523.7994	-555.7667	31.96736	0.2060991	2.243782	0.382643
4584	-524.0142	-555.5781	31.56387	0.3332563	2.073728	0.9795967
4590	-532.649	-564.3747	31.72566	0.2266946	1.850083	1.271299
4596	-534.2104	-565.5119	31.30155	0.5660277	1.576044	1.286052
4602	-532.8444	-563.1956	30.35123	0.3399171	1.932348	2.008371
4608	-534.0507	-564.4162	30.36548	0.4887865	2.243555	1.587058
4614	-534.8522	-565.4589	30.60669	0.7704614	1.838738	1.409936
4620	-530.7453	-561.4833	30.73805	0.4319372	2.214563	1.403678
4626	-533.121	-564.4419	31.32087	0.3294151	2.062087	1.22143
4632	-530.93	-561.3399	30.40983	0.3999536	1.634843	2.085669
4638	-538.2134	-568.0048	29.79135	0.5560604	1.455443	2.42648
4644	-528.1706	-557.8408	29.67025	0.6347772	1.67127	2.293314
4650	-534.1593	-564.1254	29.96606	0.9963267	1.935118	1.630409
4656	-530.5966	-559.7393	29.14268	0.8077832	1.622607	2.517649
4662	-529.9115	-560.3394	30.42793	0.4685275	2.73676	1.177071
4668	-530.6381	-559.4448	28.80666	0.7867918	2.540764	2.163106
4674	-523.7413	-554.4745	30.73318	0.7132229	2.540764	0.3943153
4680	-534.5101	-564.9913	30.48119	0.6365189	2.916784	0.4535695
4686	-534.2695	-565.3366	31.06711	0.850161	1.760944	1.000467
4692	-538.6005	-568.6626	30.06216	0.9762826	2.565041	1.064239
4698	-529.1	-558.5167	29.41668	0.6895392	2.596719	1.798848
4704	-530.4853	-561.3813	30.89599	0.788569	1.771358	1.212761
4710	-526.3231	-557.2947	30.97156	0.7974857	2.184408	0.371201
4716	-530.8714	-562.3471	31.47572	0.5527581	1.899178	0.8264202
4722	-522.4509	-552.8176	30.36667	0.3070658	1.134588	2.55669
4728	-526.8272	-557.3321	30.50497	0.3291046	0.9212605	2.572576
4734	-517.5028	-548.6841	31.18129	0.3316415	1.34675	1.855527
4740	-517.4202	-549.5404	32.1202	0.1906097	1.541376	1.287273
4746	-521.7694	-553.5457	31.77628	0.2461667	1.572135	1.410621
4752	-522.5991	-554.7912	32.19209	0.1836126	1.284721	1.450054
4758	-525.5687	-557.8409	32.27225	0.1049133	1.685989	1.294161
4764	-523.3176	-553.254	29.93637	0.3895645	1.424487	2.535289
4770	-519.1128	-549.299	30.18619	0.3446749	1.206698	2.572388
4776	-522.7555	-552.2185	29.46294	0.5470115	1.141879	2.831666
4782	-533.368	-564.9439	31.57591	0.4045999	1.526561	1.325761
4788	-524.723	-554.2631	29.54007	0.6327653	1.569643	2.442044
4794	-530.2873	-560.3108	30.02344	0.405168	0.9790536	2.737787
4800	-528.1842	-558.9737	30.78951	0.3858543	1.450266	1.974477
4806	-530.6304	-561.0105	30.38014	0.3606644	1.253926	2.40044
4812	-525.6685	-556.3481	30.67963	0.8755803	1.60018	1.443816
4818	-532.0285	-563.09	31.06142	0.3764003	1.576868	1.713857
4824	-524.643	-555.4497	30.8067	0.4226699	1.469955	1.902137
4830	-521.0052	-552.9903	31.98516	0.4002761	1.704976	0.7537109
4836	-524.0791	-555.9416	31.86249	0.3645587	1.992836	0.538437
4842	-522.3596	-554.8323	32.47269	0.1332731	1.999491	0.5808367
4848	-525.3838	-557.0631	31.6793	0.2991894	1.831685	1.170157
4854	-525.9172	-558.1764	32.25917	0.2184918	1.914714	0.642585
4860	-529.1224	-561.1994	32.07705	0.3479514	1.757416	0.6906169
4866	-523.7069	-555.4046	31.69767	0.3696079	2.118101	0.637504
4872	-523.2572	-555.0734	31.81618	0.3259944	2.118101	0.4476528
4878	-532.3502	-563.3967	31.0465	0.6008846	2.402661	0.4560791
4884	-530.4411	-561.5687	31.1276	0.5307098	2.402661	0.3882561
4890	-548.7014	-580.3003	31.59887	0.4022501	2.181154	0.4602606
4896	-535.8684	-565.8351	29.96668	0.4869842	0.9870672	2.677765
4902	-535.4027	-563.934	28.53124	0.4869842	1.460296	3.256746
4908	-539.1579	-569.3705	30.21257	0.4376237	1.340606	2.357464
4914	-532.3527	-560.722	28.36931	0.4256923	1.398398	3.451765
4920	-528.6797	-558.3739	29.69419	0.6775489	1.667305	2.243092
4926	-527.5975	-555.8386	28.24103	0.6775489	1.235034	3.392691
4932	-531.1624	-559.6111	28.44873	0.6775489	1.759563	2.958028
4938	-530.1373	-559.9559	29.81864	0.4692802	1.068325	2.737243
4944	-525.4786	-554.7194	29.24083	0.6274914	1.400003	2.737243
4950	-529.3678	-558.2473	28.87944	0.6169628	1.079206	3.157152
4956	-534.2202	-563.1982	28.97806	0.6169628	0.9805905	3.157152
4962	-531.8815	-559.4177	27.53626	0.6154001	0.8093134	4.094833
4968	-532.7987	-561.1858	28.38714	0.851409	0.8464347	3.410149
4974	-532.2566	-562.0135	29.75693	0.5116197	1.065083	2.733556
4980	-527.7981	-557.4657	29.66763	0.5598457	1.547978	2.442457
4986	-534.4772	-565.2396	30.76245	0.2982196	1.998661	1.746448
4992	-529.5667	-559.3982	29.83149	0.6172478	1.448693	2.348166
4998	-529.4887	-560.6293	31.14057	0.4588256	1.595543	1.531378
5004	-531.253	-561.4799	30.22686	0.384642	1.149304	2.531795
5010	-529.7397	-559.3072	29.56751	0.683515	1.329728	2.531795
5016	-536.5726	-567.0765	30.50384	0.683515	0.8263146	2.258147
5022	-533.1373	-562.107	28.96966	0.7037058	2.334045	2.258147
5028	-529.5668	-560.3425	30.77577	0.7377233	2.009151	1.164918
5034	-540.4163	-569.1605	28.74416	0.4608079	1.040803	3.404714
5040	-525.5472	-555.2303	29.68311	0.3890214	1.360068	2.732031
5046	-527.5964	-557.2482	29.65178	0.3394945	1.493112	2.732031
5052	-522.5569	-554.084	31.52707	0.2762854	1.576746	1.537744
5058	-522.7026	-554.558	31.85541	0.3597609	1.641938	1.061977
5064	-531.4724	-563.0905	31.61808	0.3597609	1.506845	1.378683
5070	-536.1962	-567.1508	30.95452	0.559958	1.893931	1.317204
5076	-538.6027	-569.3471	30.74439	0.4804369	1.330932	1.968718
5082	-529.7131	-558.0285	28.31535	0.4611137	0.8896123	3.741627
5088	-530.4894	-558.6685	28.17906	0.6359238	0.753755	3.741627
5094	-523.7254	-552.579	28.85363	0.3388379	0.5879615	3.741627
5100	-518.5296	-548.7831	30.25354	0.3388379	1.130608	2.585553
5106	-526.73	-558.7721	32.0421	0.2266256	1.290613	1.463209
5112	-521.3261	-552.2753	30.94927	0.6285841	1.643322	1.439146
5118	-529.2216	-558.2244	29.00275	0.2531742	1.183252	3.426403
5124	-526.8074	-558.104	31.29661	0.4208473	1.356704	1.641958
5130	-528.4282	-559.0269	30.5987	0.5341156	2.433916	1.197574
5136	-528.7506	-559.537	30.78641	0.5341156	1.859071	1.505584
5142	-525.6472	-555.6063	29.9591	0.4348898	1.288198	2.552662
5148	-525.33	-555.4195	30.08946	0.4417974	1.206939	2.51428
5154	-535.6802	-565.8389	30.15869	0.6233053	1.72869	1.946451
5160	-536.9483	-562.5628	25.6145	0.5138259	0.5979367	5.374589
5166	-539.4249	-564.8876	25.46264	0.8056407	0.8437338	5.101464
5172	-525.7456	-557.0403	31.29466	0.4852854	1.655604	1.331665
5178	-527.0808	-557.544	30.46314	0.5740889	1.410071	2.00393
5184	-523.8393	-554.2316	30.39229	0.4812481	1.115454	2.337718
5190	-529.9236	-560.579	30.65548	0.7185407	1.50054	1.67226
5196	-527.5158	-557.5531	30.0373	0.738243	1.633906	1.988925
5202	-526.5412	-554.9313	28.39003	0.649469	1.22635	3.332589
5208	-525.9422	-555.5686	29.62639	0.442405	1.153295	2.831502
5214	-525.6889	-553.6061	27.91723	0.3968245	0.826521	4.073909
5220	-530.8645	-559.7281	28.86353	0.4148183	1.182606	3.300243
5226	-534.3201	-563.9626	29.64246	0.2572381	1.00075	3.150593
5232	-544.088	-575.7828	31.69477	0.2638632	1.201748	1.709929
5238	-535.1422	-566.7373	31.59514	0.3388278	2.169249	0.823196
5244	-526.9778	-558.7304	31.75259	0.1128975	1.820127	1.565873
5250	-526.6322	-558.3504	31.71822	0.06237784	1.612477	1.895198
5256	-523.9326	-554.7106	30.77803	0.0444107	1.185124	2.823047
5262	-534.378	-562.1996	27.82152	0.3452121	1.617896	3.73501
5268	-522.344	-554.0064	31.66237	0.5490104	1.767899	0.7592271
5274	-520.1825	-551.1211	30.93855	0.6761517	1.586598	1.440905
5280	-538.5682	-568.1837	29.6155	0.2374906	1.263017	3.041266
5286	-535.5174	-565.1844	29.66706	0.3168576	0.8910055	3.116099
5292	-526.251	-555.1676	28.9166	0.3613607	1.593294	3.087697
5298	-529.9051	-560.8738	30.96869	0.6637064	1.690513	1.349444
5304	-530.5425	-560.9787	30.43617	0.7632563	2.095158	1.349444
5310	-532.9625	-560.9981	28.03562	0.4420675	0.6859974	4.038356
5316	-526.044	-556.0077	29.96369	0.6234383	1.241742	2.389965
5322	-523.9672	-552.6164	28.64915	0.5375708	0.8220825	3.513738
5328	-528.7171	-557.7707	29.05357	0.1802381	1.191603	3.513738
5334	-525.5074	-554.5179	29.01043	0.1802381	0.7575505	3.790204
5340	-521.016	-550.7257	29.7097	0.09598043	0.9345028	3.462105
5346	-523.9861	-553.8379	29.8518	0.1088559	0.750633	3.454896
5352	-535.7238	-562.187	26.46327	0.3178664	0.7812975	5.009044
5358	-527.0711	-555.6462	28.57511	0.1121066	0.3992826	4.381051
5364	-528.6847	-556.9898	28.30508	0.1853059	0.410126	4.381051
5370	-528.5428	-557.3386	28.79587	0.1594745	0.5447785	4.074018
5376	-532.5003	-561.2758	28.77542	0.1965026	0.4468206	4.074018
5382	-532.0629	-561.1419	29.07902	0.3218493	0.8133983	3.501667
5388	-537.4815	-565.1654	27.68395	0.6559044	0.9573089	3.893527
5394	-533.9466	-564.1777	30.23114	0.3915393	1.284997	2.435668
5400	-528.7806	-558.4905	29.70982	0.2390968	1.200582	3.019584
5406	-530.4655	-558.1211	27.65563	0.3659166	0.666797	4.347879
5412	-532.1517	-561.8896	29.73789	0.4674514	2.047465	2.174567
5418	-524.5767	-556.119	31.54229	0.2082272	1.653434	1.603723
5424	-527.3254	-558.9243	31.59888	0.2389393	1.818525	1.371793
5430	-523.6457	-554.9393	31.2936	0.2186096	1.47353	1.883488
5436	-526.366	-557.4581	31.0921	0.2969156	1.47353	1.883488
5442	-523.7825	-555.6416	31.85911	0.2363072	1.47353	1.443043
5448	-527.375	-558.492	31.11707	0.5025254	1.545059	1.531154
5454	-528.1531	-559.9896	31.83651	0.249889	1.566222	1.360473
5460	-525.263	-557.7233	32.46026	0.1126568	2.083709	0.606409
5466	-522.5831	-555.2593	32.67616	0.06704792	2.083709	0.5567255
5472	-528.0176	-559.6998	31.68217	0.4576907	1.999359	0.4968127
5478	-539.4309	-570.2896	30.85874	0.2230127	2.174219	1.69024
5484	-536.1356	-566.1113	29.97571	0.6538546	1.656055	2.088158
5490	-526.868	-557.6286	30.76063	0.4878593	1.473807	1.852452
5496	-531.7176	-561.4348	29.71719	0.7132936	1.680987	2.189231
5502	-526.29	-556.9456	30.65561	0.4453889	1.146006	2.189231
5508	-526.882	-558.2108	31.32878	0.3011832	1.395014	1.767702
5514	-530.1046	-560.5336	30.42906	0.6712949	1.653401	1.767702
5520	-523.8967	-553.5104	29.61378	0.4826636	1.744659	2.430661
5526	-521.2789	-552.8624	31.58346	0.6073097	1.785418	0.7195669
5532	-517.7896	-549.3688	31.57925	0.4339755	1.597732	1.219167
5538	-520.9491	-551.2479	30.29881	0.6606929	1.315106	2.093764
5544	-523.1547	-554.1101	30.95542	0.452136	1.606917	1.666424
5550	-521.2033	-550.5437	29.34041	0.6146226	1.18178	2.820708
5556	-530.0735	-560.0689	29.99534	0.789946	2.541876	1.318991
5562	-526.3519	-556.7604	30.40848	0.7504833	2.734237	0.3003456
5568	-529.7325	-560.6838	30.95125	0.6335846	1.829067	1.285216
5574	-527.6508	-559.4103	31.75953	0.2533385	1.749381	1.267503
5580	-526.76	-558.62	31.86	0.2270606	1.77498	1.220985
5586	-523.1542	-555.43	32.27577	0.188006	1.77498	0.9389257
5592	-531.877	-562.4567	30.57975	0.4638298	2.597213	1.173487
5598	-525.3896	-555.8892	30.49957	0.4638298	1.741349	1.876118
5604	-523.5071	-555.0046	31.4975	0.5889573	1.495431	1.15943
5610	-521.948	-552.0966	30.14869	0.5889573	0.9674143	2.477503
5616	-522.1542	-552.1825	30.02828	0.2716538	1.223595	2.762304
5622	-520.6782	-550.7308	30.05256	0.2716538	1.339804	2.676234
5628	-516.3349	-547.5159	31.18103	0.2716538	1.507586	1.841077
5634	-526.6989	-558.0471	31.34824	0.3782235	1.507586	1.554446
5640	-526.52	-556.113	29.59295	0.2421619	1.846867	2.693666
5646	-525.4423	-556.789	31.34672	0.3654376	1.169224	1.814738
5652	-533.1479	-563.2551	30.10724	0.2045451	1.151424	2.868366
5658	-524.3075	-555.0749	30.76734	0.5008949	1.528683	1.795057
5664	-529.3204	-560.0735	30.75312	0.4274395	1.670935	1.795057
5670	-526.0476	-556.7294	30.68184	0.760891	2.138628	1.107555
5676	-523.4072	-555.0599	31.65268	0.2065883	2.514064	0.329768
5682	-522.2509	-553.4619	31.21096	0.4327198	2.514064	0.4751465
5688	-525.6931	-556.7358	31.04261	0.5201811	2.455001	0.3267514
5694	-529.3611	-560.2375	30.87633	0.7569812	2.36649	0.5342801
5700	-526.492	-557.7316	31.2396	0.6561907	2.133608	0.5342801
5706	-534.7481	-565.358	30.60992	0.6242837	1.992303	1.436411
5712	-531.8433	-562.3745	30.53119	0.7864106	1.291403	1.846673
5718	-526.4642	-558.5779	32.11368	0.2087169	1.56175	1.230846
5724	-523.6961	-552.6665	28.97036	0.3358356	1.286637	3.269763
5730	-536.1393	-564.1546	28.01531	0.3418747	1.014081	3.974678
5736	-531.1879	-561.7827	30.5948	0.7185591	1.623802	1.627344
5742	-531.4492	-562.84	31.39081	0.3185924	1.44906	1.657665
5748	-532.1741	-559.6323	27.45817	0.6540826	0.7502323	4.142151
5754	-532.9838	-562.2633	29.27951	0.4768069	0.8016704	3.21394
5760	-543.1009	-571.3291	28.22817	0.4452833	0.7679434	3.877956
5766	-534.6479	-563.5413	28.89334	0.6538043	0.8732395	3.240505
5772	-534.7402	-562.3335	27.59331	0.7188772	0.7530924	4.014756
5778	-536.8766	-565.3277	28.45106	0.3003173	0.6009305	4.014756
5784	-531.904	-561.2868	29.38278	0.2336028	1.090096	3.28842
5790	-538.5021	-566.8886	28.38647	0.3920473	1.546013	3.392703
5796	-529.948	-561.1489	31.20097	0.3940057	1.446122	1.682949
5802	-529.41	-560.4986	31.08856	0.3199287	1.416487	1.888863
5808	-529.8212	-561.0865	31.26529	0.3566069	1.416487	1.711716
5814	-526.938	-555.4701	28.53204	0.2437851	0.7989535	3.935484
5820	-528.5222	-556.3583	27.83613	0.2881283	1.175965	4.053939
5826	-535.3803	-563.1383	27.75804	0.3666755	1.080722	4.053939
5832	-540.3102	-568.3164	28.00628	0.1509628	0.7035297	4.448003
5838	-541.8668	-569.7015	27.8347	0.4832734	0.09231001	4.448003
5844	-538.9387	-566.5183	27.57968	0.535942	0.2613549	4.448003
5850	-535.7483	-563.7821	28.03383	0.1745631	0.3288925	4.598577
5856	-536.2938	-563.1402	26.84635	0.5507697	0.3758675	4.782055
5862	-534.6391	-563.7053	29.06617	0.1385188	0.687592	3.879926
5868	-538.4123	-567.2229	28.81065	0.1608675	0.7659248	3.936535
5874	-542.8833	-569.9861	27.10276	0.1302962	0.02479575	5.370856
5880	-540.1183	-566.0747	25.9564	0.5682612	0.1776074	5.370856
5886	-537.6663	-563.2564	25.59012	0.365504	0.07951355	5.820552
5892	-534.4172	-562.2262	27.80902	0.1388997	0.114211	4.912478
5898	-535.3184	-561.7778	26.45942	0.1980814	0.100239	5.55826
5904	-536.568	-565.5854	29.01742	0.0930841	0.0776547	4.358024
5910	-532.9365	-564.5934	31.65697	0.1752783	1.541933	1.674098
5916	-539.3311	-570.5492	31.21807	0.3235146	1.587815	1.674098
5922	-535.4936	-564.9853	29.49166	0.4048762	1.446211	2.777592
5928	-535.3571	-565.6912	30.33411	0.4689296	2.091836	1.742132
5934	-528.9621	-559.2735	30.3114	0.4772524	1.805156	1.944668
5940	-526.8584	-556.7809	29.92251	0.395429	2.266137	1.996117
5946	-524.1656	-555.7485	31.58295	0.4934083	1.82389	0.9014964
5952	-517.4489	-549.542	32.09311	0.3150927	1.635225	0.9264854
5958	-519.7746	-550.7679	30.99326	0.2505947	1.236607	2.182248
5964	-524.1217	-554.9434	30.8217	0.2551646	1.396304	2.182248
5970	-535.953	-564.6402	28.68716	0.4840471	1.307278	3.257958
5976	-531.1319	-561.2182	30.0863	0.7271421	2.003283	1.711657
5982	-535.7902	-566.7134	30.92322	0.4146988	2.003283	1.448401
5988	-543.205	-572.5673	29.36224	0.4146988	1.839055	2.604375
5994	-532.9736	-563.3862	30.41266	0.7029183	2.722996	0.8599912
6000	-525.2419	-556.3562	31.1143	0.4449371	2.178014	1.100308
6006	-534.597	-565.8313	31.23428	0.4299683	2.234338	0.9548118
6012	-538.3681	-568.1263	29.75813	0.5987599	2.791935	1.503673
6018	-529.3626	-558.7221	29.35946	0.5987599	1.549143	2.597777
6024	-532.0282	-559.7963	27.76811	0.6786085	1.530136	3.495876
6030	-523.9487	-553.9741	30.02539	0.6439059	1.297874	2.296878
6036	-525.9176	-557.2611	31.34347	0.5516818	2.092868	0.7440011
6042	-526.0272	-558.118	32.09082	0.2245553	2.09354	0.5603713
6048	-520.0771	-551.2604	31.18325	0.7160088	2.106456	0.5603713
6054	-534.4805	-565.5746	31.09417	0.6107604	2.338084	0.5603713
6060	-528.2948	-559.4285	31.13372	0.3247936	2.654758	0.2710811
6066	-522.4472	-553.0911	30.64391	0.538664	2.654758	0.2250069
6072	-525.9237	-557.0739	31.1502	0.1775424	2.753705	0.1677828
6078	-517.7344	-548.663	30.9286	0.2684759	2.753705	0.1768846
6084	-518.3139	-548.6802	30.36629	0.561524	2.738999	0.17321
6090	-527.8366	-558.3631	30.52653	0.615225	2.738999	0.2637594
6096	-533.1549	-563.7478	30.59284	0.6257485	2.738999	0.3203972
6102	-534.4453	-565.3827	30.93736	0.4729145	2.714514	0.4609936
6108	-530.7223	-562.0008	31.2785	0.4217107	2.406693	0.6962404
6114	-525.7594	-554.809	29.04963	0.4217107	1.397225	3.054798
6120	-531.2578	-561.5446	30.28672	0.7688366	1.703501	1.745184
6126	-527.3826	-555.5526	28.16997	0.5039264	1.018298	3.709347
6132	-534.7556	-564.2399	29.4843	0.3000567	0.8074636	3.29664
6138	-530.5326	-560.5934	30.06085	0.1568498	1.109832	3.012554
6144	-529.5819	-560.3357	30.75378	0.3511873	1.135753	2.250287
6150	-523.2301	-555.8533	32.62319	0.05560366	1.492089	1.350135
6156	-524.633	-556.4464	31.81343	0.2508902	1.324027	1.560342
6162	-532.9861	-563.3595	30.37342	0.7206618	1.60428	1.795668
6168	-530.3747	-561.4304	31.05572	0.3636174	1.751229	1.61181
6174	-531.0728	-562.3134	31.24051	0.2521491	1.392076	1.913028
6180	-532.2845	-562.9997	30.71524	0.5062165	1.66289	1.731642
6186	-533.8269	-564.371	30.54402	0.864319	1.868067	1.350525
6192	-535.6185	-564.2564	28.63789	0.6389222	1.667587	2.931146
6198	-534.5487	-563.4172	28.86855	0.6645483	1.067753	3.131185
6204	-528.8259	-559.0722	30.24623	0.7254512	1.87371	1.691675
6210	-524.5763	-555.453	30.8767	0.7299198	1.89804	1.182338
6216	-524.9927	-556.4838	31.49112	0.3358801	1.693124	1.371787
6222	-526.7471	-557.6344	30.88732	0.699893	2.281181	0.8244056
6228	-523.0473	-554.6	31.55265	0.3535387	2.326667	0.5292839
6234	-518.2841	-549.8887	31.60463	0.282295	2.326667	0.3007061
6240	-522.204	-553.8836	31.67959	0.2777925	2.326667	0.3634307
6246	-521.7705	-553.4727	31.70215	0.3042853	2.272956	0.4207301
6252	-528.2047	-559.0654	30.86073	0.6838765	2.134967	1.035119
6258	-529.7248	-560.5302	30.80548	0.617036	2.615212	0.5714768
6264	-528.1288	-558.9053	30.77646	0.8443033	2.345305	0.4060304
6270	-528.5914	-560.3767	31.78529	0.3495826	2.103873	0.4922672
6276	-526.1612	-557.2728	31.1117	0.5374557	2.223274	0.9021098
6282	-521.9967	-553.1062	31.10945	0.4962849	2.442715	0.3424016
6288	-531.993	-563.2556	31.26256	0.449359	2.269364	0.843891
6294	-533.0385	-561.7543	28.71581	0.7526126	1.613492	2.826707
6300	-531.5595	-560.7055	29.14604	0.6451105	1.323462	2.826707
6306	-539.077	-568.2739	29.19684	0.7888023	2.248499	2.097565
6312	-538.2838	-568.4145	30.13068	0.7992404	1.746796	1.79835
6318	-531.9034	-562.0349	30.13152	0.7478196	1.730259	1.852014
6324	-533.9306	-565.2493	31.3187	0.3226416	1.98376	1.30053
6330	-528.8922	-559.773	30.88088	0.5857107	2.3126	0.9748503
6336	-527.3409	-557.7579	30.41706	0.4395778	2.3126	1.561478
6342	-528.7167	-560.075	31.35827	0.5501922	1.830834	1.032729
6348	-526.1965	-555.1539	28.95739	0.7871258	1.663553	2.622424
6354	-527.9578	-557.5089	29.55107	0.4787954	1.625216	2.548742
6360	-522.9943	-552.5068	29.51257	0.3247239	1.092078	3.077859
6366	-522.4553	-554.0293	31.57401	0.3798092	1.363852	1.491008
6372	-521.487	-553.2726	31.78557	0.3352717	1.962977	0.8523715
6378	-528.7177	-559.8559	31.13825	0.7234933	1.836657	1.005136
6384	-527.0463	-558.0621	31.01577	0.281014	2.489095	1.212716
6390	-527.8531	-558.1835	30.33043	0.3257397	3.113719	0.1515946
6396	-533.538	-563.8811	30.34308	0.555501	2.888788	0.2094015
6402	-525.7005	-556.232	30.53149	0.431039	2.888788	0.2024216
6408	-531.2413	-561.984	30.74272	0.2075232	2.888788	0.1297946
6414	-541.3367	-568.2308	26.89408	0.7601364	1.091433	4.190868
6420	-529.1982	-561.3234	32.12518	0.1430873	2.320216	0.4640936
6426	-526.8699	-559.0329	32.16307	0.1142948	2.333069	0.344933
6432	-528.2051	-560.6448	32.43972	0.04573265	2.333069	0.3093042
6438	-531.6584	-563.8451	32.18665	0.09943099	2.333069	0.3093042
6444	-530.5445	-562.0408	31.49633	0.2958017	2.423904	0.3178637
6450	-531.3895	-563.0413	31.65177	0.2077853	2.498511	0.3178637
6456	-534.999	-565.2538	30.25479	0.560535	2.8047	0.1613271
6462	-534.4303	-565.3484	30.91811	0.2903965	2.8047	0.2059337
6468	-528.2089	-558.9114	30.70251	0.2903965	2.814906	0.1499257
6474	-531.0192	-561.5783	30.55908	0.3124963	2.92509	0.1538742
6480	-535.7	-566.0475	30.34749	0.4128334	2.918374	0.1514284
6486	-528.5477	-559.0746	30.52691	0.3813393	2.918374	0.1807644
6492	-535.0218	-564.3145	29.2927	0.3465259	1.267241	3.076349
6498	-530.2869	-560.0023	29.71535	0.3758624	0.9950033	2.949869
6504	-532.2973	-561.0876	28.79034	0.2877899	0.8180467	3.712163
6510	-533.4014	-564.3912	30.98981	0.3074763	2.002979	1.565063
6516	-533.3257	-561.8904	28.56477	0.1155381	1.345715	3.840248
6522	-534.7654	-564.6712	29.90579	0.5004952	1.743044	2.226734
6528	-536.8088	-566.6896	29.8808	0.5544627	1.21648	2.521713
6534	-529.9466	-559.625	29.67844	0.5059806	1.653854	2.422653
6540	-533.4767	-563.6014	30.12478	0.3757414	1.22316	2.560402
6546	-526.7313	-558.2955	31.56426	0.1861059	1.427707	1.79539
6552	-531.7446	-562.4186	30.67406	0.6147619	1.817475	1.530118
6558	-530.5478	-560.7614	30.2136	0.6574187	1.817475	1.81634
6564	-524.8161	-555.8476	31.03145	0.301048	1.484658	1.910558
6570	-520.9264	-551.3002	30.37383	0.4545567	1.188498	2.332396
6576	-527.0995	-555.9819	28.88235	0.6161563	0.7157595	3.370723
6582	-527.0391	-554.9475	27.90844	0.4101107	0.5968808	4.195048
6588	-534.5401	-562.187	27.64694	0.7275872	0.3491857	4.207849
6594	-533.7054	-561.8	28.09457	0.3939988	0.9719672	3.892482
6600	-533.504	-562.2107	28.70673	0.4667334	1.723389	3.016433
6606	-528.3977	-559.6902	31.29247	0.7692419	1.571083	1.058061
6612	-523.4505	-553.1906	29.74012	0.663288	1.288483	2.466602
6618	-518.4703	-548.0903	29.61997	0.4732957	1.379925	2.6637
6624	-523.1759	-551.9549	28.77891	0.4303781	1.379925	3.21661
6630	-525.7951	-557.2907	31.49558	0.2811656	1.295393	1.753998
6636	-522.5841	-553.8195	31.23538	0.2829113	2.007992	1.420096
6642	-519.5561	-551.155	31.59886	0.2829113	1.747575	1.339255
6648	-525.4319	-556.3767	30.94479	0.6478936	1.479923	1.545211
6654	-521.9198	-550.9187	28.99897	0.381218	1.880309	2.841304
6660	-517.0162	-548.592	31.57585	0.381218	1.73235	1.192903
6666	-514.9736	-546.3607	31.38702	0.4754315	1.533154	1.36886
6672	-523.8765	-555.7948	31.91833	0.1529433	1.836024	1.311725
6678	-525.2154	-556.7515	31.5361	0.2271654	1.470253	1.7009
6684	-517.08	-547.8131	30.73316	0.3515079	1.741321	1.863057
6690	-514.9524	-545.6575	30.70513	0.440841	1.554984	1.890791
6696	-519.4094	-550.7108	31.30145	0.2579306	1.174385	2.00822
6702	-526.4067	-557.2111	30.80437	0.2200439	1.260434	2.341444
6708	-528.993	-559.8239	30.83092	0.1801556	1.179207	2.451376
6714	-530.1331	-559.8959	29.76279	0.2646211	2.137495	2.37039
6720	-522.955	-552.651	29.69595	0.4236961	0.9341889	2.942602
6726	-534.6306	-565.2763	30.6457	0.3018007	1.517425	2.143757
6732	-537.7513	-569.2202	31.46886	0.3018007	1.567456	1.542624
6738	-522.7523	-553.3743	30.62205	0.4734821	1.803999	1.736562
6744	-524.0211	-554.1714	30.15039	0.6203955	2.046791	1.736562
6750	-521.8808	-552.8113	30.93053	0.3816906	2.116358	1.404868
6756	-521.4205	-553.0351	31.61457	0.3946168	1.656208	1.202399
6762	-529.865	-557.6544	27.78944	0.5197061	0.772566	4.054074
6768	-530.9842	-561.8362	30.85198	0.5197061	1.48992	1.741701
6774	-534.0149	-564.9961	30.98127	0.5582634	2.489845	0.6667102
6780	-534.8823	-565.0135	30.13116	0.3453436	1.407941	2.480352
6786	-528.6356	-557.886	29.25039	0.4322396	1.626835	2.783379
6792	-522.4406	-553.3457	30.9051	0.5270293	1.565849	1.64177
6798	-530.2093	-561.4085	31.19923	0.4404451	1.949821	1.232841
6804	-525.1101	-554.1474	29.03726	0.1395749	0.862374	3.793847
6810	-523.461	-552.0537	28.59267	0.3111403	0.997662	3.691106
6816	-525.5891	-554.0097	28.42058	0.6696295	1.059015	3.396833
6822	-532.7704	-562.5355	29.76514	1.055729	1.30434	2.157085
6828	-526.1561	-555.882	29.7259	0.3869393	0.956703	2.953304
6834	-531.3611	-561.6806	30.31952	0.2948288	1.29283	2.505205
6840	-527.1723	-558.8924	31.72004	0.3492847	1.774523	1.085066
6846	-530.8767	-561.6678	30.79114	0.2598589	1.813224	1.91869
6852	-530.806	-560.4379	29.63192	0.04320278	1.032871	3.596274
6858	-534.8392	-563.9561	29.11682	0.1647809	1.036748	3.596274
6864	-535.5515	-564.9766	29.42507	0.2982713	0.9717847	3.237057
6870	-535.1254	-562.4515	27.32612	0.7379507	1.106661	3.951578
6876	-532.8893	-562.9821	30.09289	0.1220272	0.6709243	3.32945
6882	-528.3849	-558.3328	29.94785	0.2901046	1.057941	2.88458
6888	-528.7308	-557.7817	29.05092	0.6111407	1.31845	2.916272
6894	-531.3494	-561.8606	30.51125	0.5394514	1.194503	2.149209
6900	-530.2659	-560.9764	30.71047	0.4013934	1.240502	2.145206
6906	-535.7942	-561.988	26.19386	0.5906149	1.11053	4.702569
6912	-537.0127	-564.2637	27.25097	0.1597539	0.9751126	4.702569
6918	-544.5096	-571.0301	26.52046	0.7576935	0.5598485	4.702569
6924	-537.8658	-565.5536	27.68784	0.2728759	0.5846548	4.493798
6930	-530.4385	-559.2535	28.81508	0.5528536	0.7318918	3.455644
6936	-526.9918	-555.1263	28.13447	0.3365849	0.7295856	4.075567
6942	-532.7673	-562.8407	30.07341	0.3877946	1.377096	2.481477
6948	-531.7903	-561.5892	29.79883	0.3330735	1.082614	2.900645
6954	-531.9593	-560.9508	28.99146	0.3825321	0.8923762	3.432186
6960	-532.1286	-561.0812	28.95263	0.3179707	0.8739156	3.545103
6966	-532.3454	-561.5752	29.22985	0.3324686	0.6917374	3.470982
6972	-526.2788	-555.7176	29.43879	0.2801196	1.124273	3.164228
6978	-525.106	-554.7516	29.64565	0.2801196	0.9174105	3.164228
6984	-524.0868	-553.4943	29.40752	0.3897079	0.9167784	3.164228
6990	-523.235	-552.401	29.16608	0.1837584	1.00376	3.551147
6996	-520.6049	-550.0599	29.45501	0.2740936	0.8774456	3.309336
7002	-527.0632	-554.4976	27.43435	0.8110814	0.7383437	4.049669
7008	-530.3992	-558.113	27.71377	0.4343618	1.001972	4.049669
7014	-538.5536	-568.3974	29.84383	0.4369731	1.362631	2.575677
7020	-528.9792	-558.0891	29.10986	0.4369731	0.6845632	3.424049
7026	-530.5166	-556.5858	26.06916	0.3825125	0.8007469	5.141214
7032	-528.4768	-557.0069	28.5301	0.2094521	0.532465	4.143074
7038	-530.9696	-559.1537	28.18415	0.256133	0.7507919	4.143074
7044	-524.9921	-554.8661	29.87407	0.2428912	0.8108465	3.148094
7050	-525.0803	-553.6889	28.60857	0.5104669	0.6139173	3.68337
7056	-526.6418	-554.7093	28.06748	0.4235248	0.9465184	3.890449
7062	-523.5607	-553.3113	29.75055	0.4682107	1.602894	2.449369
7068	-525.7152	-557.1058	31.39055	0.570349	1.86468	0.9340839
7074	-525.6565	-557.0675	31.41108	0.420114	2.05683	0.9744666
7080	-523.2508	-554.8559	31.60513	0.4507824	2.081397	0.5625748
7086	-523.3704	-553.6506	30.28022	0.4507824	1.535879	2.173594
7092	-529.1849	-560.2245	31.03957	0.4815045	1.572018	1.594161
7098	-522.7715	-553.1154	30.34395	0.802424	1.640483	1.721019
7104	-525.347	-556.6605	31.3135	0.5102555	1.751774	1.202392
7110	-527.6862	-558.1532	30.467	0.7387712	1.626466	1.698556
7116	-534.2464	-564.6813	30.43489	0.5398962	1.598596	1.931628
7122	-529.3129	-560.0626	30.74978	0.4372702	1.761541	1.721523
7128	-526.5241	-557.0891	30.56502	0.3416001	1.60068	2.083989
7134	-525.3637	-556.5665	31.20282	0.4956262	1.691069	1.362708
7140	-531.6831	-562.0038	30.32075	0.5195893	1.134843	2.330574
7146	-537.548	-568.2539	30.70584	0.5103957	1.287971	1.98989
7152	-529.7309	-560.5189	30.788	0.4597716	1.267039	2.0061
7158	-521.5301	-552.7141	31.18403	0.4597716	1.417774	1.628425
7164	-516.9531	-548.7189	31.76586	0.25086	1.278214	1.628425
7170	-521.9536	-551.6941	29.74042	0.4145499	1.278214	2.717013
7176	-519.7615	-551.3802	31.61868	0.3901883	1.32037	1.474627
7182	-528.8629	-560.0807	31.21774	0.3460778	1.811258	1.474627
7188	-523.8219	-555.3173	31.49548	0.2885075	1.681672	1.460506
7194	-532.5381	-563.9931	31.45503	0.2367213	1.196766	1.927689
7200	-528.2645	-558.3367	30.07226	0.2367213	1.444803	2.655139
7206	-521.569	-552.268	30.699	0.1511723	1.025141	2.688786
7212	-520.6949	-550.4163	29.72144	0.2539102	0.9540449	3.136507
7218	-521.9428	-551.477	29.53429	0.2539102	1.281778	3.05267
7224	-541.5476	-572.3149	30.76729	0.3338775	1.195001	2.227266
7230	-531.3432	-562.5579	31.21469	0.3210632	1.741767	1.569179
7236	-532.7385	-563.4901	30.75154	0.3762891	1.598152	1.913308
7242	-535.1823	-565.9317	30.74942	0.6079726	1.507584	1.706925
7248	-530.1331	-560.5177	30.38461	0.7256228	2.043506	1.465833
7254	-527.0663	-558.0682	31.0019	0.2081862	1.549262	2.048439
7260	-539.4132	-570.0527	30.63943	0.5218935	2.925155	0.5708908
7266	-528.1935	-559.3616	31.16816	0.5284507	2.358998	0.6467436
7272	-533.4207	-564.7128	31.29209	0.3211851	2.22541	1.119841
7278	-537.3781	-567.476	30.09797	0.5564955	2.411314	1.58058
7284	-543.6993	-572.4812	28.78191	0.4667643	2.158412	2.707231
7290	-532.3491	-561.8866	29.53752	0.6779697	1.51501	2.4392
7296	-531.6668	-560.6958	29.029	0.6264574	1.273956	2.94318
7302	-528.7806	-559.4197	30.6391	0.6075376	1.821794	1.560429
7308	-528.4103	-559.7758	31.36548	0.6937635	1.730866	0.918549
7314	-520.2948	-552.0788	31.784	0.3176339	1.860863	1.007048
7320	-520.7662	-552.3031	31.53691	0.3292893	1.548385	1.459402
7326	-526.9148	-557.4653	30.55054	0.1762547	1.621643	2.356927
7332	-527.8253	-557.9413	30.11595	0.3270357	1.259882	2.606622
7338	-525.1723	-556.8249	31.65256	0.2592782	1.246646	1.716263
7344	-527.2928	-556.6545	29.36179	0.5262799	2.022709	2.368921
7350	-532.0509	-561.6537	29.60288	0.4331835	1.605545	2.578738
7356	-534.8292	-561.7436	26.9144	0.8713964	1.259776	4.009656
7362	-527.3075	-557.2719	29.96444	0.4537921	1.844489	2.174788
7368	-532.2597	-563.1133	30.85362	0.4537921	1.762775	1.625497
7374	-530.5753	-562.0634	31.48807	0.2178925	1.421599	1.786923
7380	-528.4028	-560.0961	31.69323	0.3649214	2.153073	0.5782072
7386	-525.4217	-555.7172	30.29546	0.7823598	1.848229	1.62444
7392	-539.1801	-567.9913	28.81123	0.6279441	1.340032	3.033014
7398	-537.3788	-567.9939	30.61509	0.6499956	2.437944	1.023771
7404	-535.2035	-566.0241	30.82057	0.7234389	1.944995	1.197328
7410	-543.5667	-572.7136	29.14693	0.5926634	4.2224	0.3117275
7416	-541.4559	-570.1647	28.70879	0.8099229	4.307958	0.2650104
7422	-526.4013	-556.765	30.36363	0.8099229	2.462394	1.047624
7428	-528.7743	-559.7324	30.95813	0.4925752	2.630619	0.3822666
7434	-527.4548	-558.0569	30.6021	0.6975395	2.68095	0.6492124
7440	-529.8925	-559.6002	29.70778	0.7335952	1.549904	2.263194
7446	-538.4213	-568.962	30.54074	0.5955596	2.019884	1.499259
7452	-528.2523	-557.9224	29.67008	0.1330658	1.00516	3.356835
7458	-530.86	-561.172	30.31198	0.1558152	0.9664062	2.949979
7464	-522.9767	-553.6975	30.7208	0.1265596	0.9762725	2.760372
7470	-523.4858	-555.2382	31.75246	0.3365678	1.530654	1.291425
7476	-527.6286	-559.6984	32.06986	0.3466678	1.683936	0.8153001
7482	-530.3961	-561.9824	31.58631	0.2744545	1.910648	1.232986
7488	-526.7766	-559.0325	32.25583	0.1957893	1.910648	0.7699377
7494	-527.3112	-557.9106	30.59939	0.4124459	1.628605	1.947934
7500	-530.4851	-558.6717	28.18655	0.2731084	1.120108	3.906383
7506	-529.6207	-558.4894	28.86876	0.1808894	1.208224	3.610363
7512	-532.1185	-560.5435	28.42492	0.4656491	0.8340049	3.705894
7518	-534.2804	-561.3578	27.0774	0.4582553	1.115177	4.322479
7524	-535.5709	-561.6825	26.11159	0.3380287	0.5333386	5.31647
7530	-532.5525	-558.995	26.44247	0.2882754	0.3153406	5.31647
7536	-534.6312	-560.179	25.54781	0.5713892	0.646611	5.334938
7542	-539.5516	-569.7991	30.24747	0.4336457	1.416559	2.291459
7548	-534.1934	-565.2397	31.04634	0.7431237	1.630104	1.251723
7554	-531.2762	-558.9082	27.63204	0.3386355	0.7516008	4.345642
7560	-528.1821	-555.55	27.36783	0.5174003	0.684208	4.345642
7566	-529.1591	-555.1734	26.01432	0.5573968	0.8229838	4.990777
7572	-529.0994	-553.987	24.88757	0.6380414	0.6317273	5.653271
7578	-533.4897	-559.8692	26.37947	0.2656462	0.7325483	5.151334
7584	-532.78	-561.7449	28.96495	0.3633999	0.6434131	3.615227
7590	-536.644	-564.1431	27.49907	0.4411817	0.2732178	4.576351
7596	-536.3045	-562.1045	25.79999	0.2361316	0.4595354	5.663478
7602	-539.5638	-567.549	27.98518	0.4518543	0.7377677	4.027613
7608	-539.7395	-567.9292	28.18966	0.3797135	0.6689036	4.027613
7614	-535.2576	-563.1855	27.92794	0.7974239	1.068758	3.584715
7620	-525.6316	-555.4533	29.82166	0.3070062	1.027573	2.955197
7626	-519.2955	-548.1609	28.86531	0.3766876	1.027573	3.433718
7632	-524.6347	-552.4553	27.82062	0.4247384	0.8538009	4.083304
7638	-527.6337	-556.5381	28.90435	0.4247384	1.265143	3.21645
7644	-524.2095	-553.5801	29.37058	0.3077154	1.265143	3.082173
7650	-528.7353	-558.2689	29.53367	0.5671595	1.38879	2.61822
7656	-524.5858	-555.5548	30.96895	0.5671595	2.334336	0.8860926
7662	-523.8657	-555.3541	31.48845	0.4189074	2.263275	0.4934679
7668	-520.7626	-551.7718	31.00923	0.4189074	2.313971	1.115557
7674	-526.5677	-559.1291	32.56135	0.1624903	1.79665	0.6143248
7680	-522.1087	-554.363	32.25429	0.2166559	1.936368	0.6143248
7686	-528.3078	-560.5997	32.29189	0.1853517	2.013018	0.5308271
7692	-526.1775	-558.7265	32.54895	0.1853517	1.551235	0.8935895
7698	-525.0685	-557.2277	32.15924	0.2448447	1.551235	1.112728
7704	-528.1883	-558.0186	29.83029	0.5470137	1.292216	2.513157
7710	-531.8018	-562.4925	30.69074	0.2602358	0.9850007	2.518537
7716	-530.8287	-559.4123	28.58366	0.4466887	1.210462	3.413978
7722	-523.4372	-554.3658	30.92861	0.236685	0.9081529	2.456453
7728	-525.9082	-553.3559	27.44768	0.1273282	0.897893	4.700842
7734	-522.9964	-553.7595	30.76313	0.1741857	0.8651874	2.700172
7740	-521.6572	-550.1053	28.44811	0.4006922	1.003945	3.662842
7746	-525.506	-554.0554	28.54938	0.4593504	1.347315	3.340625
7752	-526.2196	-555.264	29.04441	0.1820464	1.022368	3.614166
7758	-524.4774	-553.4764	28.99898	0.1250191	0.9726135	3.783732
7764	-520.845	-551.1653	30.32033	0.1900066	1.211335	2.728824
7770	-520.1471	-550.2148	30.06773	0.3373758	0.8774986	2.856402
7776	-524.3421	-555.3877	31.04557	0.3987924	1.479863	1.762123
7782	-526.2389	-554.9308	28.69191	0.3987924	1.077714	3.480331
7788	-518.684	-548.6289	29.94497	0.4264226	1.304588	2.560904
7794	-523.0862	-553.9417	30.85544	0.3915534	1.813228	1.67099
7800	-523.083	-553.7232	30.64029	0.6848803	1.7298	1.548713
7806	-524.8332	-555.7517	30.91851	0.6589699	1.459916	1.568149
7812	-523.2163	-552.1956	28.97932	0.5062481	1.303041	3.064989
7818	-529.7848	-560.335	30.55021	0.7613941	1.518775	1.696063
7824	-532.1507	-560.8237	28.67296	0.3686701	0.6742194	3.760066
7830	-535.2386	-567.3366	32.09799	0.3514862	1.749126	0.6511258
7836	-526.6266	-557.4759	30.84924	0.6116582	2.501813	0.7380035
7842	-529.6386	-560.3294	30.69077	0.5309238	2.365125	1.181853
7848	-532.5098	-561.1673	28.65752	0.4227745	1.712796	3.099311
7854	-535.6843	-561.806	26.12165	0.7177815	1.142056	4.627861
7860	-525.459	-554.0321	28.57313	0.6745743	0.570662	3.588924
7866	-532.1276	-557.9458	25.81823	0.5991001	0.7530065	5.103889
7872	-537.4963	-562.9391	25.44278	0.8221025	0.8047403	5.123444
7878	-534.2774	-563.3178	29.0404	0.404524	0.7085507	3.485973
7884	-534.8576	-564.1489	29.2913	0.404524	0.4576502	3.485973
7890	-531.1765	-560.462	29.28556	0.1858263	0.545977	3.743431
7896	-528.7084	-556.4208	27.71242	0.4983528	0.9867422	3.99568
7902	-531.4679	-560.1144	28.64657	0.279379	0.4886966	3.99568
7908	-528.8316	-556.3591	27.52746	0.5014126	0.6928493	4.265216
7914	-535.139	-562.8225	27.68352	0.2985618	0.9321625	4.265216
7920	-532.5485	-560.5502	28.00178	0.3122892	0.5822898	4.265216
7926	-523.2477	-552.9341	29.68644	0.4147684	1.419491	2.663148
7932	-540.1389	-569.6016	29.4627	0.337498	1.798723	2.663148
7938	-528.2985	-559.7495	31.45103	0.2906107	1.512766	1.614935
7944	-532.0432	-561.9212	29.87807	0.4949412	1.499313	2.405723
7950	-531.9666	-560.7358	28.76915	0.1453503	0.6191866	4.074825
7956	-532.9664	-561.0546	28.08819	0.2680719	0.9363344	4.074825
7962	-529.0767	-557.9022	28.82548	0.1652114	0.6621399	3.979107
7968	-532.0451	-560.7036	28.65854	0.4346683	1.252126	3.358335
7974	-528.958	-560.5816	31.62362	0.4406516	1.46337	1.284031
7980	-523.2212	-554.4749	31.25373	0.4347182	1.550225	1.512957
7986	-523.0741	-552.314	29.23995	0.6290386	1.070125	2.936705
7992	-522.2663	-550.0968	27.83051	0.2799071	0.8745402	4.239797
7998	-530.4142	-558.7	28.28578	0.3858499	1.684413	3.377721
8004	-530.0261	-561.9742	31.94812	0.40858	1.611979	0.8988259
8010	-526.0872	-556.4159	30.32868	0.4630283	1.611979	2.078062
8016	-521.9192	-552.5105	30.59132	0.3657765	1.756227	1.929163
8022	-528.4839	-555.0758	26.59187	0.6050238	1.882403	4.029947
8028	-533.2141	-560.6652	27.45108	0.5469673	1.110129	4.029947
8034	-525.9872	-556.2535	30.26627	0.4257216	1.725356	2.088578
8040	-523.0873	-553.0007	29.91341	0.5968675	1.72392	2.137217
8046	-518.6484	-548.3566	29.70821	0.6975257	1.020242	2.625072
8052	-523.7207	-553.884	30.16336	0.4913747	0.9266721	2.589102
8058	-519.6064	-550.4948	30.88839	0.437944	1.469731	1.827339
8064	-530.1956	-562.2424	32.0469	0.4386423	1.560157	0.7703632
8070	-523.6474	-555.085	31.43756	0.413612	1.56223	1.39344
8076	-530.7705	-560.3734	29.6029	0.3317708	1.329873	2.871317
8082	-526.9565	-557.9694	31.01293	0.2851094	1.586108	1.879842
8088	-529.3031	-560.4613	31.15813	0.5317709	2.133779	0.9583814
8094	-530.3907	-560.1674	29.77669	0.5814534	1.694789	2.259263
8100	-530.4138	-560.6442	30.23043	0.4772605	1.421502	2.249863
8106	-518.1499	-548.5592	30.40931	0.4296824	1.307951	2.262
8112	-520.0812	-550.5111	30.42992	0.3592522	1.340397	2.315837
8118	-520.6984	-552.4743	31.77587	0.305015	1.543348	1.319243
8124	-519.7785	-550.4212	30.6427	0.6757645	1.447706	1.757981
8130	-530.0797	-560.4815	30.40181	0.6216083	1.81544	1.721233
8136	-529.4754	-559.7846	30.30918	0.7555661	1.721545	1.728143
8142	-526.9334	-556.1143	29.18086	0.5260854	0.8229554	3.211579
8148	-529.2109	-560.2767	31.06578	0.3666841	1.428682	1.827788
8154	-530.779	-561.1499	30.37089	0.615632	0.9627847	2.315581
8160	-527.8628	-558.2726	30.40977	0.4067571	1.347997	2.263521
8166	-533.0443	-563.2632	30.21889	0.537637	1.113797	2.390333
8172	-532.4569	-562.1681	29.71119	0.7461951	1.396607	2.348831
8178	-541.3952	-572.0927	30.6975	1.103473	2.039676	0.8125047
8184	-533.014	-563.4473	30.43336	1.103473	1.53382	1.506066
8190	-534.6332	-564.9824	30.3492	1.044284	1.553968	1.594728
8196	-549.0115	-577.3921	28.38059	1.044284	0.7905805	3.328663
8202	-546.4071	-574.3976	27.99048	0.7283076	1.941788	3.083951
8208	-531.5165	-561.2534	29.73685	0.4816348	1.04221	2.7902
8214	-531.0592	-559.5795	28.52033	0.3119868	0.8533901	3.81495
8220	-526.3279	-556.7946	30.46679	0.6292968	1.332744	1.999631
8226	-521.2153	-552.6359	31.42056	0.5782293	1.957366	0.7706844
8232	-527.7033	-558.837	31.13373	0.5629711	2.296544	0.3263539
8238	-523.4762	-555.4296	31.95344	0.1517841	2.296544	0.2636049
8244	-524.1113	-556.0381	31.92686	0.1990662	2.296544	0.3696063
8250	-525.8136	-557.7581	31.94451	0.1932269	2.296544	0.3696063
8256	-521.8377	-554.3074	32.46963	0.05854473	2.296544	0.3696063
8262	-524.016	-556.015	31.99902	0.1577482	2.296544	0.3074302
8268	-520.7245	-552.2497	31.5252	0.2548788	2.483313	0.3074302
8274	-520.2343	-551.7433	31.50899	0.2612047	2.483313	0.3074302
8280	-526.2594	-556.9604	30.70098	0.6407638	2.483313	0.2407353
8286	-522.4701	-553.8574	31.38726	0.4382691	2.319055	0.5736393
8292	-523.3617	-555.1868	31.82512	0.3010283	1.811231	1.052207
8298	-522.3415	-554.0332	31.69166	0.4517856	1.639941	1.052207
8304	-527.7389	-559.707	31.96809	0.4046558	1.571221	0.9300128
8310	-530.2201	-560.4982	30.27802	0.5394781	1.529132	2.082793
8316	-527.1838	-557.4672	30.28337	0.5873167	1.230893	2.226142
8322	-524.7413	-556.4056	31.66428	0.3607155	1.644356	1.227953
8328	-524.4311	-555.8365	31.4054	0.501372	1.644356	1.227953
8334	-531.9065	-562.6198	30.71326	0.4889483	2.047787	1.473949
8340	-518.1373	-549.8692	31.73189	0.3953608	2.047787	0.597903
8346	-515.5491	-547.7245	32.17536	0.185603	2.122813	0.5649665
8352	-519.1779	-550.6197	31.44181	0.3908409	2.323678	0.3716002
8358	-522.6992	-553.7455	31.04634	0.6591235	2.323678	0.4735594
8364	-528.8386	-559.1401	30.30148	0.7980434	2.703841	0.8748514
8370	-529.377	-559.641	30.26402	0.7959921	2.703841	0.9199004
8376	-533.0441	-563.6997	30.6556	0.7959921	1.973613	1.23752
8382	-530.4971	-561.1517	30.65458	0.7154647	1.902353	1.376429
8388	-536.9473	-566.4431	29.49583	0.7154647	2.084063	2.068651
8394	-538.3938	-566.933	28.5392	0.8957743	1.824783	2.704486
8400	-533.881	-564.1635	30.28248	0.8885154	1.722152	1.637129
8406	-526.9874	-558.7326	31.74525	0.3858011	1.824856	0.9363044
8412	-537.7271	-568.4807	30.75351	0.701433	1.724977	1.451123
8418	-529.3147	-560.3951	31.08038	0.5452709	1.619702	1.451123
8424	-523.6202	-553.8498	30.22961	0.2954637	1.124083	2.664633
8430	-526.1062	-557.1738	31.06766	0.4642471	1.543405	1.616081
8436	-530.8326	-561.339	30.50645	0.607055	1.665791	1.767368
8442	-530.587	-561.7312	31.14425	0.459691	1.662182	1.477579
8448	-533.3402	-563.8711	30.53088	0.3625334	1.602775	2.076149
8454	-525.9162	-556.3773	30.46103	0.3275385	1.204382	2.42521
8460	-531.7668	-563.344	31.57721	0.07407415	1.303858	2.156404
8466	-529.9452	-559.0034	29.05827	0.4290536	1.303858	3.097278
8472	-534.1983	-564.2739	30.07554	0.4290536	1.121225	2.590654
8478	-527.3638	-556.1311	28.76725	0.3268754	1.215485	3.442408
8484	-523.2147	-553.0024	29.78767	0.3268754	1.098202	2.906173
8490	-529.2026	-559.243	30.04045	0.2534848	1.020533	2.906173
8496	-532.1096	-564.1344	32.02485	0.1699509	1.305147	1.592093
8502	-523.5126	-554.4729	30.9603	0.186754	1.0568	2.433964
8508	-524.6218	-556.5642	31.94236	0.1354584	1.161875	1.836266
8514	-522.2896	-552.1505	29.86093	0.2704854	1.193015	2.884337
8520	-531.2372	-562.5165	31.27927	0.09252553	1.518615	2.155951
8526	-524.4603	-556.8564	32.3961	0.07131673	1.483554	1.473114
8532	-524.4996	-557.0762	32.57659	0.07131673	1.483554	1.332836
8538	-524.6697	-556.8089	32.13925	0.1379551	1.46355	1.471761
8544	-518.0464	-550.2852	32.23879	0.09143835	1.421828	1.567638
8550	-525.8535	-556.5522	30.69868	0.3758598	1.782185	1.824347
8556	-520.1311	-551.4363	31.30517	0.2694488	1.393915	1.837651
8562	-520.6153	-552.5731	31.95784	0.179823	1.700527	1.317223
8568	-521.932	-553.4526	31.52067	0.3275127	1.484633	1.522514
8574	-524.155	-556.212	32.057	0.2531446	1.308817	1.382851
8580	-526.2277	-556.4929	30.26523	0.3044486	1.213836	2.574216
8586	-523.47	-553.1523	29.68233	0.536992	1.210425	2.665237
8592	-527.3321	-558.9907	31.65854	0.3852633	1.318195	1.453374
8598	-525.7977	-556.9402	31.14252	0.3235268	1.458529	1.817631
8604	-528.8761	-560.289	31.4129	0.3694986	1.271489	1.69109
8610	-536.7219	-564.1194	27.39753	0.2156873	1.005638	4.505742
8616	-527.9891	-555.9867	27.99757	0.1553005	0.5946149	4.505742
8622	-538.7483	-566.2631	27.51484	0.3784697	0.7708056	4.354313
8628	-542.4181	-569.7613	27.34317	0.4137363	0.8740307	4.354313
8634	-544.3062	-573.3805	29.07428	0.8232735	1.501933	2.623824
8640	-537.2114	-564.5796	27.36819	0.6601118	0.8609264	4.125695
8646	-533.7296	-561.4257	27.69611	0.688418	1.524339	3.533652
8652	-524.1536	-555.5709	31.4173	0.3785934	1.88125	1.205672
8658	-524.6336	-555.6032	30.96967	0.3638934	1.603387	1.777361
8664	-525.9258	-558.192	32.26623	0.2787606	1.628434	0.8324163
8670	-530.1127	-562.044	31.93136	0.2787606	1.787474	1.023811
8676	-528.1439	-559.1135	30.96957	0.2195235	1.559969	2.041193
8682	-525.2264	-555.9028	30.67643	0.2709134	1.972106	1.869765
8688	-521.0619	-552.3422	31.28032	0.276582	1.229869	1.953961
8694	-525.8606	-556.1924	30.33177	0.6665763	1.330777	2.056493
8700	-540.4306	-571.4872	31.0566	0.2291525	2.148869	1.553169
8706	-531.8931	-562.8655	30.9724	0.5380226	2.184589	1.081202
8712	-525.9821	-555.2403	29.25816	0.3356512	1.196351	3.153028
8718	-528.5744	-559.116	30.54161	0.2264787	0.8628333	2.741476
8724	-522.033	-553.3551	31.32215	0.1616419	1.053203	2.257911
8730	-525.5517	-556.4264	30.87467	0.4701879	1.416117	1.834439
8736	-522.4298	-553.7931	31.36329	0.3721997	1.525094	1.539347
8742	-528.5191	-559.0476	30.52856	0.6198048	1.268109	2.010471
8748	-524.2635	-554.291	30.02746	0.5430952	1.523591	2.245661
8754	-528.1502	-558.8712	30.72106	0.7553421	1.445412	1.631692
8760	-533.2377	-561.5926	28.35486	0.7431454	1.290067	3.24354
8766	-529.6783	-558.2143	28.53599	0.6436977	1.175781	3.281077
8772	-532.5438	-563.5175	30.97374	0.373175	1.509653	1.826331
8778	-526.4715	-556.9356	30.4641	0.6620634	1.190252	2.065928
8784	-524.3864	-556.4117	32.0253	0.2793605	1.315477	1.350624
8790	-527.823	-559.5329	31.70989	0.204386	1.79138	1.382301
8796	-533.0746	-564.2268	31.15222	0.6269121	1.89798	1.057397
8802	-530.0175	-561.1716	31.15414	0.4257794	2.419647	0.844992
8808	-521.5927	-552.5288	30.93607	0.6307493	2.361956	0.2986676
8814	-525.0498	-556.4509	31.40107	0.3513483	2.38154	0.3060574
8820	-520.1721	-551.0779	30.90577	0.5752351	2.482375	0.3060574
8826	-524.775	-556.7217	31.94667	0.3184521	2.00979	0.5158137
8832	-531.6985	-562.9411	31.24257	0.3700171	2.214388	1.08013
8838	-530.5505	-560.8803	30.32979	0.4886996	2.002664	1.783872
8844	-532.3474	-563.0551	30.70761	0.5053436	1.92586	1.548936
8850	-533.5043	-563.8409	30.33658	0.5683482	2.672684	1.172042
8856	-531.2935	-561.8343	30.54074	0.6255129	2.385076	1.172042
8862	-526.4029	-558.3199	31.91695	0.1046751	1.573098	1.650301
8868	-529.2754	-559.8671	30.59171	0.2844165	1.449418	2.249362
8874	-529.4407	-559.0673	29.62666	0.3286843	0.7565492	3.204349
8880	-526.1122	-552.8665	26.75437	0.523289	1.116826	4.442335
8886	-521.1793	-551.1031	29.92382	0.3092982	1.000343	2.906862
8892	-523.6794	-551.1991	27.51965	0.2476688	0.9610954	4.412708
8898	-529.3616	-559.5528	30.1912	0.373521	1.562496	2.307832
8904	-523.5119	-553.7431	30.23118	0.5439857	1.520575	2.114535
8910	-523.2767	-554.1236	30.84692	0.4399057	1.079232	2.114535
8916	-521.6732	-551.1682	29.49495	0.4986366	1.280322	2.775132
8922	-526.7054	-555.1656	28.46022	0.5332874	0.9007733	3.581826
8928	-523.5823	-553.5745	29.99223	0.331536	0.9594431	2.860184
8934	-521.1791	-550.3848	29.20575	0.5070785	1.083347	3.060152
8940	-520.5373	-551.7625	31.22513	0.4173642	1.019674	1.93038
8946	-526.8293	-556.7935	29.96418	0.797881	1.453125	2.108882
8952	-528.132	-558.6835	30.55153	0.3370331	1.151747	2.388248
8958	-534.4624	-564.2993	29.83689	0.3237096	1.299512	2.758293
8964	-530.6878	-559.5536	28.86583	0.5482175	1.478425	2.987856
8970	-529.8782	-560.2342	30.35597	0.5235316	1.810693	1.858778
8976	-532.7609	-562.4318	29.67093	0.5235316	1.225009	2.676418
8982	-532.0388	-563.8045	31.76571	0.3825337	1.332253	1.363577
8988	-529.9721	-560.0465	30.07436	0.6093464	1.14161	2.396008
8994	-528.8609	-558.2587	29.39773	0.5356303	1.308635	2.780709
9000	-530.1452	-559.9953	29.85004	0.5181511	1.739217	2.24654
9006	-529.0956	-558.8082	29.71252	0.8342538	1.450391	2.24654
9012	-536.6775	-566.2404	29.56293	0.7381335	2.289721	1.866506
9018	-534.3304	-563.3393	29.00884	0.8775751	2.091057	2.255771
9024	-532.1396	-563.2551	31.11542	0.5829757	2.032746	1.024243
9030	-530.6915	-560.8769	30.18542	0.815985	1.846045	1.676445
9036	-534.2469	-564.9988	30.7519	0.4045925	2.511026	1.192622
9042	-534.0079	-563.5985	29.59066	0.6133424	3.692284	0.8289657
9048	-534.576	-565.2762	30.70027	0.6133424	2.734118	0.4788413
9054	-533.3607	-564.2397	30.87894	0.3335914	2.910058	0.8060015
9060	-530.1818	-560.5777	30.39597	0.5387788	3.035959	0.7796337
9066	-526.1724	-556.7309	30.55849	0.4489131	2.790423	1.040516
9072	-530.1291	-561.0134	30.8843	0.4489131	2.129817	1.331035
9078	-538.2235	-568.4648	30.24127	0.7928846	2.954548	0.4477721
9084	-536.7832	-568.005	31.2218	0.294759	2.203667	1.251852
9090	-530.2164	-561.3578	31.14143	0.6964636	2.038859	0.8150271
9096	-529.4519	-559.8173	30.36543	0.5475723	1.713813	1.892544
9102	-536.0332	-562.5472	26.51402	0.3887259	0.937472	4.811105
9108	-533.9924	-562.2809	28.28856	0.4392186	0.8193704	3.819973
9114	-531.0562	-559.9624	28.90614	0.789928	1.350431	2.843392
9120	-531.3295	-561.0906	29.7611	0.4702301	0.9729146	2.829463
9126	-534.1625	-560.9256	26.76314	0.755462	0.792868	4.437034
9132	-532.8243	-561.3262	28.50189	1.309373	1.240096	2.847691
9138	-529.9391	-559.2332	29.29409	0.514398	1.336042	2.847691
9144	-539.0384	-567.0734	28.03491	0.5349172	1.268929	3.613525
9150	-532.2133	-561.2826	29.0693	0.6973347	1.994173	2.416236
9156	-530.9634	-561.9443	30.98097	0.4938973	2.390634	0.9391843
9162	-532.0257	-562.0835	30.0578	0.6324543	1.891623	1.89581
9168	-532.7064	-563.0607	30.35428	0.8987967	1.862537	1.472435
9174	-532.1288	-564.0816	31.95281	0.2366786	2.163183	0.6588724
9180	-534.5774	-565.4148	30.83736	0.3195087	2.107017	1.580575
9186	-535.4289	-567.4231	31.99422	0.2127135	2.107017	0.7911929
9192	-531.5313	-562.9177	31.38639	0.3821987	1.683644	1.386042
9198	-537.94	-569.3421	31.40209	0.3267252	2.160051	1.06739
9204	-526.6807	-556.9767	30.29604	0.6290199	1.973838	1.676537
9210	-530.1162	-561.081	30.96479	0.3584541	2.179414	1.365647
9216	-532.1498	-562.7432	30.59346	0.7563895	2.218556	1.120234
9222	-525.3399	-557.1172	31.7773	0.3506932	1.963808	0.8206748
9228	-529.3113	-559.6454	30.33412	0.3614308	2.036241	1.919784
9234	-524.8778	-556.0733	31.19551	0.52397	1.994528	1.071143
9240	-527.7717	-556.0761	28.30447	0.5990421	1.458146	3.288448
9246	-530.4243	-561.1762	30.7519	0.628221	1.467527	1.713113
9252	-524.7961	-555.5358	30.73974	0.4437772	1.634746	1.8088
9258	-523.4741	-553.9081	30.43405	0.6485222	1.409736	1.952115
9264	-522.8961	-553.9557	31.05961	0.6482089	1.755747	1.239406
9270	-520.2414	-551.9737	31.73223	0.4229395	1.741367	0.9631562
9276	-521.0002	-552.3813	31.38107	0.617041	1.696743	1.044398
9282	-527.7157	-558.9934	31.27773	0.2814671	1.732329	1.597295
9288	-527.724	-558.9716	31.24756	0.2015747	1.25808	2.091293
9294	-545.6613	-577.8657	32.20435	0.1591115	1.25808	1.521173
9300	-537.1284	-568.662	31.53358	0.2543744	1.784113	1.417801
9306	-530.888	-560.576	29.68796	0.1636218	1.456445	3.014568
9312	-524.3981	-554.8476	30.44951	0.1689321	1.130971	2.739971
9318	-528.3282	-559.4231	31.09488	0.1909443	1.201481	2.248158
9324	-522.515	-554.1094	31.59443	0.1044419	0.9821561	2.266057
9330	-524.7978	-555.6311	30.83329	0.06095332	0.8674526	2.931832
9336	-533.1613	-563.0381	29.87683	0.1991793	0.9230976	3.153014
9342	-533.792	-563.9447	30.15261	0.1359458	1.363324	2.849162
9348	-531.9952	-562.9559	30.96071	0.1004473	0.9449773	2.696936
9354	-533.6757	-562.8215	29.14577	0.1933914	0.9449773	3.579823
9360	-532.2892	-561.3782	29.08896	0.11215	0.6950367	3.920649
9366	-528.8774	-558.9133	30.03585	0.1047481	0.9318341	3.250209
9372	-523.4963	-554.0529	30.55656	0.08779219	0.7648142	3.083597
9378	-530.1169	-560.3261	30.20919	0.06517063	0.9313601	3.253677
9384	-524.9792	-555.9018	30.92267	0.1718455	0.997024	2.524679
9390	-521.6421	-551.3357	29.69357	0.2200251	0.7341995	3.337166
9396	-525.9174	-557.0988	31.18143	0.09447489	0.9819054	2.553612
9402	-528.678	-559.5386	30.86054	0.1537797	1.38955	2.355011
9408	-520.4235	-551.9892	31.5657	0.4374405	1.798201	1.045928
9414	-517.5876	-549.6362	32.04863	0.2287767	1.896333	0.924582
9420	-524.9658	-557.2473	32.28149	0.2101477	1.86251	0.7402378
9426	-523.2268	-555.2828	32.05593	0.2826089	1.746359	0.9286054
9432	-523.7351	-556.2074	32.47222	0.1407006	1.746359	0.9286054
9438	-532.694	-563.4626	30.76858	0.2109453	2.671304	1.415144
9444	-531.4834	-562.8787	31.39529	0.530884	2.136676	0.3917829
9450	-527.9895	-559.7435	31.75402	0.2765883	1.710584	1.255644
9456	-520.9852	-552.6546	31.66935	0.3266842	1.475561	1.418101
9462	-519.2724	-550.4136	31.1412	0.1879216	1.443377	2.066609
9468	-530.2502	-556.9477	26.69748	0.7907027	1.241514	4.19632
9474	-526.9458	-556.0496	29.10378	0.59072	0.6408669	3.30621
9480	-528.3798	-557.8655	29.48573	0.1525981	1.205319	3.30621
9486	-525.1534	-552.0985	26.94508	0.3899085	0.7084675	4.696901
9492	-524.1658	-554.7028	30.53702	0.3842712	1.412043	2.168197
9498	-531.5933	-561.9161	30.32277	0.475982	1.484063	2.151051
9504	-524.9222	-554.5581	29.63594	0.2301122	0.6279077	3.416872
9510	-528.9384	-558.7172	29.77878	0.2012513	0.7846342	3.289339
9516	-519.347	-548.6349	29.28785	0.1227123	1.052454	3.575529
9522	-519.867	-549.5308	29.66386	0.3293903	1.87188	2.503996
9528	-529.3697	-559.8387	30.46896	0.2137017	1.35593	2.503996
9534	-531.0783	-558.9489	27.87065	0.20929	0.6912929	4.426736
9540	-527.3129	-557.5002	30.1873	0.4529676	1.337725	2.357885
9546	-529.897	-560.7951	30.89815	0.4529676	1.397583	1.8517
9552	-529.5374	-561.3857	31.84825	0.2858798	1.577469	1.269155
9558	-531.2715	-561.4446	30.17306	0.4003623	1.616267	2.251114
9564	-531.3273	-562.368	31.04071	0.3602165	1.871766	1.539652
9570	-532.1305	-560.1328	28.00228	0.4539311	1.340265	3.669405
9576	-530.0948	-561.0396	30.94472	0.5330777	1.340265	1.766588
9582	-531.5196	-563.2245	31.70491	0.2929933	2.230372	0.7279766
9588	-522.3067	-553.9498	31.64311	0.4539062	1.876944	0.8485377
9594	-530.9237	-562.719	31.7953	0.3839204	2.022594	0.5249707
9600	-530.2361	-561.2099	30.97381	0.7635865	1.825408	1.123825
9606	-529.4522	-559.794	30.34184	0.8348182	2.795482	0.4170735
9612	-531.8904	-562.5082	30.61779	0.4814639	2.995328	0.3919618
9618	-534.3034	-565.9845	31.68117	0.4177992	1.93068	0.8157975
9624	-540.8219	-570.9862	30.16434	0.6083313	0.9888731	2.436494
9630	-532.0791	-560.982	28.90291	0.6508445	3.182011	1.785286
9636	-524.1768	-555.2905	31.11371	0.2100928	1.816978	1.787881
9642	-527.2843	-557.6816	30.39731	0.6283398	1.78835	1.736771
9648	-533.6372	-561.581	27.94386	0.3290073	1.877268	3.533993
9654	-527.995	-557.6791	29.68409	0.4882748	1.53551	2.511757
9660	-524.465	-555.2453	30.78035	0.7486522	1.394871	1.63134
9666	-523.1975	-552.7903	29.5928	0.3553003	0.7639722	3.186255
9672	-525.4528	-553.3954	27.94259	0.5031439	1.086317	3.802009
9678	-527.3775	-556.359	28.98147	0.5749283	1.063455	3.142378
9684	-527.5371	-558.1968	30.65975	0.5749283	1.046736	2.113215
9690	-527.4192	-557.3746	29.95544	0.5749283	0.9828277	2.601205
9696	-538.4819	-567.7947	29.31286	0.5311244	1.692911	2.601205
9702	-531.1801	-557.747	26.56684	0.5311244	0.8365224	4.697988
9708	-527.931	-556.3126	28.38164	0.2209719	0.6297936	4.1534
9714	-528.5741	-557.0458	28.47167	0.4511695	0.5994973	3.828801
9720	-528.8963	-556.9212	28.02498	0.5516238	0.6665064	3.951359
9726	-527.936	-559.283	31.34703	0.4543022	1.33286	1.578684
9732	-528.7452	-558.3885	29.6433	0.3280196	0.9878135	3.057702
9738	-524.8625	-556.4861	31.62357	0.4472085	1.366087	1.352954
9744	-522.2487	-554.2387	31.99002	0.2010048	1.737716	1.205762
9750	-521.8669	-553.1255	31.25861	0.3818979	1.344295	1.731046
9756	-518.9306	-550.3362	31.40555	0.2567047	1.479265	1.731046
9762	-521.8352	-552.5355	30.70025	0.421334	0.9158801	2.336474
9768	-520.3267	-550.3444	30.01771	0.3979619	0.9842853	2.74656
9774	-526.3121	-555.7564	29.44424	0.3979619	1.090964	3.028876
9780	-527.2274	-556.3584	29.13102	0.422444	1.457289	2.969174
9786	-520.979	-551.5061	30.52715	0.3703297	1.197567	2.330418
9792	-531.7773	-563.5232	31.74592	0.1602938	2.049368	1.257597
9798	-532.034	-562.3419	30.30787	0.5451278	2.105457	1.662643
9804	-530.7283	-561.4349	30.70658	0.4807146	2.935076	0.5071584
9810	-524.9452	-556.2279	31.28267	0.4301894	2.408137	0.371408
9816	-531.0354	-561.9654	30.92997	0.4301894	1.786189	1.583909
9822	-528.4055	-559.7133	31.30773	0.5201393	1.937166	1.024546
9828	-536.6117	-567.978	31.36635	0.3265792	1.937166	1.292578
9834	-530.8996	-561.4361	30.53642	0.5663348	2.672084	0.9890868
9840	-526.1818	-556.7344	30.55258	0.5663348	2.813018	0.8117352
9846	-519.7074	-551.4274	31.72	0.3850524	1.979193	0.7832746
9852	-524.8037	-556.5825	31.77879	0.220241	1.584434	1.453586
9858	-526.4227	-557.0498	30.62715	0.2606474	1.205863	2.419271
9864	-525.0313	-555.0198	29.98848	0.3251107	1.115499	2.776189
9870	-527.6826	-558.8853	31.20275	0.3257855	1.55181	1.706968
9876	-526.043	-556.7133	30.67036	0.2951544	1.024624	2.452965
9882	-525.3647	-556.5206	31.15583	0.6116195	1.509037	1.401965
9888	-521.1671	-553.4067	32.23959	0.206745	1.701623	0.9939526
9894	-522.0731	-554.7647	32.69156	0.09849618	1.774446	0.8342596
9900	-520.8623	-551.5016	30.63927	0.5196184	1.861337	1.628955
9906	-517.1383	-548.3636	31.22532	0.5196184	1.571075	1.408274
9912	-518.6966	-550.4707	31.77417	0.5019219	1.739704	0.7467664
9918	-521.554	-553.8338	32.27979	0.2338617	1.3896	1.175421
9924	-522.4018	-554.5753	32.17352	0.186489	2.038305	0.7452024
9930	-525.4299	-556.3589	30.92904	0.6943191	1.697003	1.343432
9936	-525.0263	-556.4794	31.45312	0.2445662	1.924303	1.391353
9942	-525.0966	-557.2991	32.20254	0.3012051	1.145455	1.303114
9948	-526.0092	-557.7437	31.7345	0.18605	1.395618	1.698734
9954	-528.8482	-557.9519	29.10371	0.5207377	1.139375	3.0744
9960	-525.452	-554.5562	29.10418	0.3094374	0.8671385	3.471947
9966	-526.7285	-556.1336	29.40515	0.2975	1.032029	3.214263
9972	-524.9137	-554.9448	30.03103	0.345915	1.21269	2.662948
9978	-530.3766	-558.576	28.19938	0.3419815	1.077959	3.832356
9984	-539.8717	-569.6316	29.75996	0.5331807	1.179571	2.64012
9990	-538.6214	-567.1586	28.53716	0.7856946	1.07294	3.233422
9996	-543.1808	-571.9046	28.72381	0.7211531	1.077729	3.167169
10002	-525.5518	-555.8172	30.26545	0.2310248	1.251691	2.664645
10008	-531.2243	-561.4849	30.26061	0.3554116	0.9603733	2.664645
10014	-535.9094	-563.3572	27.44771	0.4374082	0.6329691	4.406677
10020	-536.4034	-563.5624	27.15903	0.5934855	0.6679476	4.406677
10026	-536.3216	-564.1581	27.83642	0.6397082	0.6679476	3.984689
10032	-538.3375	-568.5978	30.26029	0.5622231	1.295049	2.223913
10038	-538.3368	-567.0814	28.74454	1.098469	1.317924	2.764417
10044	-536.7115	-566.6507	29.93918	0.3047752	1.105665	2.840099
10050	-531.2383	-558.2537	27.01535	0.6060709	0.9167217	4.337008
10056	-532.0035	-562.4938	30.49024	0.5454951	0.9584867	2.308826
10062	-533.6775	-563.4086	29.73103	0.387253	1.110064	2.857212
10068	-532.5383	-563.2878	30.74946	0.3542436	1.19247	2.212392
10074	-524.9257	-555.6852	30.75946	0.1479864	1.682557	2.245323
10080	-521.3219	-552.6162	31.2943	0.2907468	1.397682	1.806818
10086	-523.6431	-555.6272	31.98405	0.2413872	1.614547	1.218787
10092	-522.5426	-554.8902	32.34759	0.2220379	1.614547	0.92631
10098	-522.9447	-555.2738	32.32907	0.1550244	1.68295	1.083917
10104	-527.9779	-559.2532	31.27537	0.1493484	1.68295	1.901726
10110	-521.3998	-551.0211	29.62124	0.4007909	1.493598	2.67403
10116	-533.5982	-562.8359	29.23775	0.6197734	1.517064	2.67403
10122	-527.0591	-558.1223	31.06327	0.1564052	2.431905	1.50361
10128	-526.3338	-556.5739	30.24013	0.4795389	1.833529	1.970858
10134	-529.5102	-557.3561	27.84589	0.4032391	1.303875	3.834432
10140	-531.6545	-561.6016	29.94711	0.6681799	1.802258	1.997431
10146	-528.3323	-557.6012	29.26893	0.3330592	1.476567	2.982558
10152	-534.8963	-565.2017	30.30535	0.4188348	3.357906	0.7411257
10158	-534.8733	-565.3857	30.51246	0.6677034	2.738027	0.7716401
10164	-532.4857	-562.8934	30.40777	0.6095401	1.675127	1.82678
10170	-527.4595	-557.8948	30.43532	0.622285	1.544732	1.884724
10176	-528.4113	-558.8659	30.45468	0.8002258	2.00987	1.367165
10182	-533.4236	-564.4058	30.98224	0.2991593	1.4674	1.958343
10188	-527.5919	-558.622	31.03019	0.6313689	2.327801	0.678615
10194	-533.1671	-563.5006	30.33347	0.6313689	2.434182	1.298079
10200	-535.4158	-566.3675	30.95171	0.6566672	1.47625	1.533909
10206	-539.3241	-569.8368	30.51272	0.6566672	2.130731	1.369465
10212	-527.5096	-558.5606	31.05103	0.5891946	2.296572	0.7902569
10218	-528.7664	-560.1012	31.33478	0.4914261	2.087435	0.8878186
10224	-528.3577	-557.2314	28.8736	0.5350241	1.276341	3.116381
10230	-527.6176	-559.2627	31.64513	0.2586548	1.386328	1.622999
10236	-528.6688	-559.3749	30.70616	0.6430678	1.828722	1.46773
10242	-524.0829	-555.6111	31.52824	0.4598333	1.455421	1.339958
10248	-528.1154	-558.4176	30.30228	0.2242722	1.377319	2.575803
10254	-519.2715	-550.6298	31.35837	0.3794407	1.64995	1.438073
10260	-524.4581	-556.034	31.57588	0.2730259	1.72811	1.39182
10266	-527.4439	-556.5575	29.11353	0.2114691	0.8562413	3.618916
10272	-526.678	-556.4968	29.81874	0.3313204	0.7575335	3.086133
10278	-525.949	-555.0396	29.09059	0.3863036	0.6587885	3.506375
10284	-523.2623	-551.0491	27.78676	0.3863036	0.8573158	4.142365
10290	-529.1627	-558.7061	29.54336	0.4048646	1.182917	2.905995
10296	-537.4087	-567.6785	30.26986	0.4162335	1.546351	2.214361
10302	-530.5556	-561.0109	30.45532	0.4162335	1.139276	2.356211
10308	-522.2721	-552.807	30.53485	0.3407633	1.031893	2.469161
10314	-538.1046	-563.5264	25.42176	0.1353765	0.009252157	6.288525
10320	-528.9298	-557.6606	28.73083	0.2567312	0.9342888	3.723875
10326	-520.2029	-550.2328	30.0299	0.3129814	0.8517013	2.927492
10332	-521.1131	-549.5145	28.40139	0.2471344	0.7561588	4.029595
10338	-518.2588	-546.8552	28.59633	0.1507657	0.8521973	4.029595
10344	-523.5801	-549.9667	26.38669	0.262689	0.9572265	5.026896
10350	-530.5593	-559.8951	29.33575	0.4132172	1.812946	2.638595
10356	-531.4822	-563.4048	31.92262	0.3066308	2.044842	0.5958541
10362	-521.6009	-553.816	32.21503	0.1952823	2.044842	0.5958541
10368	-519.6553	-552.116	32.46071	0.1275421	2.044842	0.4982999
10374	-526.5205	-557.6155	31.09501	0.3150327	2.548612	1.014074
10380	-532.4334	-562.8708	30.43733	0.4241444	2.457484	1.459116
10386	-528.0934	-558.619	30.52557	0.3834303	1.546869	2.08865
10392	-529.8772	-561.0383	31.16107	0.302374	1.848675	1.561247
10398	-533.1954	-564.2896	31.0942	0.5119484	1.543949	1.537498
10404	-535.6893	-563.0594	27.37008	0.5119484	1.429711	3.925323
10410	-528.8299	-556.3137	27.48382	0.3500472	1.196392	4.163837
10416	-524.844	-556.4792	31.63517	0.2938631	1.242826	1.67106
10422	-518.1894	-549.5632	31.37376	0.3064532	1.522437	1.637003
10428	-524.1943	-554.3758	30.18151	0.5281827	1.643906	2.082518
10434	-521.113	-552.6775	31.56449	0.2618207	1.579191	1.534966
10440	-518.921	-550.7392	31.81821	0.3545658	1.817644	0.9338229
10446	-523.8522	-554.9558	31.10356	0.4871329	1.829762	1.34271
10452	-534.7606	-563.7501	28.98946	0.3442933	1.13428	3.33757
10458	-531.8012	-558.8005	26.99936	0.701565	0.8592682	4.304649
10464	-532.2354	-561.305	29.06959	0.7568959	4.154848	0.4049586
10470	-529.6242	-559.7997	30.17547	0.7183985	1.898201	1.730704
10476	-531.2254	-562.4859	31.26043	0.4385348	2.119749	1.028296
10482	-532.3939	-563.4816	31.08778	0.338223	1.393842	1.877474
10488	-531.6241	-562.4269	30.80284	0.2064628	1.045208	2.502658
10494	-535.5752	-564.5693	28.99405	0.4605195	0.954468	3.308922
10500	-528.2025	-556.4694	28.2669	0.2625027	0.3298184	4.325603
10506	-528.2916	-555.7304	27.43885	0.2290946	0.4575664	4.768658
10512	-526.0658	-553.2855	27.21971	0.3507131	0.3850797	4.768658
10518	-525.7855	-555.2866	29.50104	0.2498257	1.452567	2.976591
10524	-527.3456	-557.8397	30.49411	0.4340551	1.508624	2.071203
10530	-526.0423	-555.7853	29.74303	0.3952509	1.248331	2.756267
10536	-528.0064	-558.3522	30.34574	0.1168756	1.395729	2.756267
10542	-529.2714	-559.6332	30.36183	0.1653064	1.19731	2.760342
10548	-527.524	-556.8457	29.3217	0.3276213	1.194043	3.127037
10554	-525.0658	-555.6554	30.58965	0.2514257	1.453295	2.301153
10560	-523.9662	-556.3862	32.41992	0.07417755	2.311504	0.5136709
10566	-528.8652	-559.9919	31.12667	0.4788869	2.459986	0.3482259
10572	-525.5195	-556.7983	31.27876	0.4467946	2.397554	0.3972275
10578	-522.4072	-553.8562	31.44904	0.4467946	1.933033	1.011866
10584	-522.2452	-553.5103	31.26505	0.3910196	1.968453	1.239901
10590	-525.5953	-556.6775	31.0822	0.4138328	2.523168	0.8334907
10596	-524.9488	-556.0686	31.11973	0.616944	1.872993	1.123535
10602	-537.6787	-565.8461	28.1674	1.032295	1.560567	3.004931
10608	-532.1835	-559.8655	27.68203	0.8219039	0.7911652	3.870499
10614	-527.1006	-554.7782	27.6776	0.5115513	1.514675	3.699819
10620	-531.8708	-560.9584	29.08758	0.6100757	1.128938	3.009136
10626	-526.9727	-555.5556	28.58295	0.8952986	1.400795	2.93592
10632	-527.6224	-558.7138	31.09139	0.4733898	1.612564	1.536479
10638	-531.9922	-559.2188	27.22656	0.4291736	1.649324	3.963606
10644	-534.5184	-564.838	30.3196	1.155349	2.057308	1.136974
10650	-529.3326	-559.4027	30.07012	0.3975308	1.97483	2.088562
10656	-526.0885	-557.6587	31.57013	0.4890394	1.809376	0.9394215
10662	-529.501	-560.6171	31.11606	0.5335189	1.522464	1.51149
10668	-526.7885	-556.1625	29.37396	0.797007	1.20805	2.63921
10674	-529.0837	-559.4362	30.35251	0.3544493	1.601809	2.204108
10680	-527.3822	-558.5124	31.13012	0.5431681	1.563652	1.458425
10686	-534.787	-565.0608	30.27384	0.4790114	1.616783	2.092853
10692	-529.3127	-560.7868	31.47404	0.3702066	1.647828	1.364247
10698	-535.6082	-567.2486	31.64037	0.2904676	2.11616	0.9572367
10704	-528.9925	-560.3494	31.3569	0.5092051	1.963998	0.965971
10710	-537.4989	-566.2276	28.72862	0.6500247	1.867084	2.745683
10716	-535.1177	-564.2471	29.12939	0.541198	1.219504	2.991634
10722	-537.4977	-565.694	28.1963	0.643924	1.383448	3.358615
10728	-541.8115	-571.8027	29.99121	0.6743971	2.246331	1.655208
10734	-538.1941	-566.8816	28.68755	0.7108389	2.753743	2.163285
10740	-535.7358	-566.1282	30.3924	0.6761891	2.453542	1.181046
10746	-534.5447	-564.8198	30.27503	0.6761891	2.708369	1.056687
10752	-535.4534	-565.0215	29.56816	0.8114543	1.591449	2.265595
10758	-536.9051	-567.1903	30.28516	0.4969479	1.595575	2.079517
10764	-536.8127	-565.8287	29.01594	0.5222679	0.7814383	3.337012
10770	-534.6739	-564.6784	30.00447	0.2485064	0.712261	3.120338
10776	-536.0393	-565.6565	29.61714	0.2496041	0.7110579	3.348444
10782	-529.7952	-559.0662	29.271	0.2208809	1.168632	3.328765
10788	-531.8394	-561.1896	29.35023	0.1742494	1.229977	3.328765
10794	-530.3297	-559.733	29.4033	0.1790046	0.8331715	3.521092
10800	-529.4237	-558.5612	29.13752	0.2844741	1.326456	3.216727
10806	-531.8256	-560.654	28.82844	0.1953145	1.378448	3.508815
10812	-528.4289	-559.726	31.29709	0.4363316	1.493628	1.520642
10818	-526.102	-556.8615	30.75944	0.2761596	1.836975	1.896423
10824	-527.3035	-557.9639	30.66043	0.4066878	2.679681	1.121111
10830	-527.7835	-558.7601	30.9766	0.5826216	2.334993	0.8489225
10836	-534.149	-564.5343	30.38533	0.4545898	3.074283	0.9168937
10842	-528.0442	-559.2488	31.20453	0.4619649	2.388882	0.3251225
10848	-527.8832	-559.5677	31.68443	0.2423206	2.45057	0.4405777
10854	-531.3147	-562.6811	31.36635	0.5996059	2.087912	0.5210848
10860	-527.1899	-556.7883	29.59847	0.5612791	1.87306	2.278708
10866	-522.9407	-554.6011	31.66038	0.4305982	1.53859	1.205714
10872	-527.4435	-558.0048	30.5613	0.6383119	1.71419	1.66326
10878	-529.4205	-560.0142	30.59367	0.6220187	2.66843	0.8395604
10884	-524.7358	-555.9058	31.17	0.6879973	2.051898	0.7738581
10890	-526.0148	-557.0604	31.04565	0.6879973	1.927397	1.051642
10896	-526.218	-556.4138	30.19572	0.4018783	1.56772	2.26587
10902	-526.2846	-555.4033	29.11869	0.7899427	1.475414	2.636919
10908	-526.4279	-556.6006	30.17275	0.4384199	1.567988	2.23666
10914	-538.2422	-568.0397	29.79752	0.6915479	1.679059	2.15664
10920	-534.7537	-562.6856	27.9319	0.6915479	2.014316	3.103873
10926	-521.6934	-552.5866	30.8932	0.6915479	1.879032	1.226707
10932	-528.0368	-559.2384	31.20153	0.6390444	1.790688	1.095684
10938	-536.9139	-567.8284	30.91449	0.6390444	2.186007	0.9916815
10944	-540.8443	-570.0653	29.22101	0.5463285	3.97777	1.029149
10950	-539.558	-566.7354	27.17732	0.6825429	0.4149646	4.469036
10956	-539.6231	-567.3588	27.73568	0.6307231	0.8410741	3.950452
10962	-544.221	-571.3523	27.13123	0.7612067	0.4202391	4.435618
10968	-543.6088	-571.1738	27.56499	0.4737193	0.4002958	4.435618
10974	-535.0994	-565.0936	29.99427	0.7139575	3.266418	0.6516352
10980	-531.1136	-561.007	29.89343	0.4168405	1.604638	2.41655
10986	-529.84	-559.8953	30.0553	0.4080438	1.375846	2.469066
10992	-523.227	-549.6805	26.45347	0.4080438	0.4966423	5.069258
10998	-518.7144	-548.2413	29.52698	0.3211689	1.040516	3.104726
11004	-519.1563	-550.5515	31.39516	0.2364137	1.363596	1.855556
11010	-540.143	-571.4029	31.25984	0.2511251	1.693043	1.693169
11016	-531.8487	-560.1279	28.27916	0.7130295	1.454014	3.213861
11022	-520.2298	-548.5794	28.34958	0.6940105	0.8414978	3.546478
11028	-520.9333	-549.668	28.7347	0.4864732	1.154294	3.317722
11034	-527.7757	-554.8421	27.06646	0.3778266	0.6263919	4.688305
11040	-524.6661	-556.3372	31.67101	0.1723886	1.426876	1.752028
11046	-525.8889	-556.6559	30.76699	0.3428837	1.426876	2.063623
11052	-524.0781	-555.0688	30.99071	0.3562798	1.000326	2.177848
11058	-524.1382	-554.2673	30.12913	0.3357939	0.5640441	3.010397
11064	-520.9781	-549.3924	28.41428	0.2464131	0.5447593	4.143769
11070	-520.7535	-548.2701	27.51658	0.273221	0.743352	4.500382
11076	-521.4038	-550.8283	29.42454	0.2953023	0.9195752	3.27233
11082	-528.8521	-559.2052	30.35312	0.07202427	0.6343718	3.324476
11088	-520.2824	-550.9362	30.65378	0.1133777	1.072734	2.773919
11094	-519.1188	-549.3065	30.18773	0.08184072	1.072734	3.135904
11100	-519.7173	-549.2764	29.55908	0.2259093	1.192511	3.135904
11106	-526.1204	-554.9152	28.79477	0.4465929	0.8568896	3.497362
11112	-523.6534	-554.1577	30.5043	0.3936268	1.177011	2.328564
11118	-525.5181	-555.7912	30.27318	0.41482	1.367564	2.328564
11124	-519.2674	-551.2001	31.93269	0.3513207	1.57378	1.069961
11130	-524.5808	-556.0573	31.47645	0.4252369	1.927173	1.029158
11136	-526.0386	-557.9243	31.8857	0.4768018	1.616436	0.8212636
11142	-523.482	-555.4758	31.99372	0.2780847	1.616436	1.12698
11148	-522.9818	-554.5177	31.53592	0.2780847	1.601065	1.509776
11154	-519.9238	-551.843	31.91917	0.3705485	1.685239	0.9322456
11160	-523.0119	-555.1318	32.11995	0.2641429	1.736686	0.9191292
11166	-526.2976	-557.7542	31.4566	0.3260784	1.568616	1.51002
11172	-526.4005	-558.6133	32.21284	0.1308602	1.822004	1.142086
11178	-527.2942	-557.5108	30.21657	0.4776418	1.372684	2.28964
11184	-526.2527	-555.8379	29.58519	0.5235567	1.036816	2.84367
11190	-524.0154	-554.3206	30.30514	0.5235567	0.9920285	2.426838
11196	-525.8223	-557.4049	31.58257	0.2520709	1.556197	1.557111
11202	-517.0702	-548.5414	31.47121	0.3468757	1.558134	1.473079
11208	-520.0856	-550.9357	30.85014	0.2601321	1.024799	2.393636
11214	-523.9792	-554.3753	30.39605	0.5218197	1.129551	2.283597
11220	-523.7234	-553.2929	29.5695	0.3786944	1.153449	2.938866
11226	-524.7652	-554.8051	30.03998	0.2803809	0.9785713	2.891016
11232	-526.3548	-556.439	30.08425	0.4318678	1.274733	2.486432
11238	-532.5101	-563.3849	30.87485	0.3213303	1.542238	1.946238
11244	-531.3311	-560.9413	29.61019	0.3600484	1.35689	2.814057
11250	-537.7451	-565.4218	27.67678	0.5395482	1.413823	3.732733
11256	-534.7734	-564.7741	30.00068	0.6131806	1.44377	2.246893
11262	-531.2145	-560.9711	29.75668	0.8592407	1.377404	2.246893
11268	-525.8569	-557.0331	31.17624	0.4578741	1.748633	1.389068
11274	-529.0525	-558.4039	29.35138	0.4059154	1.825412	2.6298
11280	-530.7806	-562.0849	31.30429	0.3666223	1.844138	1.34899
11286	-527.5716	-558.7848	31.21322	0.2749452	1.625502	1.731184
11292	-525.658	-556.9733	31.31532	0.3146307	1.138586	1.931562
11298	-522.4332	-553.9568	31.52357	0.485645	1.844768	0.9572753
11304	-521.8289	-552.8806	31.05165	0.4284104	2.324046	1.050416
11310	-517.8891	-549.1575	31.26845	0.4284104	1.784269	1.329843
11316	-525.1192	-555.9449	30.82564	0.6055999	1.939321	1.329843
11322	-521.4095	-551.7955	30.38597	0.3335784	1.240762	2.441234
11328	-521.632	-553.1689	31.53685	0.2368095	1.450871	1.695405
11334	-522.9285	-553.5709	30.64233	0.3866885	1.331758	2.148802
11340	-522.5132	-553.6386	31.12538	0.6525204	1.597906	1.310293
11346	-523.268	-555.2512	31.9832	0.2115705	1.418462	1.443153
11352	-523.7684	-554.6904	30.92196	0.6044202	1.427341	1.644807
11358	-526.7341	-558.1739	31.43984	0.6688935	1.503331	1.103249
11364	-523.4228	-554.088	30.6652	0.6688935	1.297793	1.852467
11370	-518.6856	-547.5929	28.9073	0.505139	1.34076	3.086555
11376	-525.6901	-555.101	29.41092	0.256384	0.8843275	3.357471
11382	-523.4551	-552.4234	28.96826	0.3904375	1.444819	3.110569
11388	-522.5321	-550.5535	28.02144	0.3904375	0.8783641	3.991946
11394	-524.5097	-553.1604	28.65068	0.3358025	0.8799157	3.693996
11400	-519.716	-549.0889	29.37289	0.3358025	1.287874	3.029806
11406	-517.864	-547.6923	29.82831	0.4508706	1.303655	2.606373
11412	-525.5652	-556.7809	31.2157	0.3575309	1.258469	1.854664
11418	-526.0939	-555.3107	29.21686	0.3270992	1.341862	3.102124
11424	-528.9138	-559.4481	30.53428	0.5315206	1.187039	2.147215
11430	-522.3178	-551.3287	29.0109	0.5541526	1.200999	3.061654
11436	-519.0906	-549.3286	30.23795	0.3074769	1.383218	2.481302
11442	-520.5797	-550.6654	30.08574	0.5341371	1.912609	1.96136
11448	-524.8782	-556.9381	32.05986	0.2497703	1.912609	0.8266751
11454	-529.1378	-560.8309	31.69304	0.1982545	1.200052	1.83797
11460	-525.5272	-557.2624	31.73518	0.1934559	1.597034	1.535893
11466	-523.8906	-555.3996	31.50899	0.413024	1.756231	1.176784
11472	-527.8783	-559.0084	31.13008	0.3682765	2.222815	1.176784
11478	-518.6695	-550.2181	31.54857	0.3933536	1.947678	0.9974668
11484	-520.7716	-551.9426	31.17098	0.3258566	2.353149	1.104396
11490	-528.6536	-559.1091	30.45547	0.5099866	2.353149	1.410891
11496	-527.734	-558.0892	30.3552	0.5099866	1.203689	2.274536
11502	-523.2334	-552.2082	28.97483	0.54504	1.315725	3.023023
11508	-524.7072	-553.6105	28.90328	0.547503	1.383454	3.023023
11514	-524.5744	-555.3353	30.76085	0.642396	2.138735	1.174344
11520	-529.0846	-559.6056	30.521	0.642396	2.046977	1.443231
11526	-527.1121	-556.0409	28.92882	0.494601	2.031366	2.665958
11532	-521.9427	-551.359	29.41638	0.494601	1.507693	2.688163
11538	-530.7147	-561.1424	30.42768	0.5028659	1.165734	2.259874
11544	-534.8815	-564.5901	29.70856	0.4175617	1.097137	2.843386
11550	-540.1638	-568.0999	27.93611	1.031434	1.18023	3.368233
11556	-529.522	-559.7695	30.24748	0.4431436	1.017615	2.532294
11562	-537.7673	-567.814	30.04672	0.4431436	1.218373	2.532294
11568	-532.1074	-563.3504	31.24309	0.3678317	1.363402	1.7484
11574	-527.1365	-556.4987	29.36222	0.5631905	1.120472	2.890598
11580	-529.1145	-559.18	30.06552	0.1850158	1.215669	2.890598
11586	-529.022	-556.0562	27.03419	0.614525	1.028279	4.256355
11592	-523.6446	-552.5583	28.9137	0.2635233	1.319464	3.383228
11598	-526.0678	-556.184	30.11616	0.5779406	1.085064	2.434319
11604	-523.7641	-552.6722	28.90815	0.4226516	1.138665	3.291217
11610	-525.2557	-553.535	28.27932	0.8674473	1.138665	3.291217
11616	-521.6089	-551.4956	29.88663	0.5408726	1.355253	2.444378
11622	-522.5818	-552.7546	30.17282	0.5917532	1.355253	2.213012
11628	-524.0655	-554.1217	30.05623	0.4701147	1.665161	2.213012
11634	-522.6905	-553.2687	30.57825	0.6027474	1.64524	1.73586
11640	-517.477	-549.3028	31.82579	0.3153908	1.58965	1.220336
11646	-519.2639	-548.3113	29.04744	0.4744336	0.8548433	3.321947
11652	-516.4721	-547.9864	31.51423	0.5031231	1.606051	1.164888
11658	-520.5842	-552.5787	31.99453	0.2133477	1.405679	1.440339
11664	-534.2755	-566.3673	32.0918	0.2215293	2.017231	0.7439868
11670	-526.7864	-558.3663	31.5799	0.3498615	2.017231	0.984588
11676	-526.9845	-557.9747	30.99027	0.7494006	2.017231	0.9380631
11682	-527.6838	-558.5622	30.87831	0.5279015	2.192362	1.173188
11688	-529.4302	-560.8166	31.38637	0.4630519	1.908863	1.067874
11694	-530.1355	-560.4056	30.27008	0.6210987	1.763083	1.849604
11700	-520.863	-552.8145	31.95155	0.2506518	1.924405	0.935742
11706	-524.2655	-555.5477	31.28216	0.4633834	2.130019	0.9513262
11712	-518.6205	-550.1114	31.49095	0.4633834	2.180612	0.5030785
11718	-527.0313	-556.7726	29.7413	0.4146752	2.005352	2.261031
11724	-523.8049	-554.6578	30.8529	0.5285827	1.078435	2.012021
11730	-525.7054	-556.7225	31.0171	0.7230326	1.181974	1.637314
11736	-523.6348	-554.5905	30.95564	0.5880788	1.669032	1.459179
11742	-519.9282	-550.9309	31.00266	0.5265196	1.598672	1.547373
11748	-518.1615	-549.3188	31.15723	0.1948627	1.410962	2.063379
11754	-527.1958	-559.1254	31.92953	0.111554	1.518478	1.660179
11760	-525.6488	-556.061	30.41215	0.2627203	1.379103	2.442243
11766	-523.5554	-554.1139	30.55845	0.5572918	1.266968	2.052544
11772	-523.6123	-554.0798	30.46757	0.6188846	1.266968	2.052544
11778	-528.3198	-558.3291	30.00933	0.5199496	1.874703	2.052544
11784	-526.2715	-556.0635	29.79201	0.5282088	2.117331	2.02703
11790	-530.5616	-561.9259	31.36437	0.2986364	1.759558	1.482693
11796	-528.4036	-558.7832	30.3796	0.2969811	1.759558	2.166683
11802	-523.3529	-554.8744	31.52148	0.1761071	1.514824	1.786578
11808	-531.4382	-561.4065	29.96828	0.6467472	1.40581	2.261816
11814	-531.3275	-561.5697	30.24221	0.4577088	1.424992	2.261816
11820	-536.5022	-567.6466	31.14442	0.6112497	1.770546	1.198982
11826	-528.8702	-560.5461	31.67599	0.4548584	1.841326	0.8498193
11832	-532.3636	-563.1636	30.80005	0.5680071	1.836054	1.473238
11838	-528.1387	-559.4595	31.32074	0.4172904	1.465705	1.549849
11844	-530.946	-559.0242	28.07821	0.2235025	0.7592949	4.248082
11850	-535.1311	-562.9251	27.79401	0.2711655	0.6770726	4.384285
11856	-535.8773	-563.5406	27.66327	0.2711655	0.8078116	4.384285
11862	-547.2407	-575.8957	28.65499	0.2745716	2.140063	3.03402
11868	-540.2369	-570.8339	30.59704	0.5067511	1.782901	1.729757
11874	-527.4802	-559.8048	32.3246	0.09372279	1.566216	1.385944
11880	-529.1274	-560.9878	31.86037	0.297162	1.659106	1.166878
11886	-526.1581	-558.1962	32.03809	0.2038527	1.726175	1.166878
11892	-529.3469	-560.9345	31.58765	0.445537	1.584921	1.205148
11898	-525.8635	-557.1908	31.3273	0.445537	1.55517	1.438799
11904	-524.3723	-555.459	31.08667	0.200315	1.349971	2.138931
11910	-527.1682	-560.1168	32.94857	0.04064422	1.416884	1.205939
11916	-523.9192	-553.7203	29.80107	0.1752162	1.07707	3.150761
11922	-521.64	-553.7246	32.08465	0.1821914	1.507336	1.364175
11928	-527.853	-560.7203	32.86725	0.07076816	1.559742	1.01403
11934	-521.9054	-554.2693	32.36387	0.2137616	1.852269	0.5544518
11940	-525.3961	-558.2905	32.8944	0.0710277	1.787256	0.7026955
11946	-527.2249	-559.979	32.75411	0.08565898	1.787256	0.8099264
11952	-530.0623	-562.6558	32.59348	0.04971498	2.106584	0.8280572
11958	-526.6964	-559.5583	32.86187	0.04793479	1.997313	0.5274906
11964	-532.1184	-562.7702	30.65179	0.3437313	1.844421	1.859451
11970	-530.8429	-561.4871	30.64416	0.6281972	1.364597	1.859451
11976	-536.6565	-566.2901	29.63354	0.4277849	1.008251	2.931028
11982	-533.3023	-562.7562	29.45388	0.6570767	1.131375	2.746179
11988	-526.8625	-556.4495	29.58707	0.4323471	1.25653	2.803743
11994	-522.5192	-553.3178	30.79862	0.6021135	1.192945	1.896548
12000	-519.932	-550.7876	30.85558	0.3514102	1.62633	1.858117
12006	-525.3306	-555.6725	30.34187	0.4552121	1.794571	1.957021
12012	-536.1519	-567.1118	30.95988	0.340572	2.49084	1.141692
12018	-530.0586	-559.6159	29.55726	0.366223	1.046372	3.02569
12024	-529.2871	-556.5105	27.22345	0.366223	0.7141496	4.564268
12030	-529.6457	-559.8042	30.15849	0.2150727	1.075807	2.864592
12036	-525.4956	-555.2144	29.71885	0.1523266	0.9034503	3.347221
12042	-532.3822	-561.8298	29.44754	0.3370435	1.809896	2.666204
12048	-523.5648	-554.6108	31.04601	0.5824744	1.993048	1.126957
12054	-525.8036	-555.8091	30.00545	0.3169475	1.564547	2.499859
12060	-522.7704	-553.8184	31.04801	0.5642716	1.060122	1.855365
12066	-525.9692	-555.1357	29.16654	0.3671164	0.9814914	3.295251
12072	-527.287	-556.7129	29.42585	0.373056	0.7101207	3.295251
12078	-529.3435	-556.2791	26.9356	0.2132734	0.5076537	5.04576
12084	-521.8734	-550.4147	28.54128	0.3653001	0.5918096	3.887178
12090	-524.1032	-552.4625	28.35923	0.3953408	0.7139497	3.887178
12096	-520.4118	-548.4371	28.02528	0.4467682	0.9521104	3.887178
12102	-525.4848	-555.2446	29.75977	0.2200869	1.336108	2.939596
12108	-532.6953	-562.0413	29.34597	0.4791685	1.190642	2.939596
12114	-534.352	-563.5289	29.17697	0.7910471	1.313487	2.699887
12120	-530.0322	-558.4858	28.45358	0.5602193	1.40455	3.266225
12126	-530.0582	-560.3009	30.24267	0.4523918	1.468717	2.239447
12132	-535.5622	-561.7615	26.19929	0.5362911	1.018434	4.797172
12138	-530.8804	-557.1816	26.30118	0.5362911	0.9165449	4.797172
12144	-526.0473	-552.6166	26.56932	0.5200454	0.6742533	4.797172
12150	-531.5314	-556.2102	24.67873	0.2819498	1.156287	5.831729
12156	-530.0698	-555.72	25.65019	0.5661096	0.6473182	5.282436
12162	-527.2444	-558.7714	31.52705	0.4293035	1.616495	1.254414
12168	-529.0377	-558.721	29.68335	0.557208	1.323396	2.575408
12174	-522.5474	-552.0986	29.55113	0.2229873	0.99243	3.264017
12180	-527.977	-557.885	29.908	0.4129258	1.549425	2.446766
12186	-530.1091	-560.7727	30.66361	0.3662038	2.305032	1.488531
12192	-529.116	-556.7513	27.63525	0.5040941	1.226918	3.896928
12198	-528.2387	-558.7091	30.47046	0.4877001	1.46722	2.052151
12204	-529.9919	-557.539	27.54715	0.3401803	1.58453	3.918193
12210	-527.8326	-558.5142	30.6816	0.3401803	2.00579	1.732226
12216	-531.1574	-562.4082	31.25079	0.3317599	1.815677	1.469587
12222	-522.4239	-553.2672	30.84329	0.515241	2.007319	1.371453
12228	-523.773	-554.9541	31.18105	0.515241	1.871583	1.206277
12234	-521.5192	-553.0848	31.56559	0.3509246	2.081991	0.929401
12240	-524.2358	-554.6878	30.45198	0.3217957	1.393119	2.319424
12246	-526.7057	-556.3527	29.64704	0.3306696	1.421705	2.790208
12252	-523.9826	-553.2935	29.31086	0.5006673	1.436316	2.790208
12258	-521.4567	-552.6229	31.16619	0.3224566	1.436316	1.818268
12264	-523.7726	-553.9194	30.14679	0.5263337	1.280189	2.341902
12270	-531.0766	-560.3907	29.31406	0.434687	1.107469	3.055663
12276	-531.4382	-559.5719	28.13376	0.6186486	1.21903	3.512164
12282	-530.4037	-558.933	28.5293	0.6448024	1.401895	3.150263
12288	-538.0355	-564.432	26.39652	0.6448024	1.148081	4.524576
12294	-537.7249	-564.4593	26.73443	0.7797565	0.5783876	4.557211
12300	-532.1366	-561.8563	29.71972	0.5691797	1.296627	2.55814
12306	-526.4827	-557.0628	30.58011	0.2204316	1.510389	2.324392
12312	-521.6746	-552.5022	30.82759	0.2857571	1.093055	2.324392
12318	-521.9565	-553.354	31.39746	0.3563037	1.936257	1.214464
12324	-534.7223	-562.4589	27.73665	0.2741237	0.8805554	4.297577
12330	-529.223	-558.5305	29.30744	0.3448505	0.7095237	3.39957
12336	-531.201	-561.3805	30.17949	0.3392822	0.9212807	2.759279
12342	-524.3725	-555.2351	30.8626	0.1474717	1.225388	2.471165
12348	-529.1904	-560.3506	31.16025	0.153331	1.207704	2.28086
12354	-526.6325	-557.9467	31.31423	0.2503582	1.470403	1.81229
12360	-523.678	-555.2765	31.59851	0.3440502	2.231003	0.7136108
12366	-528.5115	-558.5825	30.07096	0.6168471	2.306509	1.611606
12372	-538.3934	-566.8404	28.44705	0.3538865	1.683914	3.321406
12378	-526.505	-558.0159	31.51093	0.3504813	1.376979	1.57271
12384	-526.564	-557.2458	30.68184	0.4200679	1.333673	2.079766
12390	-523.0192	-554.1579	31.13864	0.3508905	1.614282	1.669696
12396	-521.2167	-552.3432	31.12651	0.4366351	1.561741	1.595679
12402	-522.1989	-553.7632	31.56424	0.3884884	1.485377	1.392279
12408	-520.7796	-552.6709	31.89125	0.3038982	1.992119	0.7678352
12414	-518.9472	-550.1953	31.24811	0.4211539	1.83637	1.315104
12420	-524.1693	-555.9357	31.76636	0.3926785	1.714244	1.01433
12426	-524.8277	-555.3753	30.54757	0.3926785	1.255475	2.251873
12432	-528.4126	-559.0356	30.62295	0.7361459	1.202219	1.886934
12438	-521.6845	-551.1297	29.44516	0.3862377	1.203842	2.974347
12444	-525.534	-556.508	30.97404	0.4029627	1.231255	1.975276
12450	-525.8927	-556.7559	30.86324	0.3365884	1.320549	2.07918
12456	-525.4742	-553.9335	28.45934	0.5823189	0.6462677	3.686357
12462	-524.5359	-553.4005	28.86466	0.3669408	0.9896684	3.467796
12468	-537.0265	-566.8327	29.80612	0.4459423	1.636606	2.417841
12474	-524.244	-554.7868	30.54283	0.3674637	1.149144	2.354939
12480	-525.4927	-554.0138	28.52116	0.2190391	1.002171	3.864075
12486	-529.2811	-558.0402	28.75916	0.2851218	1.219792	3.500768
12492	-534.5204	-562.5708	28.05036	0.2461272	0.674788	4.276908
12498	-522.5246	-552.3652	29.84057	0.2319036	1.496747	2.773341
12504	-519.4528	-549.5621	30.10935	0.2698979	1.455195	2.572574
12510	-524.7267	-556.4385	31.71174	0.255061	2.320348	0.7229577
12516	-527.0528	-558.1939	31.14113	0.494395	2.355524	0.2918417
12522	-528.7202	-560.8543	32.13404	0.2420678	1.726103	0.9760649
12528	-532.9699	-563.9957	31.0258	0.1960092	2.056821	1.71071
12534	-527.5035	-559.9158	32.41225	0.1993068	1.491401	1.052246
12540	-537.573	-568.2109	30.63792	0.7055093	1.942326	1.368175
12546	-534.4099	-563.4404	29.03052	0.6879549	1.815976	2.559716
12552	-530.4022	-562.1583	31.75609	0.2163998	2.087192	1.062126
12558	-524.4015	-555.7342	31.33264	0.3077723	1.45901	1.709404
12564	-524.0969	-554.2911	30.19416	0.3917271	0.9393036	2.673388
12570	-528.4797	-560.0399	31.56024	0.3566675	1.288257	1.592058
12576	-530.44	-560.6867	30.24674	0.220848	0.9015079	2.906717
12582	-526.7907	-556.8437	30.05295	0.2652769	1.289712	2.716525
12588	-526.3778	-557.5442	31.16645	0.09868646	0.9959727	2.542906
12594	-528.4545	-559.4149	30.96041	0.1810916	1.276532	2.305895
12600	-525.9646	-555.8219	29.85725	0.2612567	0.9249104	3.061665
12606	-525.6353	-555.3795	29.74419	0.2359806	1.047937	3.095306
12612	-526.6337	-556.9039	30.27017	0.5922279	1.563845	2.012106
12618	-528.2068	-559.0871	30.88026	0.3693837	1.538103	1.876144
12624	-527.6871	-557.329	29.64188	0.1909822	1.334505	3.062675
12630	-538.7836	-567.297	28.51337	0.5769814	1.577512	3.1132
12636	-533.5483	-562.7797	29.23147	0.4391636	1.085512	3.1132
12642	-523.2004	-552.639	29.43866	0.2377027	0.9511244	3.330816
12648	-523.9093	-554.0635	30.15418	0.2156646	1.433148	2.647901
12654	-518.3774	-549.817	31.43954	0.1653429	1.116724	2.132743
12660	-526.889	-556.8965	30.00749	0.1647141	1.011761	3.08723
12666	-522.2926	-551.6564	29.36379	0.4210213	0.9550401	3.131918
12672	-535.7212	-565.004	29.28275	0.6076609	0.8817339	3.042383
12678	-538.7244	-565.3734	26.64903	0.5275807	0.6819494	4.741613
12684	-541.845	-569.6453	27.80029	0.7907493	1.32601	3.513898
12690	-539.011	-567.1865	28.17543	0.5713915	1.375818	3.43663
12696	-531.4194	-559.6662	28.24678	0.3832994	0.7381808	3.95128
12702	-532.8042	-561.3876	28.5834	0.3475606	1.002534	3.647388
12708	-535.6974	-564.2451	28.54767	0.344291	1.045204	3.647388
12714	-527.0156	-557.5586	30.54301	0.468068	1.480938	2.017169
12720	-521.7862	-552.7219	30.9357	0.5546233	1.471553	1.656482
12726	-519.6947	-549.5442	29.84949	0.4408819	1.120259	2.717248
12732	-528.6197	-557.4817	28.86196	0.5690742	0.8322845	3.354834
12738	-533.533	-563.0394	29.50643	0.5690742	1.449104	2.595968
12744	-535.617	-563.5887	27.97177	0.6164968	2.054847	3.117122
12750	-533.1886	-565.0457	31.85707	0.2618283	1.815083	1.107536
12756	-529.1587	-559.1203	29.96159	0.3893077	1.485381	2.481827
12762	-534.5652	-562.2786	27.71345	0.5609462	1.312629	3.750876
12768	-528.235	-556.7319	28.49687	0.271592	0.9241415	3.842891
12774	-520.4855	-549.8455	29.36001	0.2963485	0.9762288	3.275524
12780	-524.256	-555.0146	30.75864	0.2963485	1.052979	2.37765
12786	-528.513	-559.222	30.70897	0.3594871	1.28242	2.17329
12792	-536.0071	-566.3362	30.32915	0.4304041	1.28242	2.328713
12798	-528.0033	-556.5315	28.52824	0.4304041	1.01107	3.579847
12804	-529.4855	-558.7932	29.30772	0.2801435	0.8601858	3.397313
12810	-530.7073	-561.4018	30.69449	0.2357834	1.203517	2.419462
12816	-535.0155	-561.4441	26.42858	0.4257392	1.293294	4.620441
12822	-529.7189	-557.4013	27.68242	0.3628902	0.6268507	4.358821
12828	-532.5313	-560.1516	27.6203	0.3945444	0.7795494	4.271792
12834	-526.5347	-552.9242	26.38949	0.474929	0.9085203	4.808583
12840	-535.2965	-562.1855	26.88897	0.5823285	0.9665718	4.399843
12846	-532.5977	-560.1633	27.56554	0.2666106	0.6438123	4.538081
12852	-525.3552	-554.7016	29.34631	0.2863483	0.7767219	3.414822
12858	-525.7381	-554.2996	28.56145	0.2561239	0.668537	3.974834
12864	-527.7324	-555.9604	28.22803	0.2936519	0.9094478	3.974834
12870	-524.3911	-551.9823	27.59115	0.2169399	0.8609246	4.476217
12876	-529.7062	-557.4623	27.75606	0.2838769	0.953263	4.231918
12882	-524.0514	-551.745	27.69359	0.361526	0.5193119	4.414788
12888	-522.8791	-550.7689	27.88981	0.2127981	0.6831614	4.414788
12894	-530.7428	-558.3568	27.61402	0.2676893	0.5600982	4.556354
12900	-529.7629	-561.786	32.02305	0.2343698	1.801958	1.031722
12906	-532.5966	-564.0364	31.43983	0.4367091	2.19985	0.7264774
12912	-527.725	-556.8168	29.09181	0.5078386	0.6677341	3.372969
12918	-527.4776	-556.4554	28.9778	0.5336873	0.7401992	3.372969
12924	-534.7321	-565.0736	30.34145	0.3914346	1.438471	2.26828
12930	-538.2829	-568.6183	30.33535	0.4977501	2.204014	1.626769
12936	-533.738	-564.2986	30.56054	0.617909	1.759489	1.65192
12942	-524.9695	-555.7488	30.77936	0.4307233	1.273862	2.04187
12948	-525.603	-556.9909	31.38793	0.3392576	1.364477	1.687682
12954	-522.9199	-554.403	31.48312	0.37696	1.783549	1.235446
12960	-535.916	-564.791	28.875	0.6869933	1.057599	3.115558
12966	-528.3985	-558.04	29.64148	0.3931966	0.7578332	3.115558
12972	-536.8408	-567.4764	30.63552	0.7780267	0.8235632	2.097022
12978	-530.3088	-557.9288	27.61996	0.6408544	0.8063394	4.02838
12984	-529.9151	-559.7532	29.83814	0.3904255	0.8750416	2.930758
12990	-530.3521	-559.2364	28.88435	0.5560709	0.8816663	3.324264
12996	-530.2378	-558.7847	28.54689	0.5560709	0.7276812	3.611412
13002	-534.0112	-563.682	29.67082	0.3681977	1.518276	2.668043
13008	-524.6842	-554.7129	30.02878	0.3108824	1.483004	2.544722
13014	-535.1103	-565.429	30.31873	0.4063888	1.34316	2.325263
13020	-522.9433	-552.5748	29.63149	0.610045	1.757543	2.285329
13026	-527.4523	-558.2709	30.81859	0.5207632	1.57849	1.701621
13032	-532.2017	-562.1773	29.97556	0.4989545	1.013359	2.643805
13038	-531.1701	-560.757	29.58687	0.4989545	0.9538041	2.917114
13044	-527.8218	-557.0172	29.19544	0.5077048	0.88685	3.182673
13050	-529.2069	-559.7709	30.56404	0.4410503	1.14561	2.253605
13056	-536.5048	-568.9695	32.4647	0.11497	1.425924	1.315741
13062	-540.302	-571.3486	31.04661	0.1904384	0.7878965	2.541105
13068	-530.4158	-558.007	27.59125	0.3599718	0.6353818	4.408857
13074	-525.5605	-555.1888	29.62828	0.1554839	0.6053288	3.568048
13080	-525.5303	-554.7547	29.22445	0.1083888	1.185815	3.568048
13086	-530.135	-560.213	30.07796	0.2186033	1.112571	2.884994
13092	-542.6709	-570.095	27.42417	0.3524476	0.5721649	4.547302
13098	-542.8187	-570.6647	27.84605	0.1859835	0.5717829	4.547302
13104	-540.4073	-568.7973	28.38995	0.609105	0.8334652	3.595381
13110	-537.6782	-569.5193	31.84104	0.3442941	2.00869	0.6766538
13116	-536.482	-566.5406	30.05856	0.570928	2.273959	1.692077
13122	-536.8718	-563.9291	27.05724	0.4157925	0.182398	4.90022
13128	-535.2833	-562.4788	27.19552	0.40488	0.06479001	4.90022
13134	-536.3595	-563.9625	27.60297	0.3570338	0.08892991	4.71258
13140	-534.1964	-561.5505	27.35416	0.5307853	0.0236552	4.71258
13146	-544.2355	-568.7646	24.52907	0.3632343	0.06364585	6.409538
13152	-528.7352	-558.9814	30.24613	0.2277837	1.228554	2.696231
13158	-528.3735	-559.5666	31.19308	0.4198462	1.431256	1.664069
13164	-526.6534	-557.8389	31.18543	0.04304569	1.221098	2.554838
13170	-526.9207	-558.2793	31.35863	0.03467893	1.08823	2.554838
13176	-526.244	-556.5805	30.33651	0.03085656	1.40107	2.997909
13182	-535.7696	-567.4258	31.65613	0.3080355	1.758563	1.235072
13188	-540.2113	-570.6676	30.45636	0.2853918	2.319976	1.757085
13194	-531.4042	-562.773	31.36879	0.6102374	1.924736	0.8211882
13200	-526.4975	-557.2597	30.7622	0.3529705	1.924736	1.713437
13206	-528.3363	-559.3316	30.99526	0.3826	1.49801	1.806497
13212	-527.1607	-556.399	29.2383	0.3826	1.26598	3.065383
13218	-527.7211	-556.6872	28.96604	0.3490183	1.047322	3.396498
13224	-526.8748	-555.3363	28.46147	0.5136452	1.248515	3.396498
13230	-523.26	-554.3825	31.12247	0.4699828	1.340191	1.715027
13236	-524.6691	-554.5273	29.85818	0.3367192	1.279432	2.740146
13242	-522.845	-553.987	31.14195	0.5699261	1.222386	1.670511
13248	-529.8035	-558.2851	28.48162	0.7785567	1.005059	3.311319
13254	-526.9841	-555.3973	28.41314	0.5519441	0.8159744	3.641462
13260	-526.5377	-556.5122	29.97453	0.5519441	1.083361	2.548661
13266	-532.8416	-561.8946	29.05305	0.4513803	1.098246	3.198638
13272	-526.3404	-558.1856	31.84515	0.3173765	1.700768	1.101748
13278	-524.2118	-555.0332	30.82134	0.4502041	1.146055	2.075328
13284	-525.1487	-553.5481	28.39939	0.382245	1.169026	3.616308
13290	-523.2929	-555.2305	31.93759	0.3345941	1.57423	1.098148
13296	-526.9208	-556.0981	29.17727	0.5652886	1.331863	2.872672
13302	-532.7107	-562.9948	30.28412	0.1343249	0.7119671	3.164581
13308	-529.1768	-558.0319	28.85519	0.3890303	1.469847	3.164581
13314	-526.117	-555.2738	29.15679	0.3382386	1.210057	3.201725
13320	-529.8777	-559.7753	29.89761	0.2548021	1.091612	2.947392
13326	-521.4912	-551.397	29.90586	0.2548021	1.083354	2.947392
13332	-523.4996	-552.9929	29.49327	0.5606438	1.221689	2.7518
13338	-518.3765	-548.9782	30.60169	0.2933887	0.9584047	2.539908
13344	-529.2835	-557.4462	28.16269	0.498454	0.9865483	3.737106
13350	-519.6879	-549.7814	30.09357	0.2851178	1.02235	2.825062
13356	-527.268	-554.8598	27.59177	0.3089462	0.8830571	4.331337
13362	-526.8961	-557.3657	30.46957	0.5033892	1.0232	2.32369
13368	-529.5572	-558.7717	29.21453	0.5390358	1.752565	2.617406
13374	-533.9168	-563.7425	29.82568	1.28308	1.589034	1.789974
13380	-525.8525	-555.5504	29.69792	0.606277	1.848638	2.187378
13386	-538.1548	-566.5164	28.36162	0.4270739	1.03762	3.66465
13392	-542.8167	-567.8348	25.01813	0.6051302	0.6363991	5.604665
13398	-537.6035	-564.9279	27.32435	0.7349679	0.3448586	4.387569
13404	-547.0442	-572.6237	25.57948	0.6710143	0.3759943	5.388696
13410	-534.6704	-560.6481	25.97764	0.4179676	0.3759934	5.388696
13416	-536.3434	-561.8179	25.47456	0.5238918	1.040562	5.198482
13422	-525.4647	-554.7902	29.32558	0.644002	1.3537	2.699575
13428	-519.5281	-549.7631	30.23495	0.3755571	1.381207	2.392583
13434	-521.3376	-551.6435	30.30588	0.3614077	1.234775	2.458288
13440	-520.3972	-551.6824	31.28528	0.2161665	1.394178	1.947514
13446	-516.7015	-547.8294	31.12787	0.2510644	1.32884	2.032724
13452	-523.4654	-552.964	29.4986	0.262187	1.009031	3.223506
13458	-532.3411	-562.6853	30.34422	0.1406799	0.9977442	2.943846
13464	-526.9885	-557.0909	30.10239	0.3411926	1.308878	2.565589
13470	-527.8431	-556.9083	29.06516	0.2297568	1.140303	3.45161
13476	-531.882	-560.8475	28.96555	0.3328026	0.9884604	3.45161
13482	-527.9394	-556.1187	28.17933	0.6020337	0.9198737	3.67332
13488	-533.7919	-562.3937	28.60176	0.6020337	1.603644	3.022753
13494	-537.9419	-567.6675	29.72558	0.485073	1.600358	2.448539
13500	-527.2688	-558.392	31.12325	0.5178593	1.548981	1.504982
13506	-533.1654	-564.2997	31.13424	0.3066873	2.045294	1.426107
13512	-535.929	-567.3197	31.39078	0.4073365	1.419503	1.546122
13518	-524.6923	-556.6986	32.00628	0.2613798	1.621858	1.148093
13524	-529.4172	-560.2824	30.86516	0.3130359	1.485738	2.00304
13530	-530.9172	-559.9662	29.04898	0.5394805	1.372532	2.949594
13536	-525.9368	-556.8447	30.90797	0.4707418	1.423888	1.805468
13542	-527.5879	-557.537	29.94917	0.5872141	1.219446	2.446169
13548	-536.2734	-565.7548	29.48146	0.3400432	0.8878111	3.197991
13554	-534.0918	-564.208	30.11623	0.4504529	1.092518	2.559224
13560	-534.1571	-563.7912	29.63412	0.4671761	1.39655	2.651253
13566	-525.7199	-555.67	29.9501	0.3255253	1.39655	2.626722
13572	-530.2638	-559.4679	29.20414	0.1798096	1.103405	3.47814
13578	-532.2352	-561.3307	29.0955	0.2436616	1.026977	3.47814
13584	-527.1856	-557.8802	30.69462	0.4884135	1.735799	1.715627
13590	-527.6171	-559.0335	31.41639	0.4379846	1.835437	1.148051
13596	-522.0826	-553.8019	31.7193	0.4165517	1.722827	1.007214
13602	-525.9749	-555.7518	29.77688	0.5630924	1.79891	2.209857
13608	-525.9093	-557.8341	31.92482	0.3064162	1.65296	1.09536
13614	-524.091	-554.1141	30.02306	0.2204718	1.071654	2.939645
13620	-532.8366	-563.9637	31.12712	0.409954	1.071654	1.970712
13626	-532.2179	-562.7168	30.49891	0.5814757	1.412991	1.970712
13632	-525.9014	-556.9864	31.08494	0.3067984	1.328579	1.970712
13638	-530.3559	-559.7897	29.43376	0.3179724	0.9385189	3.224899
13644	-527.255	-557.2056	29.95066	0.352699	1.107527	2.767885
13650	-524.7107	-554.3745	29.66378	0.4471179	1.311165	2.707202
13656	-536.3463	-566.0822	29.7359	0.4456045	1.659201	2.448198
13662	-534.4028	-563.3377	28.93489	0.451854	1.471602	3.046203
13668	-536.6728	-567.325	30.65218	0.6100358	1.14264	2.020979
13674	-533.6117	-562.6964	29.08472	0.6100358	1.196716	2.97019
13680	-528.9046	-560.6957	31.79113	0.4923155	1.636866	0.8794463
13686	-529.2293	-560.8923	31.66301	0.4016703	1.999953	0.7885371
13692	-529.156	-558.9373	29.78126	0.8078968	1.228156	2.364036
13698	-524.5628	-554.4696	29.90682	0.1963732	1.046409	3.066708
13704	-524.5549	-554.3995	29.84454	0.2218242	1.034552	3.066708
13710	-524.3548	-553.7822	29.42737	0.3567255	1.127283	3.066708
13716	-527.1687	-557.3089	30.14023	0.3404644	0.9372699	2.771933
13722	-535.8256	-563.3256	27.50003	0.4115778	0.7357774	4.346105
13728	-528.8262	-556.461	27.63481	0.2377789	0.9902489	4.346105
13734	-526.066	-554.7233	28.65733	0.3411259	0.7786322	3.742039
13740	-525.9278	-554.2986	28.37077	0.1423515	1.092798	4.038049
13746	-526.334	-556.4078	30.07382	0.2308959	1.847751	2.413006
13752	-529.4995	-559.3238	29.82433	0.2165296	1.385745	2.876738
13758	-529.1164	-559.0108	29.89441	0.5588676	1.243498	2.492123
13764	-527.4729	-557.6538	30.1809	0.5743801	1.162636	2.347719
13770	-536.0105	-566.3925	30.382	0.4202667	2.644392	1.362781
13776	-527.9529	-558.3446	30.39164	0.4885397	2.514013	1.362781
13782	-520.3434	-551.1906	30.84716	0.6781606	1.478964	1.587529
13788	-523.2982	-554.9919	31.69371	0.4028773	1.680357	1.09683
13794	-522.5259	-553.1752	30.64931	0.900614	1.622821	1.428728
13800	-534.3851	-564.4214	30.03628	0.7737201	1.936104	1.753528
13806	-530.5952	-561.5672	30.97208	0.2728049	1.840059	1.753528
13812	-525.4777	-557.4775	31.99978	0.2257076	1.357476	1.446451
13818	-529.7119	-561.8228	32.11091	0.127391	1.368542	1.592595
13824	-529.4604	-560.7017	31.24134	0.4409458	1.443352	1.592595
13830	-526.6313	-557.9606	31.32935	0.4962946	1.842935	1.128794
13836	-526.9001	-558.1995	31.29936	0.1424967	1.619495	1.944856
13842	-530.3435	-559.0489	28.70532	0.4454207	1.617063	3.103274
13848	-528.7655	-559.8322	31.06677	0.2429707	1.727262	1.819238
13854	-526.5057	-556.9299	30.42415	0.07873231	0.8302064	3.148041
13860	-530.6249	-561.4529	30.82801	0.2430433	1.240077	2.299182
13866	-531.6639	-562.3009	30.63699	0.4587562	1.554217	1.915905
13872	-529.3285	-560.345	31.01655	0.3802456	1.597956	1.725199
13878	-524.2076	-554.4608	30.25322	0.38791	1.022408	2.59025
13884	-525.4278	-555.7611	30.33324	0.3963815	0.9315329	2.586723
13890	-524.0948	-554.7087	30.6139	0.1604842	1.042272	2.710869
13896	-527.4138	-557.6169	30.20309	0.1705929	0.7856491	3.09385
13902	-524.8879	-552.1222	27.23429	0.259167	0.6212196	4.746927
13908	-526.2014	-557.6576	31.45618	0.0977595	1.129792	2.278137
13914	-526.8947	-557.6915	30.79677	0.4171502	1.358935	1.990452
13920	-522.7325	-554.2451	31.51259	0.4165138	1.481927	1.393299
13926	-529.1897	-559.4548	30.2651	0.5576535	2.295007	1.541884
13932	-523.5447	-554.2401	30.69534	0.5774816	1.651086	1.675192
13938	-534.4315	-561.6416	27.21012	0.7045527	1.083793	4.055221
13944	-527.2924	-555.3099	28.01751	0.4054625	0.7424012	4.055221
13950	-529.2963	-558.2933	28.99693	0.8040822	1.227008	2.85302
13956	-523.875	-553.5198	29.64474	0.7868446	1.067009	2.566389
13962	-534.1184	-563.7674	29.64901	0.6556094	1.004914	2.705354
13968	-524.3363	-552.5155	28.17922	0.4727609	0.5052419	4.028749
13974	-522.3121	-550.6393	28.32724	0.3183022	0.6591576	4.028749
13980	-522.2454	-550.8491	28.60373	0.448144	0.8986562	3.58266
13986	-522.8615	-552.1993	29.33779	0.3895832	1.232018	3.017926
13992	-529.3468	-556.8865	27.53964	0.2374442	0.6406486	4.597007
13998	-526.6284	-557.2436	30.6152	0.2362677	0.8733181	2.673467
14004	-522.9498	-552.5513	29.60149	0.4545564	1.23116	2.786109
14010	-534.3711	-561.8268	27.45563	0.3014246	0.83086	4.447391
14016	-525.0902	-551.4605	26.37025	0.1790219	1.197694	5.034059
14022	-523.6344	-552.6423	29.00788	0.2093145	0.8853742	3.666881
14028	-522.8271	-552.3723	29.54514	0.111644	0.8853742	3.548552
14034	-519.8985	-549.5604	29.66193	0.383626	0.9188253	3.018403
14040	-534.6273	-564.9507	30.32345	0.2718585	1.560231	2.369441
14046	-532.0901	-562.5976	30.50754	0.3406539	0.9879502	2.513879
14052	-526.9401	-557.1757	30.23556	0.2513686	1.317505	2.608929
14058	-522.2725	-552.9004	30.62794	0.2679359	0.840444	2.635114
14064	-521.741	-553.9805	32.23947	0.1048586	1.587015	1.39915
14070	-525.9692	-558.4208	32.45161	0.04799432	1.639442	1.39915
14076	-521.065	-553.6632	32.59817	0.1329389	1.639442	0.9388142
14082	-533.6699	-565.4386	31.76871	0.4980945	1.596259	0.9388142
14088	-530.264	-561.4975	31.23353	0.3014695	1.596259	1.692693
14094	-527.1064	-558.3915	31.28508	0.4079582	1.322508	1.691939
14100	-528.023	-559.0676	31.04464	0.276766	1.241535	2.102341
14106	-530.6265	-560.8215	30.19492	0.4486369	1.417561	2.307122
14112	-526.5644	-557.8971	31.3327	0.2754645	1.272566	1.891568
14118	-530.1983	-560.4091	30.21078	0.3032942	1.875154	2.191676
14124	-525.8154	-556.6046	30.78915	0.3032942	1.40479	2.121369
14130	-527.4798	-557.4362	29.95636	0.4888011	1.517086	2.351405
14136	-520.3907	-550.7272	30.33655	0.2643588	1.594334	2.351405
14142	-520.9125	-552.0842	31.17171	0.5001801	1.595047	1.455408
14148	-522.366	-554.3494	31.98343	0.2580881	1.392764	1.364676
14154	-523.4816	-554.6424	31.16079	0.3601688	1.454727	1.753094
14160	-530.394	-560.9638	30.5698	0.4894642	2.069581	1.563999
14166	-531.056	-561.5966	30.54062	0.3659441	1.685104	2.010568
14172	-526.776	-557.2154	30.43945	0.3824221	2.22045	1.690039
14178	-529.9882	-558.2514	28.26316	0.2888845	1.187154	3.801827
14184	-529.7957	-558.8929	29.09723	0.4172039	1.300173	3.089354
14190	-530.2732	-560.2346	29.96135	0.7558459	1.05802	2.397293
14196	-527.1572	-558.6294	31.47218	0.5400515	2.040598	0.6378553
14202	-527.9974	-559.643	31.64554	0.4048255	1.872225	0.9526503
14208	-527.407	-558.1193	30.71233	0.4799135	1.872225	1.615762
14214	-530.4942	-561.3871	30.89289	0.5429709	1.588226	1.616295
14220	-531.4834	-561.4463	29.9629	0.7693455	1.73236	1.947095
14226	-536.4047	-566.739	30.33433	0.4226906	1.636661	2.105812
14232	-532.2072	-561.9351	29.72785	0.6273997	1.749978	2.212364
14238	-538.3058	-569.0117	30.7059	0.6338795	2.301971	1.087883
14244	-537.7271	-563.8776	26.15051	0.7475768	0.9495194	4.698522
14250	-534.8468	-565.4736	30.62674	0.881135	1.943842	1.204941
14256	-524.5895	-555.0611	30.47167	0.4887286	2.143998	1.582282
14262	-527.9837	-558.3138	30.33007	0.4305553	2.071728	1.806502
14268	-534.0071	-563.7977	29.79063	0.5884319	1.159936	2.58115
14274	-530.0741	-560.0749	30.00075	0.5477685	1.888892	2.019711
14280	-531.0954	-559.9193	28.82386	0.3095295	0.6646811	3.75202
14286	-524.3119	-553.0975	28.78559	0.4936421	1.102693	3.311062
14292	-526.8385	-557.085	30.24649	0.6850863	1.167919	2.202501
14298	-526.0885	-554.8438	28.75533	0.5557343	1.167919	3.231805
14304	-528.7031	-559.6319	30.92877	0.4455507	0.9702661	2.125633
14310	-526.4027	-557.2554	30.8527	0.3328461	1.450452	2.005521
14316	-530.709	-560.9556	30.24667	0.7871619	1.450452	1.931381
14322	-525.9726	-556.316	30.34342	0.5102906	1.737745	1.931381
14328	-529.9257	-561.2613	31.33557	0.4740042	1.902115	1.103652
14334	-531.4107	-560.8664	29.45571	0.41308	2.123589	2.369677
14340	-526.1392	-557.7624	31.6232	0.4659877	1.480103	1.233293
14346	-522.6599	-554.3824	31.72254	0.1650737	1.475958	1.698136
14352	-525.8379	-555.7965	29.95863	0.1543844	1.039781	3.120538
14358	-526.7197	-557.2728	30.55311	0.09167402	0.7695674	3.07256
14364	-521.1005	-551.5377	30.43722	0.198833	1.142244	2.683064
14370	-527.2713	-557.1744	29.90305	0.3621856	1.273943	2.683064
14376	-519.8723	-550.3425	30.47016	0.2637281	0.9309396	2.683064
14382	-525.6592	-554.5965	28.93728	0.266053	1.552521	3.228276
14388	-529.2912	-560.0173	30.72607	0.1318726	1.649598	2.325266
14394	-532.7714	-563.6881	30.91666	0.6369731	1.972887	1.189565
14400	-529.8154	-561.3632	31.54774	0.5575248	1.718207	0.9434669
14406	-526.5803	-556.2413	29.66098	0.5936484	1.00836	2.749527
14412	-524.9848	-556.049	31.06418	0.3339263	1.510699	1.819934
14418	-532.3685	-562.8909	30.52245	0.2272188	2.336817	1.803719
14424	-522.7276	-553.4881	30.76058	0.5785947	1.594356	1.667939
14430	-523.8928	-553.8303	29.93753	0.331137	0.615146	3.100449
14436	-516.6903	-547.074	30.38376	0.6173689	1.3801	2.034563
14442	-518.3067	-550.2966	31.98991	0.278506	1.871551	0.8733059
14448	-515.1888	-547.0353	31.84643	0.235244	1.684541	1.288794
14454	-521.2456	-553.1075	31.86187	0.2401647	1.838934	1.132686
14460	-520.4217	-551.9212	31.49945	0.3711006	2.282361	0.3428885
14466	-517.8642	-548.7339	30.86968	0.3159271	2.687371	0.1734599
14472	-517.7375	-548.6866	30.9491	0.3159271	2.732305	0.2122928
14478	-516.9224	-548.4161	31.49369	0.1869936	2.526698	0.2122928
14484	-517.1529	-548.4334	31.28046	0.3298083	2.478715	0.2607171
14490	-518.3586	-549.4974	31.1388	0.3987376	2.478715	0.2607171
14496	-525.0113	-556.7448	31.73356	0.0918181	2.478715	0.1648607
14502	-528.6444	-560.4395	31.79509	0.125487	2.534083	0.2545383
14508	-527.8024	-558.8674	31.06499	0.4022763	2.534083	0.2545383
14514	-524.0837	-555.4869	31.40313	0.3131514	2.490295	0.3300341
14520	-528.6036	-560.029	31.42533	0.2898037	2.367562	0.2327029
14526	-528.1538	-560.1205	31.96664	0.1428324	2.367562	0.2970433
14532	-534.8831	-566.5074	31.6243	0.3193217	2.299307	0.3849397
14538	-528.5807	-560.0422	31.46146	0.4568541	2.201684	0.4068114
14544	-529.7902	-562.1032	32.31295	0.1171853	2.201684	0.3854236
14550	-522.928	-555.6922	32.76423	0.0457789	2.098236	0.4359607
14556	-521.9859	-554.7632	32.77728	0.03433375	2.098236	0.3562503
14562	-520.6152	-553.649	33.03379	0.02739665	1.880162	0.6594902
14568	-520.9246	-553.9272	33.0026	0.0310072	1.912043	0.6254892
14574	-519.9946	-552.7166	32.72202	0.08963746	1.912043	0.6254892
14580	-522.8169	-555.6297	32.81284	0.0284832	1.982147	0.834759
14586	-531.2462	-563.3616	32.11537	0.06115072	1.71782	1.544734
14592	-529.7592	-559.4048	29.64563	0.4178488	1.16274	2.841443
14598	-529.2945	-556.8754	27.58098	0.4274039	0.8466597	4.22079
14604	-545.4203	-573.4581	28.03781	0.8512264	1.046885	3.49731
14610	-538.2959	-564.5083	26.21245	0.9244916	1.001657	4.520919
14616	-529.5271	-558.5324	29.00533	0.3865176	0.8980822	3.416102
14622	-525.5907	-555.772	30.18127	0.3865176	1.135814	2.56624
14628	-523.1506	-553.8697	30.71911	0.2134061	1.16146	2.469681
14634	-527.3685	-556.7327	29.36424	0.1470657	0.9376353	3.545421
14640	-523.6172	-554.5445	30.92727	0.2987245	1.31246	2.098326
14646	-532.6587	-560.5837	27.925	0.5237238	1.350249	3.640418
14652	-524.5022	-555.0164	30.51415	0.5967823	1.307387	2.015976
14658	-524.758	-555.6123	30.85428	0.5967823	1.257172	1.819842
14664	-524.6299	-555.7263	31.09636	0.5535598	1.57006	1.466965
14670	-527.0207	-558.0587	31.03791	0.8317687	1.741646	1.067698
14676	-524.039	-554.1965	30.15748	0.3607084	1.923547	2.113187
14682	-526.082	-555.0791	28.99707	0.4052125	1.006108	3.336252
14688	-522.8573	-553.4524	30.59511	0.5879122	2.020009	1.466619
14694	-526.4436	-557.2057	30.76215	0.5879122	2.084433	1.284653
14700	-525.9819	-556.7478	30.76593	0.5879122	1.651107	1.613328
14706	-531.4067	-561.595	30.18832	0.4472342	2.456551	1.613328
14712	-527.732	-557.6969	29.9649	0.4008233	2.009372	2.130718
14718	-530.9038	-562.4681	31.56436	0.4008233	1.686985	1.208741
14724	-528.1829	-559.6722	31.48923	0.4641614	2.127359	0.682111
14730	-525.9439	-557.3815	31.43757	0.448942	2.205828	0.682111
14736	-528.208	-559.6082	31.40021	0.5178684	2.164381	0.5937721
14742	-530.9323	-562.906	31.97373	0.2768129	2.080313	0.5158976
14748	-530.7234	-562.0116	31.28819	0.4806212	2.293215	0.6946652
14754	-528.0304	-558.0901	30.0597	0.6879464	2.293215	1.55839
14760	-532.5293	-563.4136	30.88432	0.5879541	2.201788	1.076445
14766	-531.889	-562.6582	30.76916	0.5942614	2.683028	0.4302668
14772	-530.6376	-561.0853	30.44765	0.5831434	2.82491	0.8938199
14778	-529.8895	-560.739	30.84945	0.4469891	2.759342	0.3152649
14784	-531.3141	-561.9695	30.6554	0.5237797	2.759342	0.270102
14790	-536.328	-566.9699	30.64187	0.5237797	2.759342	0.2623969
14796	-538.4375	-569.3634	30.92594	0.5807011	2.446768	0.300452
14802	-537.4125	-568.3565	30.94397	0.5807011	2.445352	0.3136634
14808	-530.4875	-561.4503	30.96285	0.5976506	1.774595	1.360918
14814	-522.8997	-553.4845	30.5848	0.5298868	1.279534	2.055071
14820	-527.9233	-559.3358	31.41256	0.5468099	1.74878	1.064277
14826	-529.4391	-558.4265	28.98735	0.6066686	1.45127	2.878314
14832	-522.8822	-553.0473	30.16516	0.5161362	1.257728	2.354907
14838	-521.7147	-552.3405	30.62581	0.3706647	1.059699	2.354907
14844	-523.2019	-552.3713	29.16947	0.240342	1.072552	3.413397
14850	-522.7928	-550.4277	27.63488	0.5272659	1.059155	3.971755
14856	-523.645	-551.2748	27.62984	0.3934119	0.7503633	4.284161
14862	-521.4449	-550.6956	29.25068	0.3413573	0.9665495	3.286206
14868	-531.4072	-561.699	30.29176	0.2337202	0.7280232	2.962644
14874	-524.85	-556.4541	31.60409	0.3482957	1.5963	1.337942
14880	-527.5808	-559.1868	31.60601	0.5310646	1.786566	0.8465875
14886	-526.7395	-557.8675	31.12802	0.3856906	1.842115	1.457757
14892	-529.6481	-560.4692	30.8211	0.3814687	2.455801	1.219213
14898	-530.7237	-559.7562	29.03252	0.9166095	1.300158	2.709933
14904	-525.1487	-555.3342	30.18551	0.6279674	2.256306	1.55305
14910	-533.8516	-561.1383	27.28661	0.3701637	0.4104448	4.694601
14916	-534.9905	-562.1531	27.1626	0.1863658	0.991323	4.694601
14922	-532.1169	-560.3283	28.21141	0.1359578	0.4882089	4.484052
14928	-530.9166	-561.1539	30.23729	0.2195018	0.2393913	3.309246
14934	-525.6747	-553.1405	27.46584	0.2626899	0.6564094	4.592542
14940	-532.4074	-560.1783	27.77095	0.2263918	0.5499668	4.535028
14946	-532.147	-560.079	27.93205	0.2940583	0.5303069	4.357922
14952	-530.6772	-558.0537	27.37649	0.6153425	0.6878594	4.254625
14958	-533.9292	-563.7729	29.84366	0.1448573	1.191615	3.118497
14964	-524.5909	-554.9286	30.33762	0.1850569	1.283792	2.683199
14970	-527.6731	-558.2464	30.57328	0.1177897	0.9736288	2.872367
14976	-528.7657	-556.9654	28.19965	0.2373605	0.6635885	4.211898
14982	-531.8354	-559.8962	28.06086	0.2132877	0.8694421	4.211898
14988	-527.7671	-557.8249	30.05782	0.2674675	1.057753	2.851577
14994	-531.7439	-562.0376	30.29368	0.1703843	1.092728	2.855228
15000	-533.7868	-563.8769	30.09007	0.4415403	0.8673087	2.724099
15006	-540.5714	-571.4423	30.87089	0.388254	1.096109	2.15141
15012	-535.9722	-565.2276	29.25538	0.5279919	1.030991	3.041595
15018	-535.1008	-566.0631	30.96235	0.3032392	1.316199	2.065879
15024	-528.0758	-559.3658	31.28994	0.298371	1.0928	2.004318
15030	-532.692	-564.7606	32.06866	0.2352219	1.557366	1.209573
15036	-531.9627	-562.5238	30.56108	0.3806793	1.89554	1.834393
15042	-536.4259	-567.6627	31.2368	0.1857455	1.699781	1.834393
15048	-534.2406	-565.3473	31.10667	0.302331	1.49062	1.85325
15054	-531.8115	-563.0806	31.26915	0.1611914	1.24961	2.166246
15060	-531.2405	-561.8954	30.6549	0.2727616	1.355076	2.287597
15066	-525.1916	-554.0405	28.84891	0.2100202	0.9348299	3.729018
15072	-529.3407	-560.06	30.7193	0.423343	1.014102	2.259145
15078	-528.194	-558.9051	30.71112	0.372024	1.427478	2.060121
15084	-530.5846	-562.024	31.43934	0.2753306	1.848532	1.399946
15090	-534.4937	-566.495	32.0013	0.3215056	1.249136	1.344393
15096	-542.6291	-573.9734	31.34436	0.3923205	1.910096	1.220104
15102	-536.7443	-565.5607	28.81633	0.7622924	1.998863	2.520484
15108	-539.1671	-568.8316	29.6645	0.4901314	3.147115	1.433896
15114	-530.0549	-559.9885	29.93357	0.396154	1.206921	2.663756
15120	-528.7318	-558.5856	29.85378	0.2779669	0.8954448	3.056444
15126	-527.4927	-557.7382	30.24545	0.1239846	0.971247	3.056444
15132	-529.2294	-558.0905	28.86105	0.3746263	1.311662	3.27171
15138	-530.4043	-560.7917	30.38737	0.3057962	1.075819	2.582137
15144	-523.3456	-553.0827	29.73711	0.1430822	1.044931	3.272375
15150	-524.1988	-554.8022	30.60336	0.2030919	1.269245	2.493516
15156	-525.6936	-557.4834	31.78981	0.2598619	1.37441	1.523409
15162	-526.7844	-557.6848	30.90039	0.4391196	1.654947	1.68801
15168	-529.3867	-558.9976	29.61086	0.2183357	1.092805	3.177018
15174	-528.3438	-559.4092	31.06538	0.1588782	1.128463	2.379582
15180	-530.2429	-559.8855	29.64261	1.021442	1.113369	2.379582
15186	-524.9273	-554.7076	29.78028	0.6482462	1.270271	2.465708
15192	-538.9641	-568.8845	29.9204	0.8257261	2.926477	0.1999734
15198	-531.9612	-562.7797	30.81854	0.7017563	2.455948	0.3710899
15204	-534.7683	-564.1793	29.41098	0.7017563	2.455948	1.888386
15210	-533.5403	-564.3853	30.84501	0.7017563	1.468436	1.574115
15216	-536.2174	-567.2192	31.00177	0.4654517	1.664827	1.574115
15222	-536.005	-566.768	30.76294	0.6177223	1.731077	1.525128
15228	-536.0079	-566.9425	30.93463	0.6177223	1.292783	1.717965
15234	-535.3678	-565.4394	30.07156	0.6393764	1.307779	2.264991
15240	-531.7713	-562.8563	31.08498	0.6393764	1.754779	1.229163
15246	-537.3849	-567.935	30.55008	0.796862	2.424775	0.9110522
15252	-536.4804	-565.5372	29.0568	0.8588902	1.166863	2.815005
15258	-541.4257	-569.0201	27.59436	0.5836897	1.227763	3.848616
15264	-542.6058	-571.0884	28.48258	0.7839904	1.662796	2.914961
15270	-534.5783	-562.1665	27.58817	0.8499906	1.127651	3.712268
15276	-533.4157	-563.34	29.92426	0.5933683	1.477312	2.292785
15282	-532.847	-560.6038	27.75683	0.4568894	1.3406	3.807871
15288	-529.1648	-559.1498	29.98506	0.6171301	1.162042	2.432414
15294	-530.8212	-557.7526	26.93136	0.6171301	0.801792	4.440307
15300	-530.8954	-559.1355	28.24018	0.6538162	0.8684183	3.625641
15306	-533.4994	-561.7524	28.25308	0.4892716	1.142952	3.60311
15312	-529.7883	-558.7447	28.95636	0.4892716	1.037214	3.253269
15318	-531.3382	-559.9112	28.57304	0.4892716	1.429242	3.248124
15324	-530.4242	-560.8277	30.40348	0.2379504	1.28295	2.548257
15330	-530.7911	-561.2851	30.49392	0.422898	1.1636	2.308248
15336	-527.0488	-556.143	29.0942	0.422898	1.282332	3.095468
15342	-530.729	-562.176	31.44695	0.4620378	1.576685	1.304712
15348	-538.3932	-568.6903	30.29714	0.4756876	1.719088	2.013583
15354	-533.6049	-564.7636	31.15872	0.1976695	1.372568	2.082113
15360	-538.325	-571.1842	32.85926	0.07722541	1.625416	0.9228419
15366	-525.7369	-558.5674	32.83042	0.08802365	1.767797	0.7112267
15372	-524.6088	-556.8365	32.22768	0.2188977	1.969154	0.5747805
15378	-526.4998	-558.9435	32.44376	0.1387982	1.969154	0.6765844
15384	-524.0274	-555.8802	31.85278	0.3871451	1.909233	0.6765844
15390	-527.3007	-559.5741	32.27346	0.2004376	1.515706	1.153912
15396	-527.6013	-558.5879	30.98656	0.1444781	1.060935	2.503162
15402	-525.3126	-557.0636	31.75101	0.1506123	1.193112	1.908351
15408	-524.8615	-555.5189	30.65747	0.1236282	1.095561	2.733045
15414	-540.1843	-569.5371	29.35285	0.6394816	3.001155	1.605521
15420	-535.0039	-566.2691	31.26526	0.610594	2.141625	0.6382198
15426	-537.9615	-568.3922	30.43072	0.8544984	1.970942	1.367468
15432	-529.557	-554.7943	25.23729	0.4475663	0.8456508	5.507942
15438	-522.2799	-552.5868	30.3069	0.4475663	1.441085	2.221391
15444	-521.0278	-552.5088	31.481	0.2446631	1.641584	1.583249
15450	-530.2816	-560.3125	30.03096	0.3417924	1.618262	2.41592
15456	-533.3784	-562.3963	29.01795	0.7058829	1.603137	2.684522
15462	-542.2568	-572.8447	30.58792	0.5705833	1.495228	1.865917
15468	-528.1653	-558.1525	29.98716	0.5705833	0.9425135	2.610563
15474	-529.8591	-561.5407	31.68158	0.4433593	1.95794	0.7068606
15480	-532.1708	-563.1536	30.98283	0.6816448	1.731262	1.285855
15486	-526.1694	-557.8128	31.64342	0.3622557	1.629879	1.25488
15492	-525.2574	-556.4518	31.19446	0.3622557	1.568695	1.645431
15498	-528.3478	-558.3467	29.99882	0.5225866	1.310546	2.420137
15504	-527.2658	-557.3344	30.06854	0.5225866	1.326141	2.366212
15510	-529.5226	-558.0959	28.57324	0.3419055	1.137344	3.582043
15516	-529.2066	-558.1616	28.95498	0.4718112	0.7962049	3.413316
15522	-524.3237	-554.811	30.48728	0.2582233	1.059874	2.601635
15528	-530.7655	-559.0034	28.23794	0.6964297	0.540632	3.783498
15534	-526.166	-553.3167	27.15071	0.4901922	0.8368069	4.407331
15540	-525.0294	-554.5281	29.49865	0.591567	0.9183091	2.904693
15546	-526.8208	-554.9581	28.13729	0.408134	1.285251	3.671683
15552	-520.5812	-548.8863	28.30501	0.3363582	0.6527329	4.022402
15558	-523.2441	-553.0084	29.76433	0.3363582	0.8750895	3.041858
15564	-525.4588	-553.8576	28.39879	0.4091671	0.9985732	3.685122
15570	-528.8591	-556.5859	27.72684	0.3515567	0.5234002	4.405433
15576	-527.4455	-555.1688	27.7233	0.180495	0.9237605	4.428024
15582	-525.7141	-554.6925	28.97838	0.187758	1.459395	3.387328
15588	-527.4524	-554.4276	26.97522	0.2890649	1.030457	4.621552
15594	-528.6836	-555.8516	27.16802	0.473881	1.287308	4.158158
15600	-535.1932	-564.074	28.88076	0.2687222	0.9510016	3.609802
15606	-529.4907	-556.8058	27.31509	0.2364906	0.4675796	4.820877
15612	-524.6138	-551.7265	27.11267	0.4021611	0.2952077	4.820877
15618	-527.7432	-555.3426	27.59947	0.4460321	0.4242378	4.430038
15624	-528.5481	-557.6444	29.09627	0.3300988	0.4024439	3.719596
15630	-520.7925	-550.4706	29.67817	0.1034602	0.6331199	3.637365
15636	-528.7885	-557.3119	28.52333	0.06898593	0.7155805	4.33922
15642	-522.9704	-551.9912	29.0208	0.08967115	0.6199043	4.056919
15648	-529.8633	-558.8001	28.93683	0.1949543	1.078875	3.620638
15654	-535.1338	-563.6166	28.48276	0.2766259	0.4239356	4.129844
15660	-536.3609	-561.711	25.35007	0.4907046	0.4890277	5.600945
15666	-532.5862	-562.7422	30.15605	0.3781728	0.9025055	2.735779
15672	-532.8213	-560.3093	27.48794	0.2394913	0.5973588	4.647172
15678	-537.2891	-565.0507	27.76157	0.3313863	0.4939352	4.42683
15684	-542.639	-572.1487	29.50971	0.1539095	0.4944333	3.704225
15690	-539.875	-568.042	28.16695	0.6745345	0.7779221	3.704225
15696	-528.9944	-558.0741	29.07971	0.2041483	0.8523711	3.653165
15702	-528.7665	-560.4374	31.67092	0.5871446	1.635555	0.8470081
15708	-530.9361	-562.8387	31.90263	0.2006031	1.635555	1.362089
15714	-533.4673	-565.4461	31.97879	0.2740412	1.795461	0.9800591
15720	-531.8595	-561.0939	29.23434	0.7706408	0.909884	2.925365
15726	-523.8509	-553.5669	29.71597	0.4619855	0.8738858	2.925365
15732	-521.8599	-553.3593	31.4994	0.3696215	1.751668	1.260819
15738	-524.6264	-555.5938	30.96748	0.3660318	1.054819	2.144415
15744	-537.8951	-567.9765	30.08147	0.8787619	0.9544669	2.295923
15750	-528.3862	-557.7245	29.33833	0.4450656	1.318963	2.90273
15756	-525.4588	-556.8204	31.36162	0.1256212	1.189532	2.227995
15762	-527.8448	-559.6967	31.85194	0.1371988	1.289135	1.806463
15768	-532.4042	-562.7876	30.38339	0.5399392	1.893712	1.76455
15774	-531.1974	-562.6164	31.41907	0.260642	1.806563	1.475852
15780	-534.0646	-562.2449	28.18027	0.6695613	1.471931	3.295423
15786	-545.996	-575.0421	29.04619	0.4359998	0.9689681	3.295423
15792	-535.9164	-567.6772	31.76078	0.3701954	1.925052	0.8394964
15798	-536.0007	-567.6909	31.69025	0.258068	1.797686	1.274745
15804	-530.7376	-559.1629	28.42527	0.4239413	0.6491728	3.855303
15810	-527.0374	-559.1775	32.14013	0.2521126	1.95462	0.6127462
15816	-524.3671	-555.2491	30.88205	0.5035009	2.17871	1.215668
15822	-522.2273	-553.8104	31.58316	0.5036745	1.874521	0.8204961
15828	-527.2088	-558.7321	31.52322	0.3350109	1.874521	1.19843
15834	-523.6789	-555.0027	31.32378	0.6096102	1.899611	0.9056605
15840	-531.7539	-563.0896	31.33574	0.6096102	1.726457	1.069316
15846	-527.6133	-559.2514	31.6381	0.3518664	2.13018	0.7812235
15852	-529.5148	-561.3491	31.83425	0.3518664	1.968701	0.7299279
15858	-524.8478	-556.2674	31.41957	0.5209607	1.968701	0.8710458
15864	-527.1483	-558.7771	31.62882	0.4531548	2.038668	0.612511
15870	-540.0804	-570.8009	30.72049	0.5903127	2.091787	1.30969
15876	-534.1728	-565.2156	31.04275	0.68458	1.791167	1.181808
15882	-533.6066	-563.9732	30.3666	0.5870261	2.48754	1.279533
15888	-542.7267	-572.1129	29.38615	1.410828	2.889691	1.034094
15894	-538.6248	-569.7274	31.10265	0.3612645	2.29457	1.150535
15900	-533.1147	-561.9417	28.82706	0.7494958	1.657769	2.734235
15906	-530.1775	-560.5064	30.3289	0.5392618	2.009682	1.722195
15912	-534.7817	-564.5325	29.75073	0.6737766	1.897649	2.059459
15918	-530.3085	-559.9311	29.62257	0.8940801	1.198505	2.421623
15924	-537.5303	-567.9939	30.46362	0.8491509	2.039652	1.290849
15930	-532.2126	-562.9406	30.72802	0.6923049	1.506339	1.640467
15936	-535.1598	-566.0661	30.9063	0.6923049	1.404694	1.584933
15942	-535.2773	-566.3417	31.06439	0.6557802	1.131394	1.702837
15948	-541.441	-570.5352	29.09421	0.8415096	2.023214	2.270439
15954	-538.423	-566.0642	27.64116	0.4460287	2.306346	3.324616
15960	-541.4428	-565.6168	24.17395	0.5667123	1.331782	5.717434
15966	-532.7007	-564.4708	31.77013	0.1570136	2.031893	1.261271
15972	-529.3854	-559.7299	30.34456	0.6261933	1.907044	1.692358
15978	-530.3448	-561.0943	30.74948	0.5132833	2.094463	1.379186
15984	-528.105	-558.2714	30.16636	0.5325333	1.732447	2.029469
15990	-533.0702	-564.2324	31.16224	0.1775298	2.843088	1.019086
15996	-525.0278	-556.3462	31.31844	0.378498	2.120353	1.081132
16002	-525.4329	-555.6161	30.18322	0.5142836	2.703543	1.344064
16008	-523.0489	-551.7348	28.6859	0.5142836	1.679331	3.007544
16014	-531.0704	-560.7858	29.71542	0.3196503	1.583031	2.66449
16020	-525.4984	-555.218	29.7196	0.5642679	1.166306	2.643492
16026	-528.4418	-559.5586	31.11679	0.5911288	2.192924	0.835779
16032	-528.6531	-560.1319	31.47878	0.453492	2.052369	0.835779
16038	-530.3772	-561.2972	30.92003	0.5464136	2.124059	1.170983
16044	-534.9609	-563.959	28.9981	0.331716	0.8259288	3.528854
16050	-524.4025	-553.2451	28.84257	0.4549469	0.8961162	3.437844
16056	-528.365	-558.9583	30.59331	0.4475109	0.8971059	2.38596
16062	-530.9099	-561.2766	30.36664	0.3194037	1.08283	2.571495
16068	-523.8518	-553.8152	29.96345	0.1554929	0.9127107	3.190899
16074	-527.1651	-557.2246	30.05957	0.5365197	1.029921	2.543955
16080	-525.5224	-553.2933	27.77087	0.4779194	1.094859	3.920017
16086	-526.038	-556.7986	30.76055	0.3377727	0.823752	2.462177
16092	-526.187	-554.1324	27.94533	0.4152895	0.857308	4.020218
16098	-535.0373	-564.5825	29.54514	0.7687021	1.140458	2.596163
16104	-536.2039	-568.1013	31.89747	0.4011363	1.347381	1.213757
16110	-525.6609	-558.0007	32.3398	0.2686705	1.607942	0.7959349
16116	-531.5116	-561.6245	30.11288	0.1521198	1.293413	2.880497
16122	-529.4034	-557.0073	27.60393	0.2274273	0.810539	4.480804
16128	-522.5217	-553.1436	30.62195	0.2813255	1.230354	2.374603
16134	-518.7919	-550.8572	32.06523	0.238285	1.573961	1.191197
16140	-522.5277	-553.644	31.11626	0.4797992	1.728589	1.421754
16146	-522.0999	-553.4393	31.3394	0.4454912	1.867263	1.175821
16152	-527.1192	-558.646	31.52679	0.4538243	1.993571	0.8483415
16158	-521.1298	-553.0778	31.94806	0.1917458	1.700194	1.295298
16164	-526.4661	-558.0046	31.53855	0.396114	1.392563	1.471887
16170	-521.8743	-549.7941	27.91978	0.1858992	1.192889	4.154895
16176	-521.9052	-551.7015	29.79629	0.3476207	1.175155	2.827209
16182	-529.6784	-559.0695	29.39103	0.1734213	1.125482	3.367781
16188	-527.3898	-555.9512	28.56144	0.3232439	0.7955808	3.810012
16194	-533.0366	-564.295	31.25847	0.6369595	2.143227	0.4886708
16200	-535.7619	-566.4305	30.66866	0.5361157	2.408502	1.15611
16206	-534.693	-565.7661	31.07317	0.7294007	2.092448	0.7779054
16212	-542.0505	-568.9389	26.8884	0.7772072	0.9775562	4.246915
16218	-540.7178	-568.5257	27.80789	0.2733052	0.6809964	4.371241
16224	-534.5324	-565.0611	30.52867	0.5934178	2.85662	0.7256868
16230	-526.5049	-556.9229	30.41797	0.170798	1.13895	2.750634
16236	-522.179	-553.3519	31.17284	0.18802	1.430143	2.054256
16242	-521.1195	-551.6388	30.51928	0.4770369	1.43329	2.054256
16248	-520.904	-551.7986	30.89462	0.2238176	1.603098	2.054256
16254	-518.384	-548.5095	30.12559	0.2894354	1.229955	2.672279
16260	-518.146	-547.9983	29.85228	0.655023	1.267389	2.416407
16266	-527.0483	-558.2576	31.20931	0.5633801	2.25817	0.6582275
16272	-520.1297	-551.555	31.42529	0.3088803	2.543604	0.4334512
16278	-524.2236	-555.2296	31.00596	0.4674192	2.643804	0.5910488
16284	-521.3974	-553.0242	31.62688	0.3522414	2.253624	0.4611861
16290	-522.2925	-553.9091	31.61658	0.3125085	2.332172	0.6112713
16296	-528.5852	-560.831	32.24578	0.1073194	2.332172	0.4407153
16302	-528.0983	-560.3399	32.2416	0.1073194	2.215953	0.2877365
16308	-523.9947	-555.8511	31.85641	0.168871	1.37027	1.669158
16314	-519.5974	-551.8291	32.2317	0.1965438	1.823152	0.9059447
16320	-523.7288	-554.5906	30.86185	0.2752877	1.599049	1.98911
16326	-524.4153	-555.9535	31.5382	0.2101472	1.096527	1.98911
16332	-525.5989	-553.9848	28.3859	0.3506072	0.7621446	3.896099
16338	-525.6724	-555.3475	29.67505	0.1963081	0.860315	3.314601
16344	-528.3005	-559.8188	31.5183	0.1359555	1.643522	1.79527
16350	-529.2561	-557.93	28.67397	0.2777915	0.8514214	3.774018
16356	-531.1411	-561.7033	30.56218	0.8338481	1.564234	1.593198
16362	-527.1693	-557.7197	30.55044	0.328748	1.634127	2.089908
16368	-523.6016	-555.5693	31.96773	0.1461017	1.394757	1.627528
16374	-528.1068	-557.6117	29.50484	0.4369445	1.876678	2.466523
16380	-534.2986	-564.6002	30.30154	0.3331021	1.779621	2.151332
16386	-533.6084	-562.3374	28.72904	0.5951319	1.651298	2.923642
16392	-536.0653	-565.1956	29.13026	0.4897969	1.611444	2.804558
16398	-528.5174	-559.038	30.52059	0.3869479	1.297954	2.249136
16404	-530.0888	-560.6621	30.57328	0.5267985	1.498501	1.919741
16410	-536.2408	-562.2223	25.9815	0.7004185	0.7811976	4.920186
16416	-524.2411	-552.4377	28.1966	0.5722746	1.095005	3.58723
16422	-524.2467	-552.1714	27.92475	0.5110272	0.9790996	3.866495
16428	-523.8177	-554.8943	31.07659	0.2302963	1.359613	2.082977
16434	-530.8523	-561.8671	31.01479	0.4616063	1.807557	1.462982
16440	-535.179	-565.8641	30.68506	0.4715141	1.603104	1.834676
16446	-533.8837	-564.9187	31.03495	0.4715141	1.888763	1.371369
16452	-536.9374	-567.6158	30.67843	0.5238524	2.158422	1.371369
16458	-535.862	-565.1049	29.24285	0.7144866	2.728596	1.80546
16464	-528.6703	-560.6547	31.98439	0.1697859	2.317648	0.352584
16470	-524.9489	-556.6403	31.69148	0.3715346	1.945253	0.894318
16476	-528.3419	-559.4381	31.09627	0.8127287	1.8206	0.953487
16482	-528.39	-558.8619	30.47188	0.5377405	1.722008	1.824625
16488	-530.9804	-560.9642	29.98378	0.3045839	0.9406253	2.913255
16494	-522.863	-550.9588	28.09589	0.2227693	1.087214	4.052777
16500	-524.9972	-553.3275	28.33036	0.1540539	0.8173243	4.194336
16506	-523.089	-551.7042	28.61518	0.2548061	0.8266307	3.855365
16512	-525.8342	-556.6394	30.8052	0.2311642	1.611363	2.094321
16518	-531.4418	-562.138	30.69615	0.2758818	1.611363	2.089756
16524	-527.445	-558.8645	31.41946	0.2638252	1.623932	1.604822
16530	-524.0858	-555.1235	31.03769	0.4632276	1.367528	1.763557
16536	-520.5566	-551.0978	30.54123	0.3309238	1.112048	2.428178
16542	-524.3097	-555.6772	31.3675	0.6466602	1.238152	1.409697
16548	-530.1584	-557.5654	27.40695	0.6274268	0.9911464	4.055179
16554	-537.4781	-568.2523	30.7742	0.5712894	1.906331	1.435614
16560	-533.7637	-562.9705	29.20679	0.6267031	1.058035	2.965922
16566	-532.8244	-563.5205	30.69618	0.1850203	1.163316	2.536005
16572	-532.4807	-561	28.51938	0.2285587	1.046984	3.824045
16578	-534.6069	-563.1537	28.54679	0.198532	1.105962	3.824045
16584	-524.4453	-552.1745	27.72926	0.3380646	0.6245903	4.36317
16590	-526.1471	-553.9887	27.84164	0.2771154	0.6072075	4.388549
16596	-530.7862	-558.7238	27.93759	0.2747251	0.8573186	4.196027
16602	-537.6344	-567.9551	30.32068	0.3137372	1.056413	2.624202
16608	-530.7668	-558.7985	28.03169	0.2034307	0.7478488	4.313583
16614	-530.2359	-558.1011	27.8651	0.2454508	0.5816422	4.435167
16620	-531.2081	-559.7003	28.49213	0.5315697	0.9741608	3.522135
16626	-535.7554	-566.5521	30.79677	0.2767081	1.727117	1.944542
16632	-527.0009	-557.7575	30.75658	0.3286575	1.133894	2.280744
16638	-528.4308	-558.3089	29.87814	0.4091983	0.8479805	2.901103
16644	-529.2538	-558.7233	29.4695	0.6319004	0.8955586	2.901103
16650	-525.2251	-554.5497	29.32463	0.4743357	1.250675	2.921252
16656	-526.9538	-556.388	29.43421	0.3354667	1.184947	3.055132
16662	-525.1287	-555.4451	30.31634	0.3598572	1.345317	2.384053
16668	-526.7771	-553.5449	26.76785	0.1997441	0.9304692	4.926063
16674	-520.2612	-546.8811	26.61988	0.4639175	0.6154058	4.854178
16680	-522.2843	-549.9464	27.6621	0.09384998	0.5451542	4.854178
16686	-520.8775	-549.3216	28.44408	0.4699515	1.121746	3.523479
16692	-529.455	-559.3668	29.91177	0.247433	1.408193	2.758509
16698	-527.388	-559.3586	31.97063	0.2751582	1.244211	1.456459
16704	-525.4175	-557.6803	32.26285	0.1699071	1.545534	1.219778
16710	-522.8963	-554.8109	31.91455	0.3361979	1.861155	0.8159648
16716	-519.9792	-552.0167	32.0375	0.1493154	1.665666	1.362723
16722	-520.129	-551.5397	31.4107	0.2490841	1.624524	1.638151
16728	-518.948	-550.9955	32.04751	0.2508757	1.411909	1.313135
16734	-520.8782	-551.4834	30.60517	0.3004935	0.9956318	2.504128
16740	-525.4816	-555.3407	29.85913	0.2368432	1.2398	2.909844
16746	-522.7108	-554.6996	31.98883	0.1094675	1.413907	1.698459
16752	-525.9069	-556.9874	31.08045	0.05193297	1.354203	2.509595
16758	-524.7203	-555.7577	31.0374	0.1321492	1.044866	2.509595
16764	-521.7263	-550.8332	29.10689	0.3852152	1.268875	3.138897
16770	-520.0644	-549.3016	29.23716	0.4597377	1.000026	3.138897
16776	-527.5399	-557.6103	30.07037	0.2152711	1.281677	2.792733
16782	-526.6031	-557.5732	30.97006	0.183432	1.072202	2.42466
16788	-528.1825	-556.7316	28.54917	0.9111239	0.4108496	3.531607
16794	-529.1945	-556.7213	27.52678	0.5654232	0.6261076	4.246069
16800	-527.8618	-555.3778	27.51597	0.5654232	0.6369207	4.246069
16806	-530.007	-557.211	27.20409	0.4184392	0.6687389	4.543333
16812	-535.0014	-561.041	26.03957	0.7966719	0.5204349	4.966532
16818	-527.2858	-555.9244	28.63862	0.1904168	0.8057832	3.957726
16824	-526.9676	-556.5637	29.59608	0.0924527	0.8515398	3.585584
16830	-529.8039	-559.5282	29.72436	0.2065467	0.9975937	3.18634
16836	-526.5944	-556.5458	29.95143	0.1781785	1.168755	3.00057
16842	-524.9734	-556.1886	31.21528	0.5185317	1.992966	1.062225
16848	-520.5284	-552.1703	31.64185	0.3924084	1.870768	0.9827947
16854	-550.4241	-575.6839	25.2598	0.1899699	0.7435172	5.876612
16860	-540.1093	-567.672	27.56269	0.7871494	0.6692318	4.032005
16866	-542.2908	-568.7741	26.48335	0.7871494	0.3614289	4.814233
16872	-538.6141	-565.34	26.72586	0.1310736	0.4618787	5.336053
16878	-531.9796	-559.0034	27.02382	0.08188361	0.614391	5.199785
16884	-531.6768	-558.0954	26.41857	0.3225006	0.4715417	5.199785
16890	-533.2472	-564.4588	31.21161	0.5380683	2.322947	0.5868659
16896	-532.9723	-564.4124	31.44007	0.406522	2.203167	0.8025894
16902	-527.7948	-558.2922	30.49739	0.5473926	1.881102	1.684973
16908	-536.2279	-566.1368	29.90888	0.5664563	1.528472	2.29554
16914	-538.3894	-567.5164	29.12702	0.3213689	1.104844	3.303322
16920	-529.6068	-558.5564	28.94961	0.8032937	1.062801	2.981224
16926	-538.3703	-566.576	28.2057	0.8997358	1.264158	3.239683
16932	-538.4342	-569.3868	30.9526	0.2775868	1.309604	2.116729
16938	-532.6862	-562.8385	30.15231	0.4131404	1.819885	2.116729
16944	-532.8299	-561.8747	29.04477	0.5230938	1.006692	3.186178
16950	-529.5414	-557.8853	28.34389	0.8243545	1.011206	3.356961
16956	-534.9466	-562.5355	27.58887	0.6170937	1.060668	3.919802
16962	-532.4391	-561.7454	29.30625	0.5363575	0.8536058	3.109227
16968	-534.1069	-560.0707	25.96387	0.453755	1.200115	4.903833
16974	-532.5796	-563.8617	31.28208	0.5294972	1.842679	1.123025
16980	-521.4434	-551.7681	30.32468	0.5878019	1.414055	2.079469
16986	-519.3586	-549.9853	30.6267	0.3982084	1.298509	2.165978
16992	-520.8788	-551.4883	30.6095	0.2906377	1.545717	2.165978
16998	-521.8913	-553.5301	31.63878	0.3386259	1.691357	1.24899
17004	-523.5365	-554.7171	31.18064	0.5187785	1.851782	1.218608
17010	-526.0739	-557.4269	31.35295	0.5187785	1.92261	0.9963609
17016	-528.6303	-560.1929	31.56261	0.243911	1.637245	1.527777
17022	-523.7641	-554.2469	30.48279	0.1379613	1.696143	2.435532
17028	-522.1799	-553.4815	31.30166	0.1578028	1.696143	1.854882
17034	-532.4294	-562.7038	30.2744	0.4900559	1.705051	2.021849
17040	-529.3659	-558.1635	28.79762	0.3842862	1.16618	3.38329
17046	-529.0118	-560.2483	31.23653	0.4910827	1.208882	1.701865
17052	-527.9002	-558.1482	30.24803	0.2951496	1.208882	2.60138
17058	-524.8554	-556.4132	31.55778	0.6275945	1.830469	0.6249352
17064	-523.7522	-554.6449	30.89273	0.5155781	1.830469	1.469366
17070	-529.2834	-560.3807	31.09732	0.5862187	1.830469	1.219121
17076	-531.3236	-560.4146	29.09108	0.6085036	1.62088	2.710239
17082	-531.1399	-561.6641	30.52415	0.6085036	1.931177	1.5635
17088	-528.5418	-556.685	28.14316	0.4310631	1.384917	3.585673
17094	-532.656	-561.2384	28.58233	0.7040132	0.984143	3.31914
17100	-540.3759	-571.2979	30.92198	0.3230443	1.629388	1.852516
17106	-538.8962	-570.3323	31.43601	0.3230443	1.629499	1.484821
17112	-525.8091	-556.9521	31.14299	0.4751843	1.733718	1.403189
17118	-525.9095	-557.2688	31.3593	0.4751843	1.952265	1.03227
17124	-532.8172	-562.0401	29.22294	0.6201293	2.6295	1.972931
17130	-525.0682	-556.3465	31.27831	0.6201293	1.898244	0.9403762
17136	-526.2025	-557.2247	31.02217	0.4212398	2.146698	1.245734
17142	-530.2727	-560.2538	29.98108	1.024619	1.650117	1.801164
17148	-528.3893	-558.3267	29.93737	0.4250909	1.290209	2.576076
17154	-526.8307	-554.9854	28.1547	0.7644319	1.40304	3.279525
17160	-521.2795	-550.4539	29.1744	0.4378313	0.9095689	3.252856
17166	-522.0551	-549.7377	27.68257	0.258623	0.8961229	4.341377
17172	-520.9045	-549.9269	29.0224	0.358671	0.9179677	3.427435
17178	-523.3886	-551.8237	28.4351	0.5267728	1.200959	3.427435
17184	-521.6237	-552.4241	30.80043	0.3542625	1.680499	1.854699
17190	-522.929	-554.2362	31.30724	0.3542625	1.156994	1.86611
17196	-522.7217	-552.4805	29.75875	0.2143567	0.7681128	3.28831
17202	-520.5183	-549.7034	29.18515	0.3582559	0.9928854	3.28831
17208	-524.5557	-553.8871	29.33146	0.3582559	1.484998	2.907572
17214	-524.3138	-554.4525	30.13869	0.4123752	0.9960974	2.648151
17220	-524.2643	-552.9628	28.69847	0.3189134	1.005526	3.615093
17226	-526.1232	-555.3509	29.22769	0.193123	1.070239	3.459558
17232	-523.4903	-552.7328	29.24248	0.2081283	1.010676	3.459558
17238	-523.158	-554.3992	31.24123	0.2132783	1.110402	2.169549
17244	-529.3546	-558.6858	29.3312	0.5697026	1.112506	2.908195
17250	-529.9009	-560.3612	30.46031	0.3779588	1.060191	2.449822
17256	-524.2795	-554.6609	30.38144	0.3425133	1.024344	2.567243
17262	-522.0504	-553.0831	31.03269	0.4036422	1.281436	1.901058
17268	-522.7711	-554.8459	32.07485	0.2006184	1.568828	1.277105
17274	-527.4346	-557.8119	30.37724	0.3153517	1.21139	2.490453
17280	-529.3091	-559.524	30.21492	0.4289041	1.21139	2.447625
17286	-528.5824	-559.5983	31.01599	0.3222071	1.255949	2.041805
17292	-528.1501	-558.3678	30.21778	0.7178328	1.095421	2.240354
17298	-522.6448	-553.7975	31.15263	0.325836	1.33088	1.894578
17304	-522.4326	-552.5124	30.07984	0.602016	1.491335	2.175406
17310	-528.5033	-558.5624	30.05904	0.7316326	1.740783	1.907996
17316	-528.8297	-559.9853	31.15555	0.3927267	1.116178	1.943971
17322	-531.8457	-563.068	31.22228	0.4415232	1.738418	1.383807
17328	-530.024	-559.5249	29.50086	0.08611306	1.244937	3.4281
17334	-518.9245	-548.1003	29.17581	0.3388877	0.866636	3.392112
17340	-520.9404	-551.0544	30.11397	0.6140477	1.492373	2.141242
17346	-520.0836	-550.412	30.32833	0.5337731	1.492373	2.079786
17352	-522.228	-551.4942	29.26622	0.4024284	1.072189	3.141174
17358	-529.4395	-557.7377	28.29825	0.7338742	1.411954	3.211782
17364	-529.3185	-559.6646	30.34608	0.723369	1.348763	1.985665
17370	-531.9269	-562.3724	30.44546	0.723369	1.739202	1.647367
17376	-528.3934	-559.7749	31.38157	0.2695313	2.053532	1.294274
17382	-525.9702	-556.1068	30.13661	0.3888602	1.599707	2.299425
17388	-532.1207	-562.6304	30.50978	0.5785455	1.526104	1.889992
17394	-526.7866	-558.2727	31.48611	0.5307535	1.476851	1.260781
17400	-529.3092	-560.0853	30.77607	0.4901408	1.411691	1.881704
17406	-536.2463	-567.3057	31.05944	0.7728554	1.766622	1.089045
17412	-527.0321	-556.3626	29.33051	0.4183244	0.7901089	3.252417
17418	-530.5615	-560.0753	29.51382	0.8127708	1.326871	2.466835
17424	-528.1469	-557.9481	29.80114	0.5128307	1.602204	2.370694
17430	-525.8228	-555.2518	29.42897	0.5660552	1.259372	2.763028
17436	-528.927	-559.0191	30.09213	0.63359	1.153046	2.355749
17442	-524.4705	-554.2762	29.80569	0.4147149	0.8945415	2.910449
17448	-523.7908	-552.854	29.06325	0.6915353	0.724388	3.198127
17454	-523.3974	-553.2821	29.88474	0.7063506	1.023023	2.506595
17460	-530.0926	-558.9064	28.8138	0.6582481	1.441157	2.945573
17466	-531.6255	-560.8324	29.20686	0.6582481	1.159562	2.878288
17472	-530.2656	-559.3838	29.11823	1.1392	1.560631	2.357995
17478	-527.399	-556.9895	29.5905	0.4650866	2.077865	2.252788
17484	-527.5957	-558.6394	31.04378	0.7103158	1.716929	1.215802
17490	-535.9999	-566.4317	30.43181	0.5120275	2.803427	0.1879073
17496	-527.2141	-557.3157	30.10156	0.8035428	2.803427	0.2112364
17502	-528.8904	-559.4149	30.52449	0.5857948	2.666786	0.2112364
17508	-533.3109	-564.0311	30.72015	0.5857948	2.666786	0.3180985
17514	-524.0861	-555.3072	31.22113	0.2450253	2.60822	0.2034292
17520	-531.9406	-563.1311	31.19046	0.325795	2.545979	0.2446065
17526	-529.8901	-561.0318	31.14175	0.4745612	2.422781	0.318722
17532	-540.0302	-570.8698	30.83952	0.3571376	2.801839	0.2319008
17538	-531.929	-562.0029	30.07391	0.6022392	2.962206	0.1709388
17544	-539.021	-569.9254	30.90442	0.503386	1.333922	1.832046
17550	-537.6615	-568.8677	31.20612	0.3768361	2.342283	0.9777243
17556	-527.503	-558.6774	31.17431	0.6176895	2.169832	0.7353486
17562	-531.0938	-562.2683	31.17454	0.6791955	2.169832	0.5075439
17568	-529.9865	-561.4817	31.4952	0.5913919	1.568214	1.092804
17574	-531.8014	-559.0707	27.26936	0.6507996	1.279112	3.950701
17580	-529.9406	-560.6489	30.70836	0.1195003	1.194336	2.651007
17586	-524.2405	-552.3737	28.13319	0.2264654	0.4829507	4.368625
17592	-536.8056	-565.4119	28.6063	0.09773047	0.4499149	4.368625
17598	-528.0088	-556.1559	28.14705	0.1053048	0.8772167	4.368625
17604	-533.2095	-562.3709	29.16141	0.1203876	1.113123	3.618975
17610	-525.0166	-554.1579	29.14125	0.2400375	0.8819031	3.541686
17616	-526.4192	-556.3172	29.89795	0.3680721	1.434635	2.579569
17622	-526.7268	-556.4886	29.76182	0.4835137	1.356828	2.579569
17628	-523.0074	-552.9537	29.94629	0.1268856	0.8835966	3.279503
17634	-531.0303	-561.3393	30.30906	0.375544	1.17891	2.473272
17640	-521.4334	-551.7065	30.27306	0.297134	1.457759	2.427503
17646	-528.7184	-558.8775	30.15909	0.4659746	2.173387	1.810744
17652	-524.5421	-555.4799	30.93783	0.5279593	2.095162	1.205615
17658	-526.8275	-557.5236	30.69603	0.7489971	2.552335	0.559455
17664	-528.4083	-558.6709	30.2626	0.9059747	2.033899	1.405433
17670	-531.4754	-562.7435	31.26809	0.3496953	2.581863	0.3729089
17676	-527.494	-558.0589	30.56489	0.5088042	1.903057	1.664996
17682	-528.4789	-557.774	29.2951	0.6309351	1.434354	2.679933
17688	-525.2444	-555.1286	29.88419	0.539425	1.197726	2.54583
17694	-526.9492	-556.8269	29.87761	0.2640948	1.576603	2.649809
17700	-531.6732	-562.1769	30.50372	0.1605342	1.251621	2.649809
17706	-535.3824	-564.3432	28.96075	0.3169507	1.148867	3.381013
17712	-528.1058	-558.5288	30.42298	0.1624595	0.7629207	2.992013
17718	-533.6557	-563.9871	30.33146	0.1624595	0.8909867	2.970058
17724	-526.6522	-556.3464	29.69422	0.423077	1.172049	2.800336
17730	-522.0356	-553.1367	31.10107	0.1710151	0.9677493	2.432969
17736	-522.4025	-552.7697	30.36718	0.4128809	1.082565	2.451641
17742	-524.0096	-552.5482	28.53858	0.5499341	0.9730605	3.478917
17748	-518.1584	-548.7841	30.62565	0.2051848	1.078744	2.594355
17754	-524.2959	-555.07	30.77407	0.1389181	1.146902	2.594355
17760	-530.3322	-560.373	30.04086	0.362264	1.691752	2.335892
17766	-534.7515	-563.4093	28.65775	0.6609384	1.358408	3.086517
17772	-533.6821	-563.6867	30.00457	0.09496589	0.9768587	3.266626
17778	-524.4823	-556.0872	31.60488	0.1370597	1.333176	1.945233
17784	-525.7166	-556.074	30.35739	0.1887506	1.655789	2.432537
17790	-533.19	-563.5272	30.33723	0.1887506	1.333942	2.645508
17796	-529.5261	-558.7268	29.20065	0.434564	1.432426	2.928801
17802	-859.0405	-684.0835	-174.957	7.626885e+14	24.02255	2.787736
17808	-871.4798	-693.2941	-178.1857	7.626885e+14	24.02255	4.658846
17814	-530.0424	-560.0427	30.0003	0.2542286	1.414692	2.689455
17820	-524.9248	-554.6038	29.67899	0.2542286	1.418132	2.883162
17826	-527.7131	-560.0725	32.35937	0.1051502	1.35068	1.487316
17832	-530.0288	-562.3029	32.27408	0.1238816	1.625027	1.280391
17838	-524.0931	-555.486	31.39281	0.1285817	1.447443	2.031684
17844	-524.3182	-555.4185	31.10023	0.4624094	1.692176	1.484577
17850	-524.6646	-554.1346	29.47005	0.2651416	1.031541	3.222659
17856	-526.8192	-555.612	28.79284	0.2651416	0.875102	3.709879
17862	-524.651	-553.1493	28.49824	0.4590765	0.9837699	3.583267
17868	-524.4897	-552.2285	27.73879	0.2333883	1.033292	4.269672
17874	-531.2022	-560.1438	28.94157	0.3673027	1.06463	3.378441
17880	-527.3678	-556.7378	29.37001	0.3353032	0.8426443	3.296594
17886	-525.0706	-556.0199	30.94924	0.2665709	1.319179	2.130529
17892	-524.5435	-555.3644	30.82089	0.2483327	1.49435	2.130529
17898	-525.1156	-554.9883	29.87267	0.7282392	1.924886	1.912434
17904	-884.6327	-705.1305	-179.5022	2.267529e+14	24.20987	11.38034
17910	-521.4702	-552.8633	31.39311	0.4896688	2.207526	0.6228476
17916	-524.5407	-555.5967	31.05605	0.6448507	2.207526	0.288137
17922	-525.6002	-557.4384	31.83814	0.244682	1.891984	1.095163
17928	-523.0877	-554.9185	31.83085	0.3408108	1.891984	0.8688023
17934	-522.306	-554.2954	31.98948	0.2609697	1.511901	1.257513
17940	-533.4246	-565.4016	31.97698	0.1343298	1.759967	1.378707
17946	-529.5899	-560.3353	30.74538	0.5095145	2.304723	1.216355
17952	-537.6035	-568.4345	30.83101	0.3395996	0.8481995	2.399961
17958	-529.8665	-558.8776	29.01104	0.6812035	1.054642	3.040684
17964	-530.1871	-560.8365	30.6494	0.225483	3.053032	0.153903
17970	-521.5165	-553.1963	31.6797	0.1381848	2.590366	0.2486805
17976	-526.4926	-557.9513	31.45873	0.252734	2.620128	0.3768968
17982	-530.5111	-561.9939	31.48279	0.1567938	2.880831	0.3768968
17988	-525.6894	-557.3268	31.63737	0.2645646	2.372446	0.330313
17994	-517.2347	-548.9371	31.70235	0.2602824	2.349771	0.3663053
18000	-522.4066	-553.6136	31.20702	0.5311308	2.34972	0.5347146
18006	-524.0137	-555.417	31.40335	0.5743116	2.02727	0.6970752
18012	-528.6638	-557.5069	28.84313	0.7141062	2.149029	2.447469
18018	-525.5557	-556.1404	30.58462	0.57929	1.713969	1.707233
18024	-520.5753	-551.8436	31.26832	0.57929	1.713969	1.181226
18030	-524.5312	-555.7101	31.17892	0.61652	1.468551	1.410022
18036	-523.4117	-553.115	29.7033	0.310479	1.338023	2.834298
18042	-529.9426	-560.2383	30.29574	0.3218338	0.9874199	2.670902
18048	-526.5903	-555.2832	28.69289	0.6282447	1.183096	3.196724
18054	-528.5723	-556.827	28.25463	0.3411055	1.399318	3.615925
18060	-527.9124	-557.4798	29.56734	0.6086786	1.228722	2.658403
18066	-529.8173	-559.9295	30.11213	0.5293433	1.00325	2.5349
18072	-530.6297	-560.6551	30.02543	0.5701936	1.663018	2.129668
18078	-527.0278	-558.3289	31.30113	0.6016376	1.155002	1.570192
18084	-529.4708	-558.9158	29.44494	0.2784183	0.6727623	3.42919
18090	-533.1216	-561.6444	28.52277	0.5259352	1.111626	3.42919
18096	-534.5071	-563.8983	29.39118	0.3460704	0.8234335	3.281819
18102	-523.7878	-553.6687	29.8809	0.2850593	0.7183975	3.135586
18108	-524.1503	-554.7058	30.55553	0.3394164	0.9938474	2.481852
18114	-523.1637	-552.2005	29.03673	0.3574542	0.9938474	3.376037
18120	-520.6128	-551.7172	31.10434	0.3656629	1.471219	1.773094
18126	-524.2257	-555.4805	31.25487	0.3597272	1.471219	1.67568
18132	-534.6725	-562.2026	27.53012	0.5384544	0.6460604	4.256448
18138	-538.0452	-563.6294	25.58424	0.4365571	0.8081624	5.348429
18144	-533.2287	-560.7477	27.51902	0.6621517	0.7453158	4.104075
18150	-535.4335	-563.2785	27.84504	0.8538781	0.7900042	3.756376
18156	-531.5569	-561.5848	30.02794	0.4996826	0.7708867	2.759698
18162	-535.8721	-562.1792	26.30712	0.6096755	0.9068467	4.737644
18168	-533.7653	-562.714	28.94871	0.2637957	0.7149845	3.714299
18174	-535.4956	-563.4288	27.93319	0.3313512	1.135734	3.965081
18180	-523.1659	-551.5576	28.39163	0.3749773	0.5858493	3.965081
18186	-528.0338	-556.6635	28.62974	0.1884332	0.8079248	3.965081
18192	-523.7702	-551.8644	28.09422	0.3092702	0.6789998	4.161805
18198	-530.0675	-558.8779	28.81045	0.169761	0.3416443	4.161805
18204	-526.0243	-552.9608	26.93653	0.4741249	0.5026126	4.730525
18210	-532.2397	-558.9523	26.71257	0.5214999	0.6479722	4.730525
18216	-527.2546	-553.9164	26.66185	0.5214999	0.6668811	4.748303
18222	-526.1072	-554.2572	28.15009	0.3997554	1.700196	3.432097
18228	-525.5235	-555.3738	29.85028	0.511871	1.567072	2.362804
18234	-530.7572	-558.1514	27.39419	0.5782182	1.230181	3.966669
18240	-525.3237	-555.3185	29.99486	0.3890134	1.018963	2.749991
18246	-532.4201	-561.1475	28.72742	0.2592066	1.085321	3.634786
18252	-529.9949	-562.3527	32.3578	0.1724044	1.38486	1.267915
18258	-532.7106	-563.1911	30.48043	0.2698448	1.15437	2.528964
18264	-534.7264	-563.1682	28.44183	0.7451888	1.516721	3.055613
18270	-522.8452	-553.8239	30.97867	0.2805118	1.636766	1.876244
18276	-525.2796	-557.2413	31.96173	0.327719	1.518507	1.140279
18282	-527.9981	-560.0767	32.07858	0.3464228	1.524973	0.9854488
18288	-529.6926	-559.4886	29.79605	0.3464228	1.604551	2.565289
18294	-517.7598	-549.9696	32.20983	0.1672614	2.117002	0.650801
18300	-525.2547	-556.6902	31.43546	0.4171731	2.318816	0.5200578
18306	-523.6264	-555.2191	31.59275	0.2206558	2.531716	0.3280118
18312	-524.0908	-555.7673	31.67657	0.242519	2.390552	0.3304784
18318	-521.9633	-553.6653	31.70195	0.276496	2.311324	0.3686701
18324	-525.2249	-556.3653	31.14041	0.4646084	2.512445	0.5966957
18330	-529.2254	-560.9738	31.7484	0.3559892	1.983045	0.8188484
18336	-525.5105	-557.201	31.6905	0.162875	2.419064	0.9622984
18342	-539.6873	-571.1192	31.43195	0.2921327	1.645811	1.528712
18348	-534.1542	-564.7016	30.54738	0.6166691	2.129352	1.387087
18354	-534.7651	-566.1115	31.34634	0.5408642	1.541748	1.309028
18360	-535.502	-565.5325	30.03053	0.6992787	2.144713	1.676264
18366	-531.6543	-561.2055	29.55116	0.3447574	1.216437	2.954125
18372	-528.7565	-558.4777	29.72125	0.458374	1.063749	2.811024
18378	-527.4088	-556.8734	29.46456	0.1672637	0.6672166	3.604138
18384	-525.9062	-555.447	29.54082	0.4035519	1.04091	2.994536
18390	-535.1897	-563.9534	28.76361	0.569963	1.50131	3.015508
18396	-523.947	-555.867	31.91994	0.2384368	2.228578	0.549269
18402	-528.5532	-560.0473	31.49403	0.4351513	2.195447	0.6382658
18408	-527.0245	-557.3225	30.29798	0.3523445	1.711112	2.171464
18414	-523.6686	-551.1687	27.50005	0.3416164	0.7926866	4.393353
18420	-523.2604	-552.4346	29.17419	0.3416164	0.8812394	3.381057
18426	-522.3524	-551.996	29.6436	0.3515157	1.167087	2.919548
18432	-521.1382	-550.8555	29.71735	0.339218	1.282089	2.821092
18438	-518.3432	-549.9631	31.61988	0.1953763	1.534883	1.660791
18444	-523.7104	-555.4134	31.70306	0.1619634	1.441243	1.743672
18450	-523.7073	-555.0212	31.31387	0.3693597	1.386806	1.679712
18456	-527.572	-556.3626	28.79054	0.4812321	1.395744	3.147112
18462	-526.4563	-556.8203	30.36405	0.2162339	0.9581907	2.809196
18468	-524.8684	-554.1853	29.31694	0.411186	0.6445215	3.354096
18474	-521.0691	-550.6636	29.5945	0.5555099	1.463806	2.544992
18480	-519.9306	-550.2234	30.29282	0.6484388	1.781814	1.794716
18486	-518.8791	-550.2328	31.35375	0.2635337	1.422427	1.794716
18492	-525.7896	-557.0466	31.25695	0.4246297	2.182994	0.9943566
18498	-519.4218	-550.1517	30.72983	0.5298392	2.820382	0.4298106
18504	-525.1815	-555.5903	30.40878	0.7720656	2.789362	0.3898918
18510	-524.3751	-555.1754	30.80029	0.56417	2.135656	1.240082
18516	-520.7858	-552.4871	31.70126	0.4083596	1.938247	0.8029022
18522	-520.5732	-552.404	31.83075	0.3268815	1.926918	0.8634182
18528	-518.9041	-550.8144	31.91027	0.3734134	1.883649	0.6677534
18534	-521.435	-553.8223	32.38725	0.1820494	1.883649	0.6677534
18540	-518.0754	-550.1156	32.04023	0.3061963	1.883649	0.6953667
18546	-527.283	-558.3633	31.08039	0.1817378	1.199952	2.27683
18552	-529.6671	-559.6454	29.97831	0.5636805	1.181501	2.473815
18558	-526.7386	-556.4636	29.72493	0.2903795	1.030729	3.034683
18564	-523.8176	-554.0431	30.22548	0.2029622	0.8962178	2.953875
18570	-530.8062	-560.3546	29.5484	0.1877706	1.259232	3.169079
18576	-525.1938	-554.2157	29.02197	0.3087284	1.465432	3.169079
18582	-524.3051	-553.8701	29.56504	0.5811018	0.6802227	3.017291
18588	-526.1318	-555.2428	29.11104	0.251824	0.7269785	3.63117
18594	-520.499	-550.2853	29.78631	0.1691809	0.8531585	3.303597
18600	-524.9552	-555.9258	30.97064	0.1945126	1.544951	2.0987
18606	-526.2296	-556.9727	30.74311	0.2914359	1.531095	2.086958
18612	-521.8563	-552.5369	30.68064	0.3739518	1.398633	2.096618
18618	-520.1873	-550.6238	30.43652	0.3714907	1.760574	2.0221
18624	-515.9919	-546.3107	30.31885	0.4327334	1.755342	2.025526
18630	-519.7886	-550.0609	30.27235	0.2675735	1.393514	2.513128
18636	-523.5444	-553.6925	30.14809	0.3702583	1.301602	2.503903
18642	-519.8154	-550.6354	30.81997	0.533556	1.645775	1.638058
18648	-526.0426	-556.5842	30.54158	0.3061761	1.134553	2.448697
18654	-528.4197	-560.0855	31.6658	0.2841187	1.723545	1.302386
18660	-532.9861	-563.4506	30.4646	0.4668986	1.985625	1.727553
18666	-529.2927	-558.6888	29.39611	0.5203677	1.518507	2.668056
18672	-529.1947	-558.4601	29.26543	0.3797887	0.5610141	3.468937
18678	-524.8957	-553.4201	28.52439	0.7395373	0.5176281	3.599279
18684	-537.853	-565.3423	27.48935	0.6073592	0.4352372	4.340185
18690	-528.0822	-558.7701	30.68796	0.6120717	2.030667	1.359309
18696	-525.3648	-556.507	31.14222	0.3607659	2.33204	1.081667
18702	-529.6442	-562.0738	32.42969	0.0587986	2.33204	0.3651947
18708	-522.7031	-554.6584	31.95525	0.1774015	2.33204	0.3651947
18714	-522.4045	-553.947	31.54251	0.2980089	2.410281	0.3568638
18720	-522.7163	-554.5283	31.81204	0.2445331	2.274995	0.3583916
18726	-530.8637	-561.3047	30.44098	0.2949881	3.152388	0.1703387
18732	-528.4772	-560.022	31.54475	0.5050415	1.999796	0.350107
18738	-519.8578	-552.1194	32.26152	0.1866979	2.002438	0.6520389
18744	-518.7248	-551.0348	32.30998	0.1866979	1.953975	0.6520389
18750	-520.3579	-552.3679	32.01	0.2629591	1.636152	1.128458
18756	-528.6706	-559.916	31.24546	0.6449394	2.11031	0.6444861
18762	-535.7978	-565.6604	29.8626	0.6740959	1.801434	2.048835
18768	-531.8278	-562.39	30.56216	0.5640964	1.945091	1.57357
18774	-529.0037	-559.9319	30.92819	0.3812672	1.581836	1.796732
18780	-526.3728	-556.2659	29.89313	0.4221045	1.007295	2.780626
18786	-531.4937	-562.5467	31.05302	0.6614278	1.723297	1.256916
18792	-530.4802	-555.9958	25.51563	0.2944976	1.127969	5.371319
18798	-525.033	-556.6842	31.6512	0.2447484	1.129749	1.825004
18804	-524.8666	-556.5574	31.69076	0.4297756	1.73078	1.003286
18810	-524.8078	-556.5561	31.74829	0.3263194	1.881017	1.003286
18816	-523.5046	-554.5432	31.0386	0.5846619	1.757357	1.329537
18822	-519.608	-549.4739	29.86592	0.5148176	1.29283	2.522394
18828	-519.2422	-549.2364	29.99413	0.5148176	1.164616	2.522394
18834	-528.6423	-558.4649	29.82259	0.4624658	1.476436	2.489744
18840	-523.9493	-553.2371	29.28783	0.2115078	0.8511638	3.520457
18846	-529.8807	-560.9455	31.06478	0.1877287	1.113001	2.330361
18852	-522.2638	-554.7599	32.49609	0.1592593	1.640436	0.9467898
18858	-521.019	-551.72	30.70096	0.2206297	1.605624	2.185197
18864	-522.6052	-553.3473	30.74213	0.1704958	1.046341	2.608903
18870	-529.639	-560.452	30.81302	0.2104694	1.258099	2.354837
18876	-529.9584	-560.7158	30.75747	0.3009854	1.079299	2.354837
18882	-522.0747	-553.2074	31.13276	0.7121615	1.541718	1.285667
18888	-523.7011	-551.7484	28.04733	0.5226479	0.6459172	3.976425
18894	-529.2615	-557.8931	28.63168	0.2959983	0.8524973	3.772615
18900	-523.1018	-551.877	28.77524	0.2656955	0.7826028	3.772615
18906	-517.9335	-549.2884	31.35487	0.1733225	0.9351302	2.287884
18912	-519.5109	-550.3441	30.83319	0.307287	1.094092	2.287884
18918	-522.7443	-553.5223	30.77806	0.2159128	0.6314398	2.756574
18924	-529.3977	-558.1608	28.76308	0.3601417	1.125041	3.456214
18930	-524.8955	-555.2494	30.35395	0.4779619	1.706933	1.981208
18936	-529.0238	-557.9541	28.93033	0.4500384	1.61259	2.966314
18942	-530.4726	-560.0873	29.61477	0.677485	1.728943	2.254576
18948	-527.1868	-557.3823	30.19543	0.7354323	2.011582	1.620284
18954	-529.86	-559.077	29.21697	0.7354323	2.364803	2.050697
18960	-528.8091	-559.4092	30.60002	0.5080189	1.61544	1.84254
18966	-529.3816	-557.1591	27.77753	0.7193167	1.386214	3.543352
18972	-530.3268	-556.6157	26.28888	0.5355042	1.624457	4.407641
18978	-529.8374	-558.4196	28.58224	0.3892708	1.323032	3.41184
18984	-530.3269	-558.9196	28.59269	0.3478783	0.8805713	3.712192
18990	-530.7174	-559.3622	28.64486	0.2136544	1.157501	3.712192
18996	-528.3332	-556.8847	28.55146	0.3548494	0.7937977	3.777605
19002	-530.1309	-557.3113	27.18048	0.2042906	0.4940834	4.931765
19008	-526.9529	-556.0162	29.06336	0.2278016	1.105641	3.476067
19014	-534.9727	-563.481	28.5083	0.4679556	1.192134	3.446919
19020	-530.4389	-561.6042	31.16532	0.3176846	1.872684	1.51443
19026	-538.6121	-569.444	30.83197	0.3097498	1.472175	2.039064
19032	-532.9816	-564.515	31.53347	0.3582584	1.951419	1.076601
19038	-534.0386	-565.0788	31.04018	0.1542841	1.631048	2.081952
19044	-532.7126	-562.0176	29.30498	0.3061618	1.446464	3.015095
19050	-524.1759	-556.199	32.02316	0.2433326	2.114354	0.5359415
19056	-528.833	-560.3668	31.53376	0.3877586	2.114354	0.8427243
19062	-530.5905	-562.6226	32.03212	0.2951408	1.877924	0.7587863
19068	-532.9908	-563.62	30.62915	0.5809586	1.536293	1.798644
19074	-527.0675	-558.9064	31.83884	0.405658	1.634471	0.9966646
19080	-535.1961	-564.8555	29.6594	0.308115	0.8554779	3.153594
19086	-531.8847	-560.2655	28.38082	0.1632178	0.7239274	4.201008
19092	-529.9523	-556.1355	26.1832	0.5773543	1.091697	4.730058
19098	-528.7195	-559.1551	30.43559	0.495811	1.248812	2.208782
19104	-528.283	-558.5141	30.23113	0.4589719	1.70776	2.083901
19110	-527.3057	-557.8266	30.5209	0.4589719	2.007844	1.681777
19116	-527.016	-557.1634	30.14742	0.503567	2.026711	1.875804
19122	-523.118	-554.2484	31.13043	0.503567	1.812583	1.313003
19128	-524.446	-554.7842	30.33824	0.5331764	1.658733	1.963306
19134	-525.798	-556.4083	30.61026	0.5495591	1.503282	1.867087
19140	-520.8779	-552.4113	31.53341	0.2894365	1.850331	1.296576
19146	-525.8294	-556.5433	30.71392	0.3766179	2.188941	1.521982
19152	-523.1745	-555.2826	32.10814	0.2252929	1.572528	1.1861
19158	-524.1671	-555.4096	31.24244	0.3354983	1.645643	1.595967
19164	-528.8721	-559.5192	30.64708	0.2096433	1.018619	2.610228
19170	-521.091	-552.7372	31.64619	0.3022777	1.533616	1.433722
19176	-523.8978	-555.922	32.0242	0.161912	1.544452	1.433722
19182	-526.2378	-557.6061	31.36833	0.453902	1.994843	1.018047
19188	-523.0151	-554.825	31.8099	0.4391246	1.687985	0.9051115
19194	-520.025	-552.0272	32.0022	0.2361832	1.996817	0.8386793
19200	-523.9297	-555.6101	31.68041	0.1703761	1.727231	1.533983
19206	-526.9335	-557.6408	30.70728	0.5216911	2.308007	1.229132
19212	-522.1688	-552.9652	30.79639	0.5216911	2.565463	0.2407967
19218	-520.6376	-551.4776	30.83993	0.5216911	2.531774	0.2454586
19224	-524.4446	-555.0977	30.65312	0.5216911	2.627691	0.2079208
19230	-523.6486	-555.5362	31.88763	0.03264024	2.680758	0.1844217
19236	-520.9819	-552.732	31.75008	0.06962657	2.637127	0.1844217
19242	-514.5044	-545.1882	30.68376	0.4545308	2.637127	0.1844217
19248	-518.8264	-549.8739	31.04749	0.2371796	2.787805	0.1983863
19254	-519.9021	-550.7531	30.85097	0.2475327	2.787805	0.1530154
19260	-518.6794	-549.4477	30.76835	0.2614356	2.834481	0.1530154
19266	-519.7972	-552.1695	32.37239	0.1798817	1.83368	0.7835539
19272	-523.3816	-554.5894	31.2078	0.4292002	1.752424	1.401662
19278	-518.4591	-550.5829	32.12383	0.2416817	1.829558	0.875706
19284	-525.5783	-557.6217	32.04331	0.1881165	1.63967	1.276023
19290	-522.7197	-555.4396	32.71996	0.1143615	1.824554	0.583214
19296	-518.8673	-551.2545	32.38723	0.156057	1.943005	0.7150253
19302	-524.6673	-556.0566	31.3893	0.5622148	1.943005	0.8609364
19308	-524.6013	-556.2639	31.66255	0.3346072	2.195925	0.6988042
19314	-523.7427	-555.686	31.94329	0.3582821	1.927779	0.4979779
19320	-519.7157	-551.1936	31.47788	0.2585609	1.525592	1.643333
19326	-518.4031	-550.8685	32.46544	0.1776365	1.523387	1.034832
19332	-521.2423	-552.3627	31.12047	0.4459588	2.114669	1.150116
19338	-521.5081	-553.3981	31.89001	0.2712181	2.114669	0.3421354
19344	-518.3516	-549.9824	31.63077	0.3211952	2.290398	0.3879081
19350	-523.4971	-555.0749	31.57773	0.3319824	2.290398	0.3474379
19356	-524.1948	-555.256	31.06118	0.5591861	2.290398	0.2656053
19362	-532.6374	-564.1238	31.48641	0.346733	2.290398	0.2943781
19368	-521.1067	-552.83	31.72323	0.2354441	2.290398	0.2751857
19374	-518.7232	-550.4861	31.76283	0.1616826	2.432332	0.2524525
19380	-524.0589	-555.8109	31.75198	0.07221185	2.751733	0.2296383
19386	-533.2227	-564.8646	31.64198	0.09982778	2.751733	0.2358074
19392	-530.1023	-561.4617	31.35944	0.3291296	2.458288	0.296514
19398	-524.0734	-555.3655	31.29214	0.3590602	2.458288	0.2939939
19404	-524.4716	-556.0366	31.56497	0.2975118	2.437863	0.5330854
19410	-529.1101	-560.4514	31.34128	0.4038947	2.437863	0.4773078
19416	-535.6105	-566.92	31.30951	0.4038947	2.437863	0.382576
19422	-535.1992	-564.1831	28.98386	0.5607459	0.9269613	3.23462
19428	-532.9411	-563.0055	30.06437	0.6010021	1.437621	2.221132
19434	-530.82	-561.8132	30.99317	0.4443416	1.841605	1.476733
19440	-528.2254	-558.764	30.53867	0.5030994	2.294456	1.40063
19446	-525.6294	-555.8958	30.26632	0.4949369	2.022293	1.807024
19452	-525.0081	-555.2753	30.26715	0.5167735	2.021023	1.782504
19458	-524.2354	-555.5583	31.32291	0.5424743	1.828161	1.080221
19464	-528.0645	-558.719	30.65452	0.5471003	2.546564	1.025735
19470	-529.7735	-561.0246	31.25116	0.4457273	2.424039	0.6267957
19476	-527.767	-558.5179	30.75096	0.3712425	2.799251	0.9873621
19482	-534.4419	-562.8708	28.42898	0.8979995	2.234026	2.518057
19488	-530.3856	-559.6555	29.2699	0.7848798	1.597267	2.4709
19494	-536.041	-566.6942	30.65322	0.797883	2.371443	0.8520915
19500	-536.215	-563.7915	27.57645	0.482989	1.6393	3.713659
19506	-534.8936	-564.2223	29.3287	1.042582	2.189711	1.866653
19512	-532.235	-560.2777	28.04278	0.5955688	1.501928	3.419469
19518	-530.9229	-559.2495	28.32658	0.6833281	1.096112	3.419469
19524	-533.9163	-563.5995	29.68312	0.4757137	1.949986	2.263652
19530	-535.8817	-566.8226	30.94086	0.9065866	2.07134	0.6955595
19536	-527.7713	-558.423	30.65174	0.6943997	1.986953	1.333249
19542	-529.3556	-559.1536	29.79806	0.6419612	1.39457	2.381667
19548	-533.8548	-562.5243	28.66955	0.4808445	1.342875	3.250541
19554	-530.7575	-562.1416	31.38413	0.4042638	1.615726	1.407188
19560	-526.49	-558.3969	31.90696	0.1237302	1.527571	1.635306
19566	-519.0179	-550.0387	31.02089	0.24583	1.269317	2.151155
19572	-522.2593	-554.0608	31.80146	0.333633	1.645167	1.158573
19578	-525.0581	-556.1096	31.05144	0.5859282	1.544948	1.483009
19584	-533.7312	-565.255	31.52384	0.279758	1.691467	1.447515
19590	-539.4277	-569.9668	30.53915	0.5798445	2.8882	0.3497786
19596	-532.4128	-563.9303	31.51742	0.360011	2.341787	0.5671843
19602	-539.4368	-571.3632	31.92645	0.360011	1.613296	1.020689
19608	-534.3661	-564.6673	30.30114	0.8675274	2.091135	1.363382
19614	-531.7691	-563.3809	31.61183	0.3342798	1.835638	1.156592
19620	-527.3549	-557.2907	29.93583	0.5218034	1.384836	2.413804
19626	-527.6875	-557.9704	30.2829	0.3689413	1.529465	2.276246
19632	-525.7872	-555.8297	30.04245	0.5357436	1.402312	2.321085
19638	-524.9483	-556.2516	31.30332	0.5383431	2.239224	0.5523373
19644	-526.4273	-557.3895	30.96217	0.4753096	2.239224	1.134434
19650	-524.0423	-555.2688	31.22647	0.5029358	2.272278	0.3038004
19656	-528.0619	-558.9693	30.90735	0.8107417	2.263654	0.4337296
19662	-523.8756	-555.4173	31.54174	0.3784431	2.263654	0.3971104
19668	-529.0827	-560.6177	31.53498	0.4472519	2.063619	0.7602278
19674	-535.2159	-566.9311	31.7152	0.2740241	2.044665	0.9946682
19680	-528.1687	-560.5421	32.37341	0.1937021	1.537627	1.061291
19686	-531.8172	-564.5091	32.69198	0.1175627	1.610331	0.932724
19692	-526.4622	-557.3904	30.92819	0.3622259	1.610331	1.803694
19698	-524.3175	-555.1683	30.85081	0.4756906	1.475112	1.803694
19704	-524.8175	-554.7504	29.9329	0.6433621	1.182177	2.429396
19710	-525.3009	-555.93	30.62906	0.4482891	1.175689	2.183837
19716	-519.2854	-548.5906	29.30513	0.2959268	1.060664	3.258661
19722	-525.8834	-556.5284	30.64503	0.2045923	1.237786	2.484356
19728	-521.8746	-551.428	29.55343	0.6075006	1.546172	2.470912
19734	-525.3027	-555.3762	30.0735	0.4665782	2.580351	1.582013
19740	-524.8132	-555.3838	30.57056	0.5846953	1.648321	1.757612
19746	-524.1409	-553.9665	29.8256	0.5537324	1.404933	2.43897
19752	-527.6248	-556.7772	29.1524	0.3972885	1.46527	2.980192
19758	-525.9717	-554.3546	28.3829	0.6641123	1.405712	3.219182
19764	-525.6064	-555.3853	29.77891	0.3427171	0.9273501	2.993612
19770	-525.6931	-555.3362	29.64309	0.2798217	1.527358	2.799701
19776	-524.4853	-556.0477	31.56239	0.3323599	2.353283	0.5761425
19782	-523.8939	-555.6319	31.738	0.3323599	2.056982	0.8016333
19788	-528.4781	-560.1101	31.63196	0.4271987	1.837815	0.958933
19794	-534.0872	-561.3954	27.30822	0.3229576	0.5577714	4.656121
19800	-533.9053	-560.8726	26.96732	0.4427899	0.6598139	4.656121
19806	-529.0253	-558.1744	29.14913	0.2432466	0.8438689	3.554253
19812	-534.5638	-565.0521	30.48829	0.4807217	1.665094	1.915828
19818	-529.3764	-559.5284	30.152	0.2738476	1.574139	2.465649
19824	-521.7737	-552.9436	31.16986	0.2756332	2.071034	1.435655
19830	-522.2931	-553.8502	31.55707	0.3380366	1.688585	1.319214
19836	-526.987	-555.7583	28.77129	0.3720056	1.843975	3.011668
19842	-521.7651	-553.8745	32.10939	0.2047187	2.064396	0.7181108
19848	-530.7785	-562.4567	31.67826	0.3211582	2.198434	0.7181108
19854	-531.3099	-562.191	30.8811	0.6246822	2.290598	0.9386687
19860	-530.8056	-560.9907	30.18508	0.9099674	1.270891	1.999933
19866	-535.6956	-566.2804	30.5848	0.9099674	0.9192793	1.967774
19872	-545.0091	-575.5038	30.49468	0.2995201	2.05342	1.891267
19878	-538.5373	-568.391	29.85373	0.5645549	3.511859	0.8152574
19884	-534.1398	-565.1138	30.97403	0.5672211	2.480517	0.6725081
19890	-537.6714	-568.6106	30.93925	0.5886041	2.480517	0.6780148
19896	-532.4531	-563.9422	31.48912	0.5848432	1.833152	0.8316709
19902	-534.8549	-564.8087	29.95379	0.3703695	1.642445	2.411775
19908	-533.4775	-561.8509	28.37341	0.5805909	0.7464325	3.679602
19914	-532.1075	-560.7554	28.64784	0.3646177	0.6972655	3.766038
19920	-538.0145	-566.2046	28.19007	0.2194399	0.4654993	4.357473
19926	-532.9204	-561.043	28.12255	0.1946121	0.6057657	4.357473
19932	-537.5498	-565.7107	28.1609	0.07659411	0.4387727	4.678448
19938	-542.1566	-569.5912	27.43461	0.2150084	0.6627075	4.678448
19944	-535.7232	-563.4173	27.69408	0.2648032	0.7563652	4.404913
19950	-531.3184	-558.7567	27.4383	0.3003863	0.7242168	4.518516
19956	-531.0355	-560.7177	29.68215	0.4178078	0.9214212	2.965196
19962	-532.2457	-562.1633	29.91759	0.4486841	1.085292	2.688342
19968	-527.1943	-556.5944	29.40008	0.4783572	1.057978	2.987678
19974	-530.2571	-560.2414	29.98431	0.3782716	1.387878	2.542165
19980	-527.2256	-556.1933	28.9677	0.4817896	1.381277	3.049548
19986	-524.1844	-552.8846	28.70016	0.708072	1.315546	3.049548
19992	-527.3235	-557.1532	29.82968	0.708072	2.544462	1.523255
19998	-526.9162	-558.0524	31.13628	0.4992242	1.978672	1.175157
20004	-524.7712	-555.3601	30.5889	0.68017	1.711292	1.604465
20010	-532.6611	-563.0571	30.39593	0.68017	1.808394	1.673449
20016	-528.6638	-559.6871	31.02329	0.7410966	2.203577	0.6505163
20022	-525.5203	-556.7351	31.21488	0.4418936	2.377891	0.2955398
20028	-534.7762	-564.6159	29.83969	0.7219299	3.414715	0.6430761
20034	-526.4163	-556.8643	30.448	0.903676	2.457305	0.2615758
20040	-526.8927	-555.3719	28.47912	0.5017672	1.020951	3.530521
20046	-540.9158	-569.1447	28.22897	0.4970337	1.01314	3.684799
20052	-529.9794	-561.0704	31.09101	0.7189303	2.188607	0.5853778
20058	-539.3626	-570.342	30.9794	0.5101587	2.236934	1.067393
20064	-538.7087	-568.4364	29.72774	0.5243065	1.856387	2.243476
20070	-530.8074	-562.19	31.38268	0.4393507	1.694614	1.293868
20076	-531.0721	-562.0289	30.95679	0.6851361	2.203422	0.858465
20082	-527.1165	-558.3539	31.23742	0.4922973	1.723827	1.313366
20088	-526.9672	-557.4312	30.46394	0.7487062	1.723827	1.622236
20094	-517.9231	-549.261	31.33788	0.4007711	1.503714	1.53224
20100	-522.3445	-550.3354	27.99096	0.4305704	1.485373	3.616239
20106	-532.5589	-560.7927	28.2338	0.5628144	1.022156	3.616239
20112	-521.4397	-551.7919	30.3522	0.7771961	2.565904	0.2047347
20118	-521.2144	-552.0929	30.87851	0.3072071	2.418308	1.333173
20124	-523.5038	-555.3458	31.84195	0.3916129	1.906433	0.6857284
20130	-517.3087	-549.4912	32.18243	0.2239957	1.937134	0.7162954
20136	-519.1621	-551.0544	31.89237	0.2727358	2.09148	0.7286914
20142	-520.0253	-551.6418	31.61659	0.3400078	1.918889	1.065285
20148	-518.1224	-549.8206	31.69815	0.3414442	1.83425	1.065285
20154	-519.5665	-551.5435	31.97706	0.2342942	1.813035	1.065285
20160	-523.6321	-553.5153	29.88324	0.6036678	1.183022	2.495252
20166	-522.3591	-552.1373	29.77818	0.1817038	1.102914	3.136701
20172	-530.3433	-560.0531	29.70974	0.3012757	1.421654	2.792403
20178	-524.9062	-554.5584	29.65217	0.5167267	1.014767	2.823065
20184	-533.4376	-562.8981	29.46043	0.6252782	0.9514858	2.878405
20190	-538.9285	-568.9869	30.05838	0.7517399	3.192994	0.5087547
20196	-527.3625	-558.5798	31.21727	0.4727966	2.154346	0.9765428
20202	-532.6364	-562.3436	29.70717	0.4736744	1.484728	2.544482
20208	-528.4275	-557.6099	29.18241	0.5344335	1.228561	2.960711
20214	-531.9253	-562.1486	30.22331	0.5344335	1.618059	2.065481
20220	-528.3894	-558.7975	30.40807	0.5344335	1.573287	1.972439
20226	-529.9129	-559.5846	29.6717	0.5337406	1.192853	2.685729
20232	-525.3753	-554.536	29.16069	0.5337406	1.593648	2.753253
20238	-525.8094	-555.8804	30.07106	0.7054023	1.822084	1.867299
20244	-530.1838	-560.4917	30.30789	0.05025005	0.6963258	3.377549
20250	-535.772	-565.7079	29.93587	0.1079108	0.7106834	3.431356
20256	-528.7726	-558.302	29.52943	0.2219289	0.7324197	3.431356
20262	-531.3091	-561.6932	30.38409	0.6236747	1.714643	1.801943
20268	-536.3983	-567.1253	30.72701	0.8417248	1.816883	1.264385
20274	-524.512	-556.5127	32.00076	0.3133899	1.935804	0.6369002
20280	-516.0855	-547.9332	31.84767	0.3133899	2.100541	0.6071936
20286	-522.2485	-553.8061	31.5576	0.3021747	2.423	0.4223738
20292	-520.5177	-552.3811	31.86339	0.2645551	2.214119	0.4411311
20298	-520.8455	-552.5658	31.72038	0.2979138	2.214119	0.336003
20304	-520.2102	-551.975	31.7648	0.2636449	2.318539	0.5460446
20310	-521.4689	-553.7674	32.29846	0.1989674	1.960153	0.4452439
20316	-526.4262	-558.4739	32.04769	0.2437208	2.078782	0.5832139
20322	-530.9623	-563.1427	32.18042	0.2437208	1.946051	0.5832139
20328	-531.478	-563.4869	32.00884	0.197563	2.001666	0.9506849
20334	-533.2058	-564.6808	31.475	0.4864266	1.980821	0.8583136
20340	-531.7498	-563.3073	31.55749	0.2128137	2.290947	1.066964
20346	-534.5895	-565.6601	31.07062	0.1783478	1.527627	2.077431
20352	-530.334	-560.0748	29.7408	0.06413684	0.8608299	3.57238
20358	-530.0308	-558.2352	28.20449	0.5050389	1.493384	3.411827
20364	-520.7592	-551.9545	31.1953	0.3620165	1.542795	1.663739
20370	-528.6143	-559.827	31.21278	0.4583777	2.020368	1.13229
20376	-527.8451	-557.8542	30.00912	0.4755566	1.80149	2.149061
20382	-531.5118	-560.6379	29.12611	0.3804231	1.35364	3.082618
20388	-522.9315	-553.0516	30.12005	0.3358987	1.085952	2.699333
20394	-519.8453	-551.4542	31.60888	0.1511814	1.39926	1.863438
20400	-521.4908	-552.3743	30.88352	0.1930882	1.239205	2.354886
20406	-528.3415	-558.0333	29.69178	0.3959739	1.159124	2.840919
20412	-526.8058	-556.8927	30.08695	0.2042555	1.489842	2.674789
20418	-521.5319	-553.2529	31.721	0.2590831	1.256157	1.661246
20424	-524.0818	-553.8245	29.74276	0.2034942	0.935136	3.217774
20430	-519.9504	-551.6673	31.71689	0.09258388	1.825074	1.650075
20436	-521.811	-553.2178	31.40677	0.124292	1.452176	2.030153
20442	-524.5254	-555.2581	30.73271	0.2854754	1.373755	2.205587
20448	-530.5893	-561.72	31.13067	0.2779125	1.258268	2.032717
20454	-529.5104	-561.5603	32.04994	0.3451445	1.574844	0.9664646
20460	-524.5705	-555.726	31.15546	0.5469431	1.480447	1.497706
20466	-524.1871	-554.9762	30.7891	0.5469431	1.480447	1.7622
20472	-523.724	-554.5084	30.78436	0.5321235	1.429413	1.817022
20478	-521.7268	-553.7101	31.98332	0.2414222	1.713951	1.132836
20484	-530.7104	-561.9216	31.21124	0.3076093	1.087477	2.045905
20490	-528.2091	-559.2642	31.05513	0.283003	1.301516	2.045905
20496	-525.5278	-556.6231	31.09535	0.2666755	1.546762	1.881364
20502	-526.1897	-556.7356	30.54586	0.3953232	1.746805	1.926447
20508	-523.8353	-555.3704	31.53509	0.1695925	1.309493	1.93219
20514	-528.0098	-559.0072	30.99736	0.2708524	1.641184	1.876688
20520	-527.6889	-559.2137	31.52483	0.4710231	1.503227	1.288426
20526	-527.5805	-559.4169	31.83634	0.3469722	1.370089	1.335356
20532	-531.8857	-561.38	29.49428	0.4328675	1.768756	2.545168
20538	-530.8228	-556.2962	25.47341	0.5450408	1.700522	4.813968
20544	-533.6741	-560.2265	26.55243	0.5325779	0.6410551	4.813968
20550	-532.1815	-561.2331	29.05157	0.4381979	0.9506346	3.300704
20556	-529.0518	-557.0118	27.96008	0.3607186	0.9070281	4.044751
20562	-529.9177	-559.9013	29.98366	0.3607186	0.7790566	2.936912
20568	-528.2014	-557.4507	29.24934	0.3411809	0.9698268	3.28529
20574	-535.9781	-566.6393	30.66117	0.6858367	2.547753	0.7956698
20580	-533.2061	-563.7749	30.56874	0.7355667	1.865312	1.451778
20586	-532.2308	-561.4368	29.20599	0.7666143	1.552252	2.552667
20592	-532.9541	-562.8032	29.84909	0.5133397	1.403872	2.464972
20598	-531.7325	-563.603	31.87058	0.2579319	1.699298	1.206394
20604	-534.7764	-564.9649	30.18851	0.7462784	1.645125	1.872555
20610	-543.3254	-574.4143	31.08892	0.618903	1.574188	1.395236
20616	-536.9294	-565.6262	28.6968	0.4712593	1.26649	3.289221
20622	-534.5238	-563.5956	29.0718	0.5260395	1.328851	2.974928
20628	-527.4785	-558.3315	30.85306	0.6791762	2.420013	0.7135112
20634	-529.6801	-559.6832	30.0031	0.5417517	2.698258	1.454329
20640	-525.5128	-556.3341	30.8213	0.5417517	2.346426	1.065682
20646	-529.6672	-561.4245	31.75727	0.1742196	2.276632	1.001334
20652	-528.5291	-560.2601	31.73093	0.06074816	1.702513	1.830458
20658	-526.296	-557.0896	30.79358	0.2622515	1.287402	2.258967
20664	-528.9735	-559.269	30.29553	0.2429704	1.755194	2.310396
20670	-524.4659	-555.6803	31.2144	0.3616817	1.396587	1.754074
20676	-524.475	-555.7563	31.28127	0.1424026	1.569501	1.990718
20682	-518.9012	-549.772	30.87083	0.3622153	1.39233	1.990718
20688	-520.8365	-551.2998	30.46332	0.4180433	1.395216	2.184776
20694	-525.436	-557.2397	31.80371	0.226381	2.010629	1.062934
20700	-524.1023	-555.4083	31.30602	0.2814007	1.299057	1.881831
20706	-532.6339	-561.391	28.75716	0.7321347	1.526581	2.869819
20712	-538.6634	-564.9456	26.28228	0.1502058	1.035053	5.226178
20718	-531.0118	-557.2851	26.27325	0.2202746	0.8243406	5.226178
20724	-529.3508	-559.4477	30.09687	0.3467104	1.147967	2.661222
20730	-527.8911	-557.7001	29.80906	0.4301235	0.7274576	2.991772
20736	-534.167	-562.4249	28.25783	0.5890883	0.9367329	3.629035
20742	-531.5379	-560.1027	28.56478	0.4901513	0.7365516	3.65717
20748	-528.0375	-558.8139	30.7764	0.4110615	1.844881	1.678021
20754	-528.4097	-560.0302	31.62055	0.3463712	2.033613	0.9326893
20760	-520.6954	-552.6395	31.94412	0.3166803	1.966531	0.6757445
20766	-531.9801	-562.5665	30.58639	0.3166803	2.151073	1.733328
20772	-528.9508	-560.3931	31.44226	0.5013443	2.151073	0.58799
20778	-530.5605	-562.0533	31.49286	0.4713323	2.151073	0.58799
20784	-527.1109	-558.9549	31.84396	0.2414651	2.300915	0.493749
20790	-526.453	-557.8623	31.40923	0.4233262	2.300915	0.3815854
20796	-530.5127	-561.9219	31.40923	0.4233262	2.300915	0.3815854
20802	-526.2981	-557.6085	31.31034	0.3707177	2.495949	0.3726281
20808	-517.7571	-549.369	31.61195	0.3167715	2.282745	0.3396087
20814	-526.5198	-557.9425	31.42264	0.4085036	2.282745	0.3396087
20820	-520.9833	-552.1165	31.13313	0.5003769	1.842231	1.291009
20826	-527.2058	-558.0934	30.88761	0.596515	1.842231	1.368223
20832	-524.3883	-554.8132	30.42496	0.4837998	1.686896	1.94034
20838	-522.2045	-550.8091	28.60459	0.2617164	0.3685342	4.113226
20844	-528.608	-556.9801	28.3721	0.2370294	0.6656691	4.113226
20850	-533.1937	-562.2267	29.03293	0.2093836	0.5360355	3.853785
20856	-526.7071	-555.8826	29.17546	0.2484417	0.7473856	3.587063
20862	-533.657	-561.3032	27.64624	0.2045939	0.6305153	4.594844
20868	-531.6624	-562.9507	31.28832	0.1689353	1.270672	2.1232
20874	-533.1559	-561.699	28.54311	0.2671362	0.6343412	3.988873
20880	-531.2715	-560.0768	28.80534	0.1561619	1.097386	3.7583
20886	-535.888	-566.3804	30.49239	0.1809273	0.7797834	2.903816
20892	-533.5563	-562.4572	28.90086	0.7847672	0.9348773	3.100105
20898	-529.398	-560.1177	30.7197	0.79313	1.802774	1.327795
20904	-536.6295	-565.0886	28.45907	0.5799691	1.691891	3.07471
20910	-533.5166	-562.3702	28.85351	0.4738052	0.86779	3.428809
20916	-532.3115	-560.4928	28.18133	0.5467698	1.104211	3.613379
20922	-535.7004	-565.98	30.27963	0.5336308	3.060865	0.9026702
20928	-538.295	-568.7615	30.4665	0.6101261	1.578826	1.852002
20934	-533.2069	-563.5629	30.35599	0.3657904	1.967363	1.945448
20940	-534.962	-563.2495	28.28748	0.2633805	0.807279	4.041503
20946	-539.1169	-569.5039	30.38706	0.4472442	1.27068	2.279772
20952	-533.4737	-563.6221	30.14843	0.2967368	1.512959	2.47171
20958	-526.062	-556.5399	30.47791	0.2553642	1.470694	2.354724
20964	-538.6944	-567.0626	28.36816	1.000797	1.502504	2.937854
20970	-539.9002	-569.2238	29.32356	0.09630351	0.9316278	3.687447
20976	-530.468	-562.0779	31.6099	0.4767848	1.598692	1.12571
20982	-530.8476	-561.1544	30.30685	0.5436338	1.498356	2.079805
20988	-525.2608	-557.3145	32.05369	0.3113271	1.446524	1.155068
20994	-525.5398	-556.5981	31.05827	0.4858963	1.557902	1.585396
21000	-533.0047	-564.2606	31.25587	0.5756278	1.846659	1.078218
21006	-525.3329	-556.4014	31.06849	0.6074515	2.079819	0.988541
21012	-521.7759	-552.1597	30.38377	0.7025711	2.229465	1.345062
21018	-532.8475	-564.7089	31.86132	0.4429972	1.713745	0.8034693
21024	-521.8748	-553.1857	31.31086	0.3974743	2.384383	0.3105874
21030	-526.5338	-558.2217	31.68792	0.2432342	2.384383	0.7076281
21036	-518.7236	-550.5323	31.80873	0.3020395	2.182365	0.4605448
21042	-521.6461	-553.5694	31.92328	0.2529166	2.182365	0.4352916
21048	-520.1926	-551.8323	31.63971	0.3532509	2.138112	0.7635777
21054	-521.0227	-552.7325	31.70982	0.3546102	2.138112	0.6345487
21060	-521.7683	-553.9346	32.16628	0.1730052	2.139681	0.6551783
21066	-526.3336	-558.3337	32.00008	0.1671721	2.287021	0.3275917
21072	-521.9994	-554.638	32.63867	0.04958029	2.212799	0.4789805
21078	-523.3841	-555.4761	32.09193	0.1016373	2.384575	0.2845748
21084	-520.9553	-552.7651	31.80974	0.1771268	2.384575	0.280893
21090	-517.6324	-549.5342	31.90172	0.1438793	2.384575	0.2683769
21096	-517.1452	-549.4587	32.31354	0.07053918	2.384575	0.3569017
21102	-520.0075	-552.0324	32.02496	0.1447662	2.366185	0.3569017
21108	-525.1036	-556.8677	31.76405	0.2170176	2.366185	0.3237626
21114	-525.9954	-557.6775	31.68207	0.2096563	2.469341	0.3237626
21120	-525.4239	-557.6841	32.26028	0.05476875	2.504811	0.3447691
21126	-525.0282	-556.1215	31.0933	0.3330019	2.730184	0.3073481
21132	-536.7585	-566.6648	29.90628	0.3741941	2.225724	2.061579
21138	-536.2945	-566.4594	30.16491	0.9076807	1.375366	1.945111
21144	-528.7981	-560.4916	31.69357	0.3702194	1.817988	1.02779
21150	-538.5964	-570.8122	32.21574	0.2209005	1.922066	0.7000411
21156	-525.9408	-557.6476	31.70679	0.3051293	2.256806	0.3990161
21162	-521.6641	-552.9985	31.33443	0.5532375	2.178774	0.4285289
21168	-528.4096	-559.4585	31.04892	0.4512331	2.501144	0.278059
21174	-521.8029	-552.5954	30.79253	0.6124631	2.501144	0.278059
21180	-528.8486	-559.5369	30.68829	0.7138057	2.596258	0.419017
21186	-523.5467	-554.8683	31.32162	0.4021223	2.456188	0.4481051
21192	-522.0963	-553.3477	31.2514	0.4700794	2.40332	0.5529896
21198	-537.7398	-569.0485	31.30874	0.4982012	1.904087	1.088989
21204	-530.6975	-561.1937	30.49622	0.736487	1.837925	1.526122
21210	-529.4761	-556.6875	27.21138	0.6906454	1.441263	3.8603
21216	-531.8331	-559.9364	28.10327	0.496208	1.670943	3.375615
21222	-535.2639	-565.7862	30.52232	0.5723697	2.564754	1.097041
21228	-531.2445	-561.9506	30.70609	0.5723697	2.187807	1.264765
21234	-531.0407	-562.1151	31.07443	0.6852376	2.240276	0.6116928
21240	-534.0203	-565.4973	31.47698	0.3853715	2.11414	0.9143732
21246	-541.1257	-568.9099	27.78415	0.6143389	1.567898	3.516178
21252	-524.4339	-555.623	31.18909	0.5727909	2.153541	0.8286833
21258	-530.5379	-561.9688	31.4309	0.4142852	2.086108	0.9343689
21264	-529.6255	-560.7295	31.10403	0.7193795	1.805682	1.073035
21270	-528.9009	-558.5453	29.64447	0.5684399	1.663709	2.375812
21276	-532.9747	-562.2696	29.29481	0.5684399	1.622796	2.620024
21282	-530.6863	-560.3453	29.65905	0.5123935	1.573354	2.478822
21288	-528.3448	-558.2045	29.85962	1.011414	1.633084	1.904934
21294	-532.8076	-563.259	30.45144	0.6655888	2.693806	0.9058848
21300	-525.5708	-556.4024	30.83161	0.6655888	1.721747	1.430138
21306	-528.6806	-560.4924	31.81181	0.4300802	1.552737	1.0581
21312	-530.7253	-560.6063	29.88098	0.5597473	1.360191	2.426466
21318	-529.8847	-559.3795	29.49483	1.021936	1.240302	2.392461
21324	-525.0801	-554.8915	29.81138	0.8102857	1.601984	2.101905
21330	-528.8077	-557.1107	28.30301	0.6664636	1.563067	3.171386
21336	-526.237	-556.7242	30.48721	0.6138115	1.557646	1.848709
21342	-529.1777	-559.6022	30.42449	0.8073628	1.181593	1.976498
21348	-531.9866	-560.4245	28.43787	0.4583939	1.228421	3.476613
21354	-530.7676	-558.9499	28.1823	0.8963608	0.8879417	3.476613
21360	-526.5376	-553.4985	26.96085	0.6553416	0.9729303	4.296944
21366	-527.5104	-555.985	28.4746	0.431036	0.7227603	3.777053
21372	-527.5155	-554.7922	27.27673	0.3371009	0.6256284	4.618377
21378	-525.6137	-554.8214	29.20766	0.5722678	1.183141	2.937777
21384	-521.5582	-549.3927	27.83452	0.3784827	1.013821	4.034856
21390	-527.4705	-555.8276	28.3571	0.3714832	0.7024777	3.922109
21396	-524.0954	-553.3308	29.23542	0.3122941	1.231146	3.176622
21402	-524.0123	-554.854	30.84168	0.2697615	1.200454	2.271773
21408	-527.968	-560.243	32.27502	0.1569376	1.789623	1.027685
21414	-524.5505	-554.3583	29.80773	0.2873586	1.769904	2.537921
21420	-525.8536	-556.797	30.94338	0.4911331	1.562218	1.658961
21426	-527.6119	-558.402	30.79013	0.5502959	1.689121	1.609403
21432	-528.2242	-559.932	31.70782	0.482636	1.632219	0.9915694
21438	-526.4199	-557.8772	31.45738	0.3254449	1.731515	1.386048
21444	-526.8465	-557.6393	30.79281	0.6584404	2.280911	0.9917839
21450	-534.2412	-564.9342	30.69296	0.664209	2.491873	0.8624587
21456	-534.6232	-564.5748	29.95163	0.4784157	3.658129	0.646231
21462	-528.2908	-559.1204	30.82954	0.6130016	2.59103	0.5923804
21468	-526.2297	-557.3214	31.09168	0.6130016	2.342927	0.4760056
21474	-525.9352	-557.1209	31.18564	0.5164674	2.39159	0.5531495
21480	-529.2146	-559.9982	30.78364	0.5164674	2.728024	0.3346185
21486	-526.8551	-557.6143	30.75923	0.5164674	2.728024	0.3122852
21492	-528.2614	-559.014	30.75262	0.6270064	2.659221	0.4562486
21498	-532.934	-563.6484	30.71438	0.6545707	2.659221	0.4562486
21504	-526.6024	-557.2943	30.69192	0.6545707	2.659221	0.3935013
21510	-522.2267	-553.1024	30.87573	0.6085736	2.494935	0.3339868
21516	-530.1476	-561.0994	30.95181	0.6807807	2.327174	0.342443
21522	-532.9845	-560.8063	27.82178	0.4816349	1.093873	3.88776
21528	-535.4146	-564.2429	28.82829	0.6589553	1.849919	2.687651
21534	-524.0348	-554.1425	30.10767	0.608204	1.882676	1.891397
21540	-528.4101	-559.4423	31.03217	0.5384829	1.986925	1.203273
21546	-534.5195	-560.7103	26.19081	0.5510235	1.210743	4.681577
21552	-533.7446	-563.6377	29.89312	0.7173702	1.568198	2.144795
21558	-528.9729	-560.2446	31.27173	0.3636518	2.207466	1.071503
21564	-530.0063	-559.9703	29.96401	0.5010974	2.992703	1.305212
21570	-528.4804	-556.2629	27.78249	0.6254468	2.205909	3.132311
21576	-522.0084	-550.732	28.72356	0.6254468	2.114271	2.617896
21582	-519.2976	-549.4351	30.1375	0.6254468	1.613352	2.035595
21588	-521.308	-552.0042	30.69619	0.4772927	1.679398	1.767297
21594	-526.4398	-557.0964	30.65659	0.3619279	1.527564	2.043634
21600	-529.2007	-557.5304	28.32971	0.1201535	0.8831095	4.228071
21606	-522.4942	-554.3775	31.88334	0.2189369	1.771642	1.223322
21612	-524.0078	-556.1823	32.17455	0.1192324	1.715383	1.302642
21618	-527.0499	-559.0395	31.98966	0.2953741	1.717644	0.9957857
21624	-527.4779	-559.1233	31.64542	0.2633975	1.703604	1.375421
21630	-525.463	-556.6877	31.22478	0.1263677	1.584509	2.057754
21636	-518.7028	-549.8201	31.11736	0.2325644	1.680344	1.836018
21642	-522.9112	-553.5739	30.6627	0.2592192	1.408479	2.27021
21648	-524.7408	-555.179	30.43817	0.3488719	1.425211	2.27021
21654	-526.4822	-557.8072	31.32502	0.2657673	1.852858	1.502032
21660	-524.6422	-554.5976	29.95545	0.1436764	0.8120835	3.279677
21666	-518.3031	-547.2415	28.93839	0.381037	1.207979	3.279677
21672	-520.3515	-549.8036	29.4521	0.3195085	0.8762395	3.248847
21678	-530.895	-560.3808	29.48581	0.2562669	0.9941005	3.248847
21684	-525.9305	-555.968	30.03753	0.3993718	1.411028	2.468558
21690	-524.7961	-555.9608	31.16473	0.5541557	1.855003	1.181756
21696	-534.3422	-563.67	29.32785	0.6702833	3.997689	0.6346928
21702	-536.3204	-563.6712	27.35076	0.478973	0.3933418	4.554993
21708	-529.341	-556.1476	26.80654	0.3799522	1.119836	4.554993
21714	-530.4951	-561.9222	31.4271	0.3960466	1.450851	1.511972
21720	-526.4317	-557.0855	30.65386	0.4814818	1.642775	1.817109
21726	-536.0787	-565.0352	28.95648	0.3647178	1.073435	3.367624
21732	-525.4934	-556.0768	30.58331	0.2795803	1.370815	2.312581
21738	-529.3078	-559.5987	30.29084	0.4393428	1.550772	2.170338
21744	-524.8175	-554.6878	29.87039	0.2388442	1.037507	3.021492
21750	-526.454	-556.1372	29.68323	0.2398014	1.065904	3.114791
21756	-522.7207	-552.2226	29.50193	0.322171	0.9063266	3.19804
21762	-525.1875	-554.6377	29.45024	0.396416	0.8039807	3.19804
21768	-528.7004	-559.6542	30.95383	0.6403384	1.573282	1.476478
21774	-524.0122	-553.5401	29.52792	0.2333882	0.2805412	3.676732
21780	-526.1169	-554.0942	27.97732	0.429687	0.3628942	4.267958
21786	-528.3618	-556.3095	27.94775	0.4986797	0.6381298	4.060037
21792	-528.6996	-556.9692	28.26958	0.293894	0.6478095	4.100107
21798	-536.1107	-563.7778	27.66706	0.5133951	0.8243719	4.100107
21804	-533.479	-559.9891	26.51003	0.1496267	0.7097305	5.281218
21810	-536.958	-565.0216	28.06361	0.2414015	0.5598655	4.34151
21816	-531.5963	-559.5992	28.00288	0.2251977	0.6647917	4.34151
21822	-533.0997	-560.6512	27.55148	0.4263911	0.6647917	4.34151
21828	-531.9154	-558.9223	27.00687	0.6176608	0.9006214	4.34151
21834	-531.7316	-561.1404	29.40883	0.7317136	1.675966	2.374912
21840	-529.2249	-558.3545	29.12958	0.7794956	1.640748	2.535444
21846	-528.8085	-558.9224	30.11383	0.6299753	2.148147	1.681207
21852	-528.9758	-560.1231	31.14731	0.5284509	1.879664	1.21008
21858	-523.2627	-553.6159	30.35318	0.5122041	1.849793	1.846427
21864	-519.6884	-550.3733	30.68493	0.4064666	1.540908	1.957009
21870	-523.1671	-554.583	31.41594	0.2320032	1.369903	1.845218
21876	-525.4052	-556.1305	30.72526	0.4269491	1.846852	1.691884
21882	-522.3026	-552.7717	30.46902	0.704111	1.406237	1.880639
21888	-525.599	-556.2442	30.64524	0.4355323	1.639412	1.880639
21894	-529.6657	-561.4641	31.79845	0.3948611	1.554458	1.13008
21900	-531.1443	-559.9222	28.77797	0.7709173	1.391131	2.910154
21906	-528.3891	-558.1335	29.74443	0.5596214	1.077906	2.686969
21912	-534.9817	-565.2431	30.26136	0.342657	1.495507	2.34662
21918	-526.8663	-557.2081	30.34176	0.3876061	1.346826	2.331438
21924	-528.8032	-558.1646	29.36134	0.3297175	1.606491	2.852802
21930	-525.5423	-556.9619	31.41966	0.6543128	1.535231	1.110584
21936	-526.7269	-556.6637	29.93675	0.2991254	1.472547	2.625055
21942	-518.4423	-550.3704	31.92815	0.3684659	1.770318	0.8281052
21948	-521.2061	-552.6315	31.42532	0.6086405	1.924449	0.7466049
21954	-533.1206	-560.9513	27.8307	0.1971265	1.097056	4.240324
21960	-524.5241	-554.4714	29.94731	0.09973804	1.077356	3.228975
21966	-532.4774	-562.5685	30.09112	0.1504342	1.307452	2.888725
21972	-519.441	-550.7349	31.29389	0.437493	1.34533	1.630081
21978	-524.2151	-553.3127	29.09753	0.4088585	0.7930053	3.398313
21984	-531.6741	-560.4052	28.73119	0.6125994	0.8249816	3.398313
21990	-521.7717	-552.5912	30.81948	0.3411755	1.276695	2.130159
21996	-521.5644	-552.0438	30.47936	0.2768449	1.157467	2.516909
22002	-524.056	-555.4901	31.43413	0.3603234	1.650873	1.408905
22008	-529.4956	-560.035	30.53947	0.3407396	2.364364	1.576209
22014	-525.96	-557.8359	31.87591	0.3240681	1.766732	0.9949286
22020	-520.9935	-552.7362	31.7427	0.4307756	1.512987	1.156246
22026	-525.7433	-556.6266	30.88326	0.4425133	2.648148	0.8593482
22032	-520.4864	-552.8596	32.37318	0.2045751	1.698104	0.8593482
22038	-521.7826	-553.7959	32.01328	0.4265262	1.276334	1.13306
22044	-527.3136	-559.2195	31.90595	0.4013972	1.521341	1.04966
22050	-526.9883	-558.4919	31.50359	0.6251715	1.727124	0.871947
22056	-526.108	-557.3285	31.22048	0.4618463	2.438358	0.417245
22062	-527.8148	-558.3371	30.52235	0.7922896	2.438358	0.2278203
22068	-528.0075	-558.7193	30.71182	0.5115288	2.637008	0.2278203
22074	-526.8142	-555.1676	28.35346	0.7492845	1.380837	3.186108
22080	-527.2826	-557.2028	29.92019	0.8954642	1.969799	1.713447
22086	-533.5187	-563.79	30.27126	1.107788	1.765792	1.45025
22092	-535.2972	-564.7629	29.46569	1.01233	2.103324	1.85232
22098	-530.1704	-561.2901	31.11973	0.5161344	2.040552	1.110248
22104	-526.328	-558.2249	31.89697	0.2869559	2.091534	0.658091
22110	-528.5716	-559.6769	31.1053	0.8760381	1.615844	1.07577
22116	-525.2894	-556.995	31.70559	0.3658742	1.743087	1.095608
22122	-526.0933	-557.7114	31.61805	0.3493734	1.468095	1.425691
22128	-531.2531	-560.0885	28.83549	0.6577863	1.273608	3.033532
22134	-539.6822	-567.4652	27.78297	0.396147	0.7930667	4.17009
22140	-535.3914	-566.4894	31.09803	0.2779245	0.9307391	2.26742
22146	-530.6845	-562.6247	31.94017	0.1808264	1.564407	1.435531
22152	-530.6587	-562.1595	31.50073	0.189124	1.481671	1.795538
22158	-527.3124	-556.7978	29.48532	0.5133974	1.439336	2.668802
22164	-530.5151	-560.718	30.20286	0.5682442	1.253853	2.281423
22170	-521.1938	-551.3956	30.20179	0.4131419	1.515939	2.281423
22176	-526.1846	-554.5329	28.34832	0.2173169	1.210264	3.846636
22182	-523.9673	-554.1698	30.2025	0.1461721	0.8525284	3.103937
22188	-529.9255	-559.4095	29.48404	0.2249896	1.027208	3.279789
22194	-534.4146	-563.9043	29.48969	0.4556703	1.020024	2.980278
22200	-534.9144	-564.4405	29.52609	0.3469987	1.46354	2.816959
22206	-528.5852	-559.3676	30.78239	0.2551472	1.362442	2.229588
22212	-527.5409	-558.3352	30.7943	0.1138701	1.362442	2.507285
22218	-526.1988	-557.7171	31.5183	0.07660225	1.337483	2.165131
22224	-523.3226	-555.8093	32.48663	0.07463424	1.426199	1.435868
22230	-528.0962	-559.0082	30.91202	0.1997922	0.8167302	2.589174
22236	-530.333	-560.9198	30.58685	0.2764373	0.7904417	2.678238
22242	-527.8277	-559.9678	32.14012	0.2362552	1.984698	0.6422888
22248	-528.0643	-558.7299	30.66565	0.3036831	1.984698	1.814628
22254	-530.4768	-561.0666	30.58982	0.2317811	1.204379	2.491482
22260	-528.8481	-559.5018	30.65371	0.3417482	0.9092856	2.470186
22266	-531.6697	-562.3353	30.66562	0.3344387	0.8889386	2.485339
22272	-535.4468	-565.9897	30.54289	0.08611769	1.300584	2.773256
22278	-534.1878	-565.6068	31.41905	0.3501692	2.124853	1.036634
22284	-523.3839	-554.2418	30.85796	0.5105413	1.554611	1.702361
22290	-520.7853	-552.6769	31.8916	0.3539086	1.849321	0.8122084
22296	-526.954	-558.7513	31.7973	0.329634	1.792978	1.034458
22302	-526.8011	-558.691	31.88989	0.2174047	1.923903	1.087029
22308	-527.0255	-557.849	30.82348	0.6246369	1.707341	1.490263
22314	-528.3198	-559.4454	31.12559	0.5072339	2.457049	0.4185941
22320	-530.764	-561.4908	30.72683	0.5644707	2.665291	0.2967591
22326	-534.3082	-565.0926	30.78447	0.5765954	2.665291	0.3726086
22332	-532.1318	-563.4756	31.3438	0.6273005	2.069906	0.5304939
22338	-534.0177	-565.26	31.24234	0.4471392	2.348026	0.7723681
22344	-533.6037	-564.441	30.83725	0.9332233	2.165371	0.6597331
22350	-529.3574	-560.5474	31.19001	0.5404134	1.636302	1.359005
22356	-531.2673	-560.9519	29.68459	0.8322158	1.936017	1.947419
22362	-536.3708	-565.8025	29.43177	0.7506143	1.500709	2.456077
22368	-542.5774	-573.2635	30.6861	0.4737769	1.469129	1.922599
22374	-533.946	-565.7862	31.84019	0.2385634	2.257422	0.3518296
22380	-528.2051	-559.3966	31.19141	0.3804216	2.497768	0.2818845
22386	-528.7242	-559.8465	31.12233	0.4180364	2.494233	0.2818845
22392	-536.7171	-568.1187	31.4016	0.7229302	1.731395	0.8318164
22398	-525.1706	-557.0167	31.84615	0.4000846	1.769695	0.8527968
22404	-530.1442	-560.9674	30.82321	0.3364208	1.542164	1.958732
22410	-533.2225	-564.2847	31.06217	0.2394293	1.569698	1.936212
22416	-526.9012	-558.4082	31.50693	0.5054638	1.708364	1.075563
22422	-532.1362	-562.9751	30.8389	0.2997382	1.714176	1.887538
22428	-531.2114	-562.4955	31.28409	0.4834168	1.708744	1.299878
22434	-528.8672	-558.9208	30.05359	0.469364	1.536664	2.298088
22440	-537.1667	-566.0854	28.91876	0.6093319	1.242298	3.042993
22446	-528.9652	-560.8341	31.86882	0.3926164	1.71272	0.9092274
22452	-538.4966	-570.0652	31.56859	0.3214637	1.961509	1.107844
22458	-532.8655	-564.7515	31.88604	0.2579409	1.722592	1.172942
22464	-530.5376	-561.31	30.77244	0.4378218	2.186489	1.390418
22470	-521.8471	-552.9567	31.10955	0.4887574	1.251517	1.763882
22476	-526.5958	-557.4785	30.88276	0.4541947	1.53785	1.763882
22482	-525.3603	-556.3083	30.948	0.4189899	1.307872	1.920851
22488	-526.1131	-557.6291	31.51595	0.4189899	1.770499	1.148334
22494	-535.0171	-565.4878	30.47063	0.604414	1.460131	1.935434
22500	-531.7596	-561.7211	29.96147	0.2417126	1.09872	2.925329
22506	-528.3131	-559.2834	30.97024	0.2585082	1.147184	2.241673
22512	-525.809	-554.4651	28.65612	0.2794271	1.188496	3.586999
22518	-530.2927	-561.9842	31.69152	0.2016039	2.13455	1.117847
22524	-530.2485	-560.6887	30.4402	0.1727126	1.368286	2.592038
22530	-528.3152	-559.9543	31.63904	0.2742847	1.390589	1.595838
22536	-524.8499	-555.4501	30.60017	0.3142594	1.049222	2.453918
22542	-530.9087	-562.3698	31.46109	0.3142594	1.704901	1.423244
22548	-532.8205	-565.0317	32.2112	0.1739831	1.419741	1.354096
22554	-527.135	-557.5561	30.42104	0.3425283	1.394158	2.309652
22560	-522.1403	-552.8969	30.75664	0.3675531	1.216947	2.17409
22566	-527.3144	-554.0679	26.75344	0.2729179	1.18748	4.679811
22572	-529.0459	-561.0023	31.95641	0.2200173	1.813903	1.120015
22578	-529.9339	-562.1262	32.19236	0.2353055	1.876656	0.7469586
22584	-527.7451	-556.9824	29.23727	0.3588047	1.018916	3.2415
22590	-537.7656	-568.3133	30.54771	0.6463508	1.776961	1.619893
22596	-532.8333	-563.3339	30.50069	0.5008608	2.043047	1.619893
22602	-534.772	-565.6619	30.88997	0.4544091	1.588227	1.723246
22608	-540.5822	-570.4462	29.86397	0.510486	1.365041	2.482893
22614	-535.9335	-565.8877	29.95413	0.510486	1.491876	2.346047
22620	-535.7778	-566.1553	30.37741	0.510486	1.185139	2.271669
22626	-534.5617	-564.7257	30.16405	0.452844	1.797896	2.075836
22632	-534.9045	-565.7281	30.82361	0.4339958	1.91088	1.565379
22638	-540.9776	-570.2069	29.22936	0.7028387	2.512216	1.972029
22644	-527.5196	-558.3131	30.79351	0.4403498	1.429598	1.916489
22650	-529.6172	-560.5556	30.9384	0.4403498	1.284709	1.916489
22656	-528.214	-559.5559	31.34195	0.5034943	2.253978	0.5648113
22662	-531.619	-561.8971	30.27813	0.8652157	1.898775	1.530009
22668	-536.8473	-567.629	30.78167	0.8447373	2.123262	0.9269217
22674	-529.0388	-559.9148	30.87604	0.4523645	2.021294	1.418008
22680	-538.2131	-567.9079	29.69474	0.6247772	2.286232	1.8817
22686	-539.0678	-570.5358	31.46805	0.3747382	2.231808	0.8100217
22692	-538.4311	-568.7776	30.34651	0.7614699	2.310296	1.249207
22698	-536.2161	-564.6095	28.39342	0.7614699	1.739628	2.938839
22704	-543.094	-570.7198	27.62581	0.517688	0.779237	4.145311
22710	-532.4924	-560.6267	28.13431	0.4033836	0.6076121	4.067749
22716	-535.7948	-564.8878	29.09302	0.4200846	1.011399	3.26004
22722	-534.078	-564.2501	30.17216	0.8023675	2.325915	1.338571
22728	-534.8815	-564.9313	30.04986	0.5662876	1.43244	2.266925
22734	-537.602	-567.8962	30.29422	0.5533976	1.997357	1.739804
22740	-538.6006	-566.7805	28.17984	0.5533976	2.521723	2.766764
22746	-539.3979	-568.4414	29.04347	0.5533976	2.329218	2.34945
22752	-544.5914	-574.8745	30.28309	0.4658805	3.215827	0.8487213
22758	-538.4645	-568.7087	30.24413	0.9101365	1.520052	1.790401
22764	-541.5164	-571.5816	30.06524	0.5306212	1.417683	2.301907
22770	-530.8679	-561.1857	30.31776	0.5306212	1.539673	2.058861
22776	-529.109	-559.5668	30.45775	0.5306212	1.399685	2.058861
22782	-535.645	-565.375	29.72998	0.4561815	1.55787	2.503624
22788	-527.5594	-559.0008	31.44139	0.6323649	1.488601	1.15996
22794	-527.4328	-559.1594	31.72661	0.1344993	1.632632	1.660114
22800	-528.0309	-558.0704	30.0395	0.3627317	1.205865	2.640274
22806	-525.8668	-556.4041	30.53728	0.2505492	0.9671748	2.640274
22812	-525.3186	-553.3519	28.03324	0.4533406	0.7151688	4.01157
22818	-538.8995	-564.9351	26.03567	0.4523025	0.2882277	5.370625
22824	-544.1063	-571.2059	27.09964	0.6563563	1.980943	3.639873
22830	-540.7839	-569.485	28.70115	0.3705672	0.8896813	3.616908
22836	-535.5628	-564.4135	28.85068	0.5682238	1.337746	3.06286
22842	-525.7018	-557.2218	31.51993	0.3955761	1.431038	1.457609
22848	-527.4946	-555.224	27.72933	0.9063141	1.274973	3.508814
22854	-527.2638	-557.9293	30.6655	0.7837001	1.663847	1.486406
22860	-529.3366	-559.8644	30.52775	0.7595864	1.893627	1.438686
22866	-522.6554	-554.3637	31.70823	0.409218	1.950203	0.7748231
22872	-519.5892	-550.5263	30.93703	0.4153403	2.586901	0.2308394
22878	-529.5459	-560.7958	31.24998	0.3377798	2.586901	0.3280187
22884	-524.9191	-556.0156	31.09652	0.3737118	2.586901	0.2700563
22890	-528.7419	-559.2001	30.45825	0.7240436	2.586901	0.2280854
22896	-522.9942	-554.2041	31.20986	0.3438877	2.586901	0.3047684
22902	-525.3419	-556.916	31.57417	0.364912	2.282963	0.5117687
22908	-526.6999	-557.7749	31.07493	0.6518421	2.282963	0.3992738
22914	-519.4495	-550.9692	31.51973	0.4339651	2.201879	0.4660139
22920	-525.7193	-557.4883	31.76903	0.2446065	1.909849	1.141693
22926	-530.0791	-560.8729	30.79382	0.2142429	1.610833	2.133202
22932	-526.0825	-556.643	30.56047	0.3445625	1.32054	2.264763
22938	-526.5707	-557.8038	31.23313	0.2876176	1.35856	1.880742
22944	-527.2446	-557.7761	30.53152	0.3617549	1.312441	2.265426
22950	-526.366	-557.7926	31.4267	0.1850739	1.87939	1.574203
22956	-528.0632	-560.0268	31.9636	0.2559787	1.958874	0.86801
22962	-525.2157	-557.0781	31.86245	0.2257366	2.306283	0.4085683
22968	-519.5147	-551.2505	31.73576	0.2257366	2.425859	0.3941005
22974	-524.0693	-555.9246	31.85525	0.2987685	2.131579	0.5922061
22980	-522.7982	-554.9561	32.15783	0.1605569	1.993253	0.9264689
22986	-522.2902	-552.2655	29.9753	0.4440282	1.525153	2.383551
22992	-523.5512	-555.0352	31.48395	0.3229264	1.610235	1.463317
22998	-530.8997	-561.5472	30.64749	0.3575144	1.610235	2.000829
23004	-525.8807	-556.8306	30.94994	0.6385793	2.139369	1.003538
23010	-527.8767	-559.0449	31.16824	0.3656063	2.377349	1.003538
23016	-521.1628	-553.4631	32.30031	0.1743691	2.01669	0.619277
23022	-518.7444	-549.3194	30.57495	0.3980854	2.01669	1.716622
23028	-526.8076	-556.6642	29.85659	0.6395164	1.496169	2.281901
23034	-518.0937	-549.9719	31.87823	0.236298	1.452211	1.444743
23040	-518.4114	-548.3972	29.9858	0.407066	1.32748	2.543848
23046	-517.2456	-547.5992	30.35367	0.208754	1.137077	2.719506
23052	-515.6784	-547.2228	31.54439	0.1299148	1.21568	2.081326
23058	-515.4138	-546.1928	30.77898	0.4300619	1.21568	2.081326
23064	-518.6747	-550.792	32.11733	0.2681565	1.644751	1.007022
23070	-527.5797	-559.7493	32.16961	0.1632282	1.780745	1.114913
23076	-520.815	-551.9626	31.1476	0.3533838	1.36028	1.837478
23082	-523.9776	-555.5807	31.60317	0.1214765	1.552315	1.837478
23088	-527.0706	-558.5616	31.49098	0.07624531	1.236125	2.249397
23094	-535.9733	-564.753	28.77967	0.3022209	1.113419	3.527274
23100	-535.3455	-565.9056	30.56015	0.4100443	1.05922	2.347892
23106	-529.7644	-558.448	28.68367	0.4935259	0.9294673	3.472543
23112	-534.2894	-563.3357	29.04623	0.6743504	0.7358743	3.21489
23118	-532.6149	-559.6979	27.08297	0.4911518	1.160596	4.261704
23124	-525.2065	-555.755	30.54854	0.552457	1.850683	1.664616
23130	-526.4902	-555.5093	29.01905	0.3155328	0.9242267	3.480248
23136	-522.6946	-552.6	29.90544	0.3682725	1.254431	2.685919
23142	-529.7651	-560.278	30.51291	0.4879342	1.801848	1.797042
23148	-528.0421	-558.8519	30.80984	0.4145783	1.664214	1.776966
23154	-536.1661	-562.8364	26.67024	0.4281826	0.524079	4.912625
23160	-535.284	-561.7062	26.42221	0.3251663	0.4177028	5.224276
23166	-530.6393	-557.6609	27.02166	0.3251663	0.8575216	4.645985
23172	-534.0882	-565.0682	30.98003	0.2601503	1.071944	2.280999
23178	-527.4725	-559.8323	32.35977	0.1541343	1.66293	1.076833
23184	-529.5974	-559.9885	30.39108	0.410005	1.867726	1.930284
23190	-531.6726	-563.4905	31.81793	0.3067044	1.838736	1.019894
23196	-527.5067	-558.9068	31.40008	0.5243123	1.718947	1.135582
23202	-530.5055	-562.3127	31.80724	0.1361161	1.649399	1.585408
23208	-526.6741	-557.7607	31.08665	0.2646796	1.113947	2.17779
23214	-526.49	-557.4119	30.92199	0.2646796	1.278605	2.17779
23220	-531.4695	-562.2864	30.81683	0.2636408	1.543439	2.075118
23226	-528.3117	-559.6467	31.33503	0.2020115	1.329233	1.985334
23232	-522.9512	-553.2974	30.34621	0.146184	0.968383	2.948439
23238	-530.6478	-561.7249	31.07708	0.3355942	1.483323	1.82741
23244	-529.4978	-562.2135	32.71571	0.119111	1.626005	0.8820291
23250	-532.4468	-564.5596	32.11278	0.209422	1.626005	1.17487
23256	-533.2094	-564.2772	31.0678	0.26272	1.746884	1.769383
23262	-530.8777	-558.9592	28.0815	0.4012038	1.658461	3.494935
23268	-536.8756	-562.8237	25.94804	0.2232943	1.170646	5.209819
23274	-528.9052	-558.944	30.03887	0.1949444	1.144842	2.930998
23280	-533.8793	-564.7465	30.86721	0.3690509	1.668049	1.796283
23286	-533.1835	-560.4064	27.2229	0.4344889	1.77715	3.886887
23292	-531.6267	-561.4782	29.85151	0.5868945	1.051064	2.612277
23298	-527.8387	-558.7471	30.90842	0.1324999	0.9769178	2.631031
