Iteration	Posterior	Likelihood	Prior	rate01	rate_log_sd	tree_length
0	-528.9292	-560.0355	31.10634	0.5002898	1.771474	1.369288
6	-529.5798	-562.1964	32.61662	0.07930693	2.05707	0.6423375
12	-527.8106	-557.4103	29.59971	0.4640045	0.8724418	2.994062
18	-530.9247	-560.3796	29.45492	0.2393805	1.497271	2.994062
24	-529.3379	-558.0218	28.68388	0.5097654	1.061313	3.379547
30	-524.8793	-552.6125	27.73319	0.6165264	1.061858	3.83674
36	-527.5289	-555.2809	27.75194	0.5126283	1.145385	3.868743
42	-530.0848	-558.1436	28.05882	0.791138	1.080161	3.506236
48	-528.7423	-557.1714	28.4291	0.3534174	0.8801079	3.800091
54	-526.2111	-556.237	30.02589	0.3850248	1.20706	2.620181
60	-526.4245	-555.6786	29.2541	0.4529724	1.136238	3.054677
66	-519.5095	-550.305	30.79552	0.3170323	1.184225	2.240014
72	-522.3568	-553.7795	31.42269	0.4701659	1.692055	1.217519
78	-519.6858	-551.5287	31.84296	0.2697211	1.995571	0.9236169
84	-533.939	-564.4598	30.5208	1.097557	2.351619	0.5731158
90	-532.4623	-562.7684	30.30615	0.6236465	1.318995	2.120044
96	-531.0824	-562.032	30.94951	0.5370474	1.241994	1.827014
102	-534.5799	-565.8288	31.2489	0.3266664	1.099902	1.984101
108	-528.9027	-559.2689	30.36617	0.5895305	1.289308	2.13239
114	-528.112	-557.0152	28.90328	0.3233119	0.9650525	3.513816
120	-533.7232	-563.383	29.65976	0.7234891	2.811844	1.43471
126	-526.3115	-557.4005	31.08903	0.605447	2.254229	0.7630756
132	-528.0063	-559.0843	31.07792	0.6233037	2.326807	0.4148255
138	-523.9255	-555.0171	31.09162	0.4873637	2.121632	1.105229
144	-529.1438	-559.617	30.47328	0.7677662	1.740625	1.586247
150	-528.551	-559.0384	30.4874	0.4728011	1.62329	1.953743
156	-529.0777	-558.0909	29.01322	0.5059594	1.61033	2.860021
162	-523.765	-555.4314	31.66636	0.3416873	1.443376	1.420098
168	-525.9182	-557.3577	31.43945	0.3416873	1.480312	1.563033
174	-517.7571	-548.977	31.21986	0.3729362	1.297876	1.802963
180	-523.2793	-552.7734	29.49409	0.2571326	0.9964609	3.241244
186	-528.4602	-558.9433	30.48312	0.14871	1.080931	2.791982
192	-524.7678	-554.1813	29.4135	0.5110352	1.313765	2.791982
198	-526.0287	-557.4905	31.4618	0.3902129	1.603414	1.377427
204	-524.0415	-556.5815	32.53994	0.2086372	1.631873	0.7020216
210	-523.7761	-555.4751	31.69903	0.4652879	1.631873	1.030068
216	-525.6862	-557.4607	31.77448	0.2615882	1.542249	1.404228
222	-532.8879	-560.2915	27.40355	0.4662428	0.8235217	4.295077
228	-525.3477	-553.7051	28.35745	0.54749	0.5948336	3.805328
234	-525.7625	-555.9973	30.23478	0.2016291	1.278839	2.718342
240	-527.9501	-559.4524	31.50226	0.1963822	1.486258	1.775899
246	-521.9417	-552.8864	30.94465	0.3364032	1.77409	1.715877
252	-531.8614	-562.1038	30.24239	0.4672159	1.941701	1.910731
258	-524.2106	-555.3551	31.14453	0.4106204	1.52792	1.64201
264	-523.9657	-555.2668	31.30113	0.1712251	1.306376	2.086463
270	-524.1993	-555.5633	31.36408	0.1712251	1.525966	1.897805
276	-519.4167	-550.7203	31.30354	0.0994784	1.125583	2.373369
282	-525.147	-557.3771	32.23011	0.1275158	1.613826	1.313958
288	-521.1134	-553.1684	32.05493	0.3251808	1.832851	0.6831377
294	-520.7045	-551.3807	30.6762	0.1502292	1.031773	2.70074
300	-521.2131	-551.5788	30.36569	0.3060981	0.9619331	2.665452
306	-522.9746	-553.2741	30.29947	0.2616917	1.135435	2.665452
312	-528.6508	-559.7486	31.09786	0.6101249	1.336803	1.576944
318	-527.2454	-555.7055	28.46014	0.6101249	1.394997	3.224326
324	-530.3165	-560.0712	29.7547	0.563562	1.367803	2.49728
330	-534.2378	-564.4543	30.21658	0.7017482	2.040591	1.615109
336	-527.9625	-558.6013	30.63879	0.3723769	1.493405	2.063877
342	-523.9552	-554.9375	30.98231	0.392153	1.473437	1.81941
348	-525.712	-556.3718	30.65977	0.4541983	1.480631	1.955565
354	-525.0576	-556.0555	30.99792	0.2610135	1.366119	2.077025
360	-520.7763	-552.0812	31.3049	0.1729395	1.490936	1.957643
366	-529.2784	-560.3506	31.07212	0.3492994	1.828512	1.565201
372	-520.9572	-551.552	30.59479	0.2195717	1.393136	2.391027
378	-525.9765	-556.8207	30.84418	0.1294285	1.322973	2.462862
384	-523.431	-554.8156	31.38459	0.197105	0.8868475	2.252135
390	-530.3882	-560.9953	30.60711	0.170507	1.319492	2.523099
396	-523.5203	-553.3766	29.85627	0.2421576	1.189901	2.93307
402	-523.0011	-552.7935	29.79248	0.2421576	1.251949	2.934119
408	-519.6458	-550.3052	30.65935	0.3309191	1.285396	2.242724
414	-523.7987	-554.7542	30.95557	0.7809844	1.675049	1.25131
420	-523.8556	-553.7877	29.9321	0.4350517	0.7165989	2.918839
426	-522.6754	-553.1399	30.46445	0.5227912	1.270794	2.147204
432	-527.5665	-557.0806	29.51407	0.4890342	1.258633	2.786459
438	-523.2519	-554.399	31.14714	0.2062444	1.421414	2.040692
444	-528.6103	-559.4142	30.80395	0.4338616	1.46898	1.890684
450	-523.6328	-554.7544	31.12163	0.1556594	1.848853	1.878549
456	-521.202	-549.6054	28.40341	0.4996716	1.106576	3.526761
462	-529.0976	-557.2289	28.13136	0.09522555	0.7009984	4.500854
468	-523.6634	-554.5719	30.90849	0.2252794	1.040569	2.405462
474	-528.743	-560.3733	31.63031	0.2050836	1.222877	1.851414
480	-523.8538	-553.9477	30.09388	0.3658221	0.9822223	2.740335
486	-527.2851	-558.0588	30.77368	0.3715226	1.692435	1.840506
492	-535.0545	-561.2935	26.23899	0.4088322	0.7395057	5.052681
498	-529.9417	-558.8543	28.91261	0.7940013	1.15368	2.955433
504	-531.6364	-561.8479	30.21154	0.6659214	1.266445	2.177894
510	-530.0107	-558.7332	28.72249	0.2819782	1.487332	3.370111
516	-525.7731	-556.2518	30.47869	0.3700696	1.648188	2.070465
522	-519.3487	-549.3831	30.03439	0.3813286	1.222817	2.609715
528	-525.3779	-554.9997	29.62178	0.4615476	0.9751199	2.921583
534	-522.1996	-550.7349	28.53527	0.4364236	0.9751199	3.590269
540	-532.5238	-562.7359	30.21206	0.4379958	1.263023	2.406461
546	-529.7472	-560.3649	30.61769	0.3668685	1.116035	2.329172
552	-531.6001	-560.8409	29.24082	0.4284509	0.9175223	3.219001
558	-533.5282	-560.8451	27.31694	0.5369774	0.3500425	4.545005
564	-533.5784	-562.3946	28.8162	0.588093	0.5663088	3.520634
570	-529.2588	-558.3987	29.13989	0.4796045	1.16475	3.078256
576	-529.2994	-557.4029	28.10341	0.4164132	1.117751	3.778956
582	-526.3017	-556.306	30.00433	0.1408163	1.020092	3.1336
588	-520.8095	-551.134	30.32451	0.1022793	0.7910824	3.168727
594	-521.2924	-549.8273	28.53498	0.06199177	0.6696461	4.377797
600	-529.5683	-558.4129	28.84462	0.06199177	0.3600016	4.377797
606	-523.9833	-552.3991	28.41583	0.159307	0.3897541	4.377797
612	-534.3786	-563.2369	28.85831	0.1923193	0.3651587	4.080562
618	-531.0447	-560.9295	29.88478	0.2454971	0.7425422	3.178192
624	-523.5478	-554.5811	31.03333	0.2043404	1.36192	2.158119
630	-529.086	-559.0561	29.97013	0.1761918	0.9089057	3.148365
636	-521.085	-550.615	29.53001	0.07734022	0.792513	3.69765
642	-525.5221	-555.6107	30.08853	0.09965887	1.006413	3.187546
648	-529.0308	-558.6966	29.66581	0.1176752	0.9894426	3.403215
654	-531.0011	-563.0254	32.02426	0.2707134	1.870786	0.8562728
660	-534.3084	-564.9779	30.6695	0.4171426	2.817301	0.960667
666	-531.6719	-563.0376	31.36569	0.2304298	2.093846	1.356786
672	-527.828	-556.4133	28.58529	0.3348859	0.5088228	3.946259
678	-542.1055	-568.9644	26.85891	0.7632517	0.713576	4.422361
684	-531.2261	-560.9285	29.70248	0.5181056	1.322614	2.602123
690	-531.839	-563.5014	31.66246	0.0750627	2.740632	0.1972814
696	-535.6	-566.9146	31.31458	0.1867144	2.740632	0.2255071
702	-530.4184	-562.1712	31.75275	0.07578246	2.687146	0.2111438
708	-525.7153	-557.5072	31.79187	0.03401525	2.687146	0.1623815
714	-527.4117	-555.3793	27.96762	0.4368634	1.143865	3.820381
720	-527.4969	-556.2212	28.72433	0.5145067	0.8011166	3.503587
726	-535.6812	-564.047	28.36576	0.2195167	0.905596	4.00763
732	-532.1481	-562.2969	30.14881	0.09039441	1.351484	2.969512
738	-535.6252	-564.6935	29.06824	0.1536914	0.8932108	3.729323
744	-540.4939	-566.872	26.37809	0.250219	0.9381232	5.060075
750	-539.2087	-567.0692	27.86047	0.08970947	0.8246736	4.597114
756	-534.2309	-562.0887	27.85779	0.05425106	0.9955077	4.597114
762	-527.3176	-557.3483	30.03069	0.1882693	1.007137	3.030923
768	-531.6262	-562.4208	30.79456	0.04898113	0.8010004	3.030923
774	-535.1122	-562.8914	27.77915	0.3170739	0.7276156	4.302854
780	-529.9727	-559.28	29.30736	0.170324	0.8191852	3.601335
786	-531.1658	-560.1725	29.00672	0.2575195	0.8679954	3.601335
792	-538.1069	-568.1097	30.00282	0.2575195	1.242638	2.787971
798	-531.2342	-560.8517	29.61755	0.4718031	1.520936	2.579658
804	-536.9999	-568.1234	31.12355	0.592096	1.937337	1.094178
810	-537.7018	-568.4863	30.78447	0.4208953	2.963513	0.5078047
816	-532.0028	-562.918	30.91523	0.4129527	2.723792	0.2905227
822	-528.5779	-559.7306	31.1527	0.3788697	2.638199	0.3741385
828	-525.2462	-557.1873	31.94112	0.2820897	2.049224	0.6777507
834	-524.4506	-556.306	31.8554	0.2608076	2.238675	0.4849907
840	-526.5673	-557.3649	30.79758	0.3729508	2.842975	0.2463793
846	-525.0559	-555.6341	30.57825	0.3722502	2.763087	0.1506099
852	-535.1878	-567.0324	31.84466	0.2902011	1.878165	0.9924904
858	-530.7173	-562.066	31.34872	0.4521817	2.303022	0.6540689
864	-528.6051	-560.3947	31.78958	0.151932	1.526917	1.645877
870	-533.8484	-561.5886	27.74026	0.2865668	0.6246524	4.422964
876	-537.0791	-564.9427	27.86365	0.4524906	0.9929813	3.950548
882	-531.7071	-562.3217	30.61462	0.3542821	1.80156	1.898801
888	-530.3785	-561.2509	30.87242	0.4929648	1.80156	1.534125
894	-531.4418	-562.1678	30.72596	0.8793291	2.246632	0.8003825
900	-528.4509	-557.7966	29.34576	0.3645964	0.816209	3.290072
906	-527.419	-555.0318	27.61281	0.3877942	0.7209121	4.316686
912	-536.9935	-567.738	30.74455	0.3083325	2.160548	1.627481
918	-531.2414	-562.5329	31.29147	0.2438774	1.222273	2.007388
924	-525.7826	-557.6399	31.8573	0.2818272	1.72518	1.143567
930	-520.5337	-552.2852	31.7515	0.4479648	1.487442	1.143567
936	-522.7937	-553.9013	31.10766	0.6962018	1.662726	1.223118
942	-531.5538	-559.3641	27.81024	0.3996398	0.4518314	4.344141
948	-536.0437	-561.6051	25.5613	0.5500408	0.6609263	5.337564
954	-520.9337	-550.6144	29.68074	0.3195441	1.368549	2.817026
960	-522.7611	-552.6291	29.86804	0.3709098	1.071923	2.817026
966	-527.3256	-556.9153	29.58972	0.4771751	2.380987	2.042105
972	-524.1241	-554.9107	30.78659	0.4771751	1.717731	1.676734
978	-522.78	-554.7009	31.92091	0.2273166	1.913266	1.041564
984	-522.1945	-553.7518	31.55727	0.4598841	1.913266	0.8942926
990	-516.961	-548.5456	31.5846	0.3087659	1.746863	1.302387
996	-518.3154	-550.2912	31.9758	0.2286396	1.464048	1.376199
1002	-521.1708	-552.2425	31.07167	0.5764341	1.502776	1.510082
1008	-521.5085	-551.4505	29.94206	0.1117862	0.9678998	3.267245
1014	-532.3214	-562.5544	30.23296	0.0815532	0.7052727	3.327301
1020	-521.8065	-550.5057	28.69926	0.3409947	0.5663928	3.840293
1026	-522.7732	-551.7004	28.92716	0.7294052	1.200591	2.966023
1032	-527.0988	-554.0635	26.96471	0.5715701	0.8170582	4.450496
1038	-521.1823	-548.6024	27.42011	0.4229992	0.7639497	4.363248
1044	-517.8567	-547.2771	29.42044	0.3589433	0.9076228	3.198783
1050	-533.9144	-563.8203	29.9059	0.7570631	1.277549	2.292061
1056	-525.2713	-555.3547	30.08347	0.2760928	0.8190367	2.967302
1062	-526.0552	-553.5802	27.52499	0.3867479	1.015088	4.20095
1068	-519.3964	-548.4389	29.04248	0.5473424	0.8711082	3.245176
1074	-523.4895	-554.6554	31.16592	0.6987594	1.857724	0.9881679
1080	-527.5059	-559.1619	31.656	0.5226663	1.753951	0.841699
1086	-527.653	-559.7437	32.09078	0.2537401	1.811089	0.8984208
1092	-521.1729	-549.6874	28.51447	0.3455272	0.8465832	3.779816
1098	-529.139	-558.0719	28.93293	0.1906964	0.8335051	3.772285
1104	-522.3166	-552.8981	30.5815	0.1842438	1.342056	2.497545
1110	-524.555	-552.4967	27.94176	0.5471739	1.526189	3.506908
1116	-521.4658	-552.1963	30.73044	0.3488558	1.318413	2.150376
1122	-528.9167	-557.9488	29.03218	0.3573794	1.130949	3.29817
1128	-535.7598	-566.7728	31.01295	0.2999297	1.719074	1.763997
1134	-519.7892	-551.142	31.35279	0.3017268	1.338705	1.789287
1140	-537.0321	-564.4063	27.37419	0.5306209	0.9339278	4.188626
1146	-525.9304	-551.9464	26.01593	0.6021786	0.9339278	4.891039
1152	-527.154	-555.4075	28.25346	0.6021786	0.773619	3.714902
1158	-530.7002	-557.5398	26.83966	0.7459278	1.571847	3.958062
1164	-519.6466	-549.8227	30.17617	0.5057523	1.47118	2.222109
1170	-518.7435	-547.8576	29.11409	0.5451045	1.085114	3.077598
1176	-522.8881	-552.805	29.91693	0.3433796	1.054391	2.832756
1182	-527.4779	-557.2698	29.79184	0.4053343	0.927311	2.909761
1188	-525.9317	-555.5031	29.57132	0.4373536	0.7455696	3.115209
1194	-533.3233	-563.9927	30.66941	0.4697633	1.815395	1.699639
1200	-524.0963	-553.0067	28.91034	0.4386538	1.138017	3.273002
1206	-526.5071	-555.3929	28.88577	0.3401215	0.9710229	3.499142
1212	-523.8903	-553.1341	29.24374	0.1239726	0.9476924	3.659075
1218	-527.6047	-556.1318	28.52707	0.5734853	1.774204	2.99052
1224	-531.9081	-561.2187	29.31056	0.3760527	1.192003	3.074218
1230	-531.7509	-562.0199	30.26896	0.5992655	1.471352	2.067366
1236	-538.5805	-569.2004	30.61983	0.5992655	1.870121	1.547837
1242	-533.5323	-564.6504	31.11809	0.4020185	1.225594	1.883086
1248	-528.5225	-555.623	27.1005	0.5488019	0.9955164	4.292703
1254	-536.9511	-568.8776	31.9265	0.3803671	1.618534	0.9739303
1260	-531.6279	-562.8508	31.22292	0.3219908	1.265137	1.89728
1266	-534.9226	-566.0757	31.15305	0.5953525	1.329008	1.557864
1272	-534.4658	-561.1723	26.70658	0.3956665	0.4382119	4.974358
1278	-532.0705	-559.4482	27.37771	0.2922818	0.5286977	4.672886
1284	-535.3613	-563.5472	28.18586	0.2474536	0.3575703	4.377657
1290	-531.1503	-561.5954	30.44506	0.7443692	0.9765443	2.148488
1296	-528.4741	-559.4646	30.99048	0.4718514	1.268694	1.854163
1302	-525.5764	-554.4238	28.84742	0.3777519	1.268694	3.301383
1308	-527.8002	-558.6808	30.88054	0.5920692	1.719194	1.473647
1314	-527.4943	-558.9724	31.47808	0.4083971	1.773335	1.196283
1320	-528.8952	-559.2322	30.33701	0.5073454	1.117718	2.343764
1326	-530.0614	-561.4807	31.41933	0.3290402	1.249345	1.762272
1332	-536.9685	-566.2661	29.29752	0.3289222	1.216235	3.126523
1338	-535.0316	-564.9187	29.88709	0.4120481	1.58856	2.436347
1344	-531.1574	-561.0367	29.8793	0.4753588	1.304138	2.547944
1350	-542.4011	-571.4602	29.05912	0.7376788	1.082863	2.951198
1356	-540.0367	-568.3634	28.32668	0.7376788	1.087897	3.383206
1362	-530.7149	-561.8201	31.10522	0.6214523	2.180935	0.8100282
1368	-545.7766	-576.5202	30.74358	0.7848003	2.00915	1.142467
1374	-537.7682	-568.4136	30.64538	0.461278	1.431452	1.989803
1380	-538.0124	-566.1529	28.14048	0.7291147	1.562469	3.219627
1386	-534.6875	-565.2295	30.54202	0.4299172	1.582206	1.995661
1392	-537.537	-568.1898	30.65285	0.6489214	1.759281	1.553457
1398	-532.6488	-562.8678	30.21897	0.9564716	1.862551	1.528135
1404	-537.8538	-569.3182	31.4644	0.4275838	2.056638	0.90277
1410	-530.9113	-562.3927	31.48133	0.5340152	2.058646	0.5900582
1416	-530.6225	-561.8198	31.19724	0.5142118	2.15674	0.9221281
1422	-526.0358	-557.3123	31.27645	0.5273501	2.190979	0.7546087
1428	-527.2966	-558.5942	31.29764	0.4615225	2.279569	0.7546087
1434	-519.3634	-551.6343	32.27093	0.20761	1.961008	0.5640675
1440	-524.5291	-556.2124	31.68332	0.453335	1.989207	0.5970529
1446	-529.6256	-561.138	31.51248	0.453335	1.739447	1.123409
1452	-532.6146	-563.9443	31.32973	0.4953982	1.850031	1.123409
1458	-526.4454	-556.1234	29.67804	0.4953982	1.551981	2.497804
1464	-530.4005	-561.8388	31.43832	0.09669692	1.503636	2.049557
1470	-526.4481	-558.2659	31.81777	0.3122221	1.252393	1.499592
1476	-529.9491	-561.1969	31.24771	0.3114431	1.181615	1.952978
1482	-529.8004	-558.8346	29.03417	0.7876061	0.5470714	3.249136
1488	-524.8503	-551.9279	27.07759	0.4067382	0.5591916	4.688082
1494	-528.1855	-557.0207	28.8352	0.212829	0.7506922	3.838321
1500	-530.5843	-557.0872	26.50293	0.24689	0.880073	5.027856
1506	-529.6491	-560.7596	31.11051	0.0749344	1.160775	2.541408
1512	-530.0889	-560.8295	30.74056	0.194651	0.7334033	2.755431
1518	-527.6068	-559.3705	31.76368	0.350734	1.024041	1.645012
1524	-523.611	-552.8674	29.25639	0.5533388	1.35894	2.819335
1530	-527.2925	-558.251	30.95849	0.6419341	1.364818	1.625291
1536	-532.8445	-562.6045	29.76	0.2833842	1.096438	2.984311
1542	-533.2962	-562.3814	29.08518	0.4990122	1.205778	3.066973
1548	-543.1024	-570.0254	26.92305	0.5482809	1.206921	4.273938
1554	-526.1196	-557.6413	31.52175	0.3521241	1.942285	1.10764
1560	-538.7824	-568.2731	29.4907	0.4156867	2.091718	2.364592
1566	-536.9659	-567.0747	30.10886	0.5401208	1.514347	2.202121
1572	-529.464	-559.5644	30.10048	0.3923715	1.014157	2.684183
1578	-535.8812	-562.897	27.01588	0.7614539	0.5683751	4.416966
1584	-539.467	-570.4574	30.99045	0.4946553	1.960928	1.318154
1590	-529.1529	-558.4894	29.33644	0.4882436	1.713947	2.616891
1596	-536.6256	-566.6824	30.0568	0.3554083	1.800982	2.264999
1602	-542.7582	-573.9389	31.18065	0.1898069	1.109517	2.254386
1608	-534.1314	-561.6486	27.51719	0.4769615	0.7391054	4.268086
1614	-535.0284	-562.2027	27.17424	0.5358335	0.8784923	4.328639
1620	-534.1011	-561.3463	27.24521	0.7657888	0.6454871	4.240741
1626	-526.8228	-555.0368	28.21405	0.5608502	1.070125	3.601592
1632	-532.4373	-559.8601	27.42283	0.3506443	1.064209	4.272699
1638	-525.4055	-553.2282	27.82275	0.6000595	0.9476427	3.86453
1644	-526.1712	-556.5801	30.40889	0.7198287	1.355557	1.942
1650	-531.873	-561.0043	29.13126	0.8204277	1.403692	2.651314
1656	-531.6686	-559.1518	27.48315	0.9426316	1.522804	3.48538
1662	-525.4847	-555.4216	29.93688	0.6109459	1.656129	2.152829
1668	-533.1021	-562.3376	29.23546	0.6155496	1.656129	2.593327
1674	-529.3922	-559.8809	30.48869	0.592209	1.761723	1.727741
1680	-527.6727	-558.5514	30.87866	0.5208509	2.093646	1.266129
1686	-525.6752	-556.3633	30.68813	0.4753136	1.781558	1.703581
1692	-526.2987	-558.3711	32.07239	0.1852284	1.873784	1.052747
1698	-521.1152	-553.0495	31.93429	0.3260835	1.993363	0.5826692
1704	-520.9106	-552.7405	31.82992	0.3170818	1.993363	0.8089114
1710	-525.4148	-556.6956	31.28079	0.4002833	1.714956	1.41629
1716	-522.4317	-553.527	31.09529	0.4002833	1.659939	1.596409
1722	-523.3796	-555.1488	31.7692	0.4002833	1.514519	1.181804
1728	-528.9653	-557.494	28.52877	0.5415351	1.574586	3.138029
1734	-524.3817	-554.805	30.42329	0.3503197	1.046077	2.517355
1740	-529.2212	-559.4432	30.222	0.4619225	1.033783	2.517355
1746	-523.0509	-553.5379	30.48702	0.240893	0.9379934	2.70483
1752	-526.6542	-558.0559	31.40164	0.256467	1.472461	1.738996
1758	-534.8186	-565.4905	30.6719	0.4453473	1.898803	1.669089
1764	-533.458	-562.852	29.39403	0.9053853	1.092348	2.622746
1770	-532.509	-562.8972	30.38827	0.5808213	1.962336	1.668662
1776	-529.8034	-560.788	30.9846	0.5808213	2.175821	1.015361
1782	-526.2141	-557.6854	31.47134	0.3916749	1.586307	1.381117
1788	-525.9065	-557.0021	31.09564	0.3025678	1.51901	1.840976
1794	-538.4425	-566.511	28.06841	0.1531835	1.139109	4.16206
1800	-543.1052	-572.9428	29.83764	0.6039495	1.938204	2.039388
1806	-534.4906	-565.9924	31.5018	0.3641012	1.482847	1.479707
1812	-537.8593	-569.5983	31.73895	0.1513847	1.64408	1.599169
1818	-526.5007	-558.0434	31.54272	0.4109517	2.12419	0.7579051
1824	-532.1382	-561.6613	29.52308	0.4192331	1.863172	2.483982
1830	-530.7336	-561.8326	31.099	0.4192331	1.277707	1.838221
1836	-532.5181	-561.1471	28.62898	0.387852	0.8767111	3.646247
1842	-530.5269	-560.2414	29.71447	0.3631157	0.9355357	3.001711
1848	-528.9583	-558.2647	29.30643	0.5888638	0.9533271	3.001711
1854	-524.5565	-552.8872	28.3307	0.5441648	0.7834172	3.714981
1860	-526.9413	-555.8732	28.93191	0.2565541	1.183309	3.462699
1866	-536.191	-564.9443	28.75336	0.1639987	1.043312	3.804118
1872	-527.9079	-554.8686	26.96065	0.3078608	0.6962628	4.792079
1878	-527.4722	-558.194	30.72179	0.2388047	0.9394175	2.562505
1884	-519.164	-550.2749	31.11091	0.2307509	1.185859	2.173294
1890	-524.7514	-556.1619	31.41056	0.2307509	1.536958	1.735422
1896	-524.1501	-555.561	31.41082	0.3047577	1.731121	1.458279
1902	-522.0019	-551.6653	29.66336	0.3395287	0.5645772	3.282208
1908	-532.587	-559.4855	26.89853	0.4005688	1.119845	4.480552
1914	-525.058	-552.755	27.69694	0.5546594	1.01105	3.939233
1920	-523.3728	-553.0146	29.64172	0.4959079	1.313466	2.667697
1926	-525.0966	-553.7483	28.65164	0.5391283	1.501704	3.110514
1932	-521.899	-552.4071	30.50809	0.4195341	1.325044	2.199425
1938	-525.5925	-555.1894	29.59684	0.8768136	1.1533	2.478062
1944	-529.8975	-558.6411	28.74361	0.7345438	1.389552	2.958874
1950	-530.3553	-561.869	31.51371	0.2554382	1.389552	1.720356
1956	-532.2324	-563.4647	31.23233	0.35869	1.569283	1.623032
1962	-529.632	-560.3471	30.71509	0.3101597	1.496984	2.099158
1968	-537.0668	-566.362	29.29524	0.705227	1.762731	2.413236
1974	-529.3507	-559.7675	30.41679	0.3000829	1.329778	2.413236
1980	-537.171	-568.7207	31.54974	0.26825	1.756664	1.399192
1986	-535.8801	-565.1508	29.27076	0.2970512	1.306581	3.131698
1992	-532.1579	-561.3072	29.14929	0.4008425	1.282272	3.087504
1998	-553.1707	-582.9087	29.73792	0.6000695	2.011003	2.060914
2004	-539.804	-569.1857	29.38166	0.3711928	1.084841	3.101585
2010	-538.5976	-566.9951	28.39746	0.7158285	1.521117	3.101585
2016	-528.259	-557.4485	29.18952	0.5834833	1.332675	2.848225
2022	-530.6283	-561.3565	30.72822	0.6061147	2.299882	1.105533
2028	-527.6729	-557.6146	29.9417	0.9419298	1.877657	1.728336
2034	-532.4981	-563.8461	31.34795	0.4306693	2.367815	0.5893297
2040	-536.1016	-567.3471	31.24541	0.5029965	2.121648	0.9278408
2046	-534.1678	-566.3344	32.16659	0.1843819	2.044067	0.7567877
2052	-525.183	-555.8946	30.7116	0.3836885	0.9915019	2.327123
2058	-522.2393	-551.8542	29.61485	0.1716536	1.514492	3.007696
2064	-530.5489	-559.3663	28.81734	0.8082645	0.9080823	3.149212
2070	-531.8152	-562.8888	31.07362	0.4635887	1.464022	1.66968
2076	-533.7366	-563.8325	30.09584	0.4676017	1.689636	2.17432
2082	-526.8147	-558.0768	31.26207	0.2071975	1.564532	1.865353
2088	-515.9735	-547.7277	31.75413	0.2389441	1.629195	1.398447
2094	-523.559	-555.3519	31.79295	0.4201344	1.6314	1.018156
2100	-517.9922	-549.3032	31.31105	0.5139491	1.597854	1.326801
2106	-518.9645	-550.3902	31.42572	0.5139491	2.002613	0.8363454
2112	-521.6152	-553.9826	32.36742	0.1648227	1.91568	0.7428654
2118	-523.9734	-555.6716	31.69817	0.4017396	1.979596	0.7676455
2124	-530.7874	-561.3298	30.54245	0.5051173	1.530413	1.942678
2130	-525.6917	-556.9921	31.30041	0.4514127	1.655203	1.373919
2136	-531.1919	-561.0251	29.83318	0.2660602	1.716933	2.587481
2142	-528.2972	-557.9561	29.65894	0.2018973	1.051164	3.201503
2148	-530.1473	-559.6914	29.54409	0.6111097	0.8754645	2.885979
2154	-519.5591	-551.2643	31.70516	0.2644099	1.373769	1.577835
2160	-518.6028	-549.5221	30.91932	0.1985785	1.352025	2.249345
2166	-522.598	-553.3315	30.73352	0.3379547	1.600465	1.977551
2172	-520.1547	-550.734	30.5793	0.3742375	1.537829	2.071331
2178	-520.8613	-550.8981	30.03682	0.2925759	1.131562	2.782303
2184	-524.3558	-553.4898	29.13405	0.4486116	1.007557	3.207293
2190	-528.9779	-558.6797	29.70176	0.2339544	1.434536	2.892001
2196	-524.3578	-551.1518	26.79397	0.5126516	0.9096459	4.546268
2202	-524.3015	-555.8024	31.5009	0.1857985	1.072928	2.078043
2208	-524.0447	-554.0704	30.02573	0.4828333	0.8646444	2.720964
2214	-520.7161	-552.447	31.73097	0.2599915	1.275218	1.638756
2220	-520.3817	-550.9287	30.54703	0.2969844	1.110402	2.473824
2226	-518.5359	-547.3	28.76412	0.5105682	0.8979446	3.427499
2232	-523.2415	-552.4893	29.24779	0.8285732	1.348943	2.607366
2238	-526.4877	-555.1955	28.70778	0.7211547	0.672154	3.415747
2244	-522.8846	-551.9186	29.03398	0.5547977	0.5781743	3.415747
2250	-520.9967	-551.3286	30.33194	0.3716379	0.993344	2.5796
2256	-519.2774	-548.9181	29.64076	0.3881941	0.7959209	3.099126
2262	-520.4557	-548.6571	28.20147	0.4204957	1.150096	3.699284
2268	-521.3027	-550.2056	28.90286	0.4636901	0.6519977	3.536197
2274	-526.3658	-554.1096	27.74373	0.6857194	0.5039436	4.095615
2280	-524.5154	-554.2952	29.77983	0.4205084	0.9924612	2.860304
2286	-522.1243	-553.6583	31.53398	0.4290884	1.568169	1.288848
2292	-518.6553	-550.2464	31.59104	0.3480511	1.815562	1.166562
2298	-519.0433	-550.7838	31.74048	0.3270468	1.941288	0.947823
2304	-524.5573	-555.6897	31.13246	0.3469842	1.855418	1.504127
2310	-525.8201	-558.1453	32.3252	0.2022356	1.929751	0.5139391
2316	-527.3831	-556.8406	29.45749	0.5175037	1.999737	2.33167
2322	-527.3061	-555.7051	28.39896	0.5643915	0.8606112	3.612748
2328	-518.1334	-548.6539	30.52048	0.2940883	1.150051	2.469888
2334	-542.1962	-568.5832	26.38699	0.6241619	2.096019	4.009344
2340	-527.4152	-556.4726	29.05738	0.5406884	1.108828	3.101391
2346	-527.1971	-556.6728	29.47576	0.5406884	1.194583	2.797817
2352	-523.4322	-554.7868	31.35461	0.4714334	1.240121	1.618902
2358	-532.4979	-562.1232	29.6253	0.3939751	0.9452783	3.012316
2364	-526.404	-555.2973	28.89337	0.2174137	0.8211627	3.756693
2370	-526.7968	-557.6904	30.89365	0.1673225	1.051172	2.518263
2376	-530.7337	-563.2027	32.46899	0.1217725	1.3756	1.331189
2382	-528.1171	-559.8571	31.74004	0.1764409	1.485588	1.652314
2388	-519.6063	-550.5367	30.93036	0.1260152	1.255517	2.459258
2394	-519.1578	-551.3203	32.16248	0.1102901	1.534197	1.481467
2400	-519.0592	-551.5239	32.46465	0.122316	1.534197	1.201937
2406	-525.3351	-557.4864	32.1513	0.1585762	1.709373	1.207494
2412	-533.2039	-563.933	30.7291	0.5874402	1.823634	1.514089
2418	-529.0692	-558.1015	29.03229	0.5825798	1.102586	3.081994
2424	-522.0724	-553.1475	31.07508	0.07271435	1.176698	2.560052
2430	-519.1516	-550.5534	31.40183	0.1258194	1.032317	2.302585
2436	-522.8814	-552.6722	29.79078	0.3932127	1.164426	2.780752
2442	-520.9298	-550.9991	30.06929	0.1537171	1.581321	2.728452
2448	-532.3444	-562.6676	30.32323	0.1324465	1.397508	2.732314
2454	-533.7108	-563.0041	29.29329	0.8142843	0.9114174	2.857438
2460	-531.8975	-560.7814	28.88394	0.7598695	1.385783	2.857438
2466	-535.2185	-566.2922	31.07372	0.6283869	1.707027	1.290819
2472	-532.0468	-562.7723	30.72555	0.2296093	1.951037	1.924043
2478	-533.0252	-563.7454	30.72029	0.1949771	1.762379	2.119351
2484	-530.2001	-561.472	31.27192	0.1443344	1.504624	2.035485
2490	-528.5143	-556.3166	27.80232	0.1662108	0.6661556	4.554558
2496	-530.2503	-558.8247	28.57438	0.2651939	1.292338	3.594647
2502	-532.4707	-561.2814	28.81071	0.2274582	0.923084	3.729307
2508	-532.4429	-558.9358	26.49298	0.5795355	0.9677803	4.624177
2514	-537.211	-565.2618	28.0508	0.09482385	0.4429256	4.691818
2520	-533.3648	-560.8955	27.53072	0.3354933	0.3338388	4.641514
2526	-531.8375	-560.275	28.43742	0.3627376	0.6796416	3.899388
2532	-540.9619	-568.1393	27.17739	0.4922891	0.9837946	4.307259
2538	-528.6851	-556.0016	27.31652	0.6452868	0.9921264	4.091973
2544	-529.8704	-561.0147	31.14423	0.3934181	1.742764	1.509035
2550	-529.5185	-560.1104	30.59194	0.5579401	1.580874	1.817559
2556	-525.7388	-556.3594	30.62055	0.534112	1.291598	2.01895
2562	-526.5104	-556.9553	30.44489	0.534112	1.031765	2.302385
2568	-527.0612	-558.6264	31.5652	0.4363554	1.845337	1.002286
2574	-521.7727	-550.9887	29.21606	0.42371	1.085109	3.13945
2580	-523.2329	-554.2827	31.04978	0.2248792	1.440839	2.056991
2586	-532.425	-558.9112	26.48619	0.5310175	1.335648	4.463202
2592	-534.247	-564.8545	30.6075	0.3919055	1.843044	1.823333
2598	-529.6953	-558.706	29.01069	0.6445503	1.400997	2.862248
2604	-526.8308	-558.4827	31.65194	0.331101	1.564874	1.354276
2610	-530.4634	-561.3689	30.90558	0.3911099	1.530232	1.834541
2616	-532.9179	-564.3691	31.45128	0.4245753	1.390174	1.498823
2622	-533.0143	-563.745	30.73076	0.6398425	1.201308	1.900601
2628	-529.0079	-558.0449	29.03691	0.3149593	0.8859233	3.492932
2634	-529.6326	-558.0171	28.38448	0.3099069	0.9173834	3.858985
2640	-526.0165	-554.6184	28.60186	0.3781875	0.7840025	3.726659
2646	-529.6181	-560.1055	30.48745	0.2456334	0.8544806	2.747985
2652	-529.1133	-559.4166	30.30328	0.4862706	1.312392	2.263336
2658	-528.3001	-558.6988	30.39871	0.3629327	1.517771	2.217188
2664	-533.3147	-563.0379	29.72324	0.7083434	2.66459	1.512789
2670	-532.4445	-562.7001	30.25561	0.3058781	1.093667	2.652426
2676	-532.8665	-561.3147	28.44821	0.6951522	1.071911	3.353191
2682	-532.5205	-561.79	29.26951	0.2530804	0.9264671	3.420706
2688	-533.5003	-561.9863	28.48601	0.3625207	1.08976	3.635177
2694	-532.1652	-560.7353	28.57009	0.3625207	1.457062	3.371897
2700	-545.3958	-574.4448	29.04901	0.2787998	1.551883	3.143662
2706	-533.1728	-560.5908	27.41792	0.2227858	1.005118	4.483259
2712	-526.9171	-555.9539	29.0368	0.1953092	0.687597	3.788402
2718	-528.878	-560.4136	31.53568	0.3483893	1.741853	1.275298
2724	-535.3702	-565.2856	29.91547	0.7889975	3.163113	0.7969734
2730	-532.9265	-564.5018	31.57536	0.1620757	2.339437	1.150212
2736	-530.5704	-562.9098	32.3394	0.2135579	1.746519	0.8083894
2742	-520.8501	-552.3169	31.46685	0.3577754	1.626561	1.406482
2748	-528.6796	-559.8015	31.12193	0.4275641	2.161234	1.137119
2754	-525.6724	-557.2451	31.5726	0.4275641	2.161234	0.5316168
2760	-526.9114	-558.165	31.2536	0.572327	2.220958	0.4046051
2766	-528.1255	-559.2721	31.14657	0.5110524	2.220958	0.9128857
2772	-529.4944	-560.505	31.01055	0.6943113	1.591476	1.362483
2778	-532.7542	-563.745	30.99082	0.4787501	1.829264	1.442151
2784	-532.9376	-563.0854	30.14771	0.447346	1.91354	2.016591
2790	-527.3596	-558.1704	30.81074	0.6517268	1.709157	1.470057
2796	-527.4838	-557.3845	29.90065	0.696535	1.728338	2.052403
2802	-538.0544	-563.4892	25.43477	0.696535	1.290541	4.943799
2808	-529.8335	-554.8888	25.05534	0.5457723	0.9994153	5.433521
2814	-536.5098	-565.3955	28.88561	0.9344675	1.040134	2.945636
2820	-527.9378	-557.4072	29.46945	0.3626224	0.9708088	3.127637
2826	-526.7563	-556.288	29.53167	0.3731909	0.9811302	3.071549
2832	-539.3305	-569.6399	30.30941	0.7004295	1.545875	1.897473
2838	-542.8059	-572.8005	29.99459	0.721418	1.517036	2.108534
2844	-533.9539	-562.8618	28.90789	0.1195693	0.7361041	3.983884
2850	-531.2737	-559.8564	28.58269	0.2690519	0.6925395	3.930174
2856	-530.2197	-558.948	28.72833	0.7227208	0.8312544	3.309059
2862	-528.851	-557.2784	28.42741	0.4936066	0.720773	3.742368
2868	-534.1942	-559.1311	24.93685	0.6727028	0.6946837	5.565691
2874	-528.8253	-559.1285	30.30312	0.6575123	1.542289	1.942754
2880	-525.8516	-554.1998	28.34823	0.4968492	1.138842	3.542828
2886	-524.4422	-554.8102	30.36804	0.3982305	0.8961413	2.584874
2892	-532.0455	-559.9469	27.90135	0.3852426	0.7154063	4.159089
2898	-528.9372	-557.7164	28.77917	0.2271879	0.5209926	3.978888
2904	-527.6555	-552.9101	25.25457	0.3334018	0.4744656	5.825115
2910	-524.782	-550.9175	26.1355	0.4654099	0.6183034	5.120306
2916	-531.4696	-557.9629	26.4933	0.2740152	0.4870254	5.21267
2922	-528.1817	-559.5436	31.36192	0.5605635	1.730869	1.108179
2928	-525.9786	-557.5203	31.54175	0.4749143	1.785587	1.017317
2934	-526.3523	-557.4783	31.12601	0.3815192	1.927791	1.399758
2940	-528.8396	-560.0888	31.24925	0.4345735	2.031396	1.127873
2946	-521.3171	-552.1157	30.79856	0.3929333	1.577319	1.873131
2952	-525.932	-556.7789	30.84689	0.529894	2.542968	0.8521552
2958	-521.2269	-553.0077	31.78077	0.3195347	2.161164	0.4247793
2964	-532.1492	-564.4878	32.33858	0.1362507	2.094403	0.6550162
2970	-531.1014	-562.6978	31.59644	0.2677305	2.094403	1.076566
2976	-520.4474	-552.3894	31.94201	0.2677305	1.460899	1.323958
2982	-523.7897	-555.7063	31.91655	0.1689415	1.54706	1.495717
2988	-516.5314	-548.337	31.80566	0.1147957	1.246366	1.925883
2994	-537.6841	-567.1009	29.4168	0.4935664	0.7067178	3.172065
3000	-527.736	-558.1358	30.39974	0.4745392	1.682025	1.971146
3006	-521.4625	-553.7948	32.33226	0.2264213	1.682025	0.8527362
3012	-531.3447	-562.6253	31.2806	0.8565607	1.538419	1.002298
3018	-533.2456	-564.2584	31.01273	0.3162165	1.641612	1.792079
3024	-525.9167	-556.698	30.7813	0.2394052	0.9250116	2.533445
3030	-527.0727	-555.5453	28.47261	0.1689358	0.7022652	4.150394
3036	-530.0119	-558.4936	28.4817	0.3671943	1.077248	3.639374
3042	-531.4658	-561.5666	30.10089	0.3671943	1.077248	2.676047
3048	-527.4815	-559.3769	31.8954	0.3335948	1.652144	1.066974
3054	-538.0857	-569.4914	31.40569	0.5339141	1.731922	1.105023
3060	-530.7215	-561.7328	31.01134	0.4681088	1.572021	1.631255
3066	-532.0137	-562.962	30.94834	0.2971542	1.977422	1.631255
3072	-525.3476	-557.1565	31.80891	0.2457016	1.975601	1.041501
3078	-530.2183	-561.4612	31.24291	0.07493602	1.217543	2.422952
3084	-524.53	-555.0121	30.48204	0.1547683	1.149648	2.73781
3090	-527.2498	-557.8436	30.5938	0.1429819	1.28716	2.610014
3096	-527.678	-555.7155	28.03757	0.5997809	0.8833491	3.778169
3102	-529.0523	-555.4185	26.36627	0.3903544	0.6467724	5.053288
3108	-529.5876	-556.9985	27.4109	0.3903544	0.3326693	4.646005
3114	-525.5736	-554.4232	28.8496	0.259994	0.7503855	3.756649
3120	-525.007	-554.1253	29.11835	0.1962159	0.6583966	3.756649
3126	-525.4428	-555.1883	29.74548	0.3455782	0.8400303	3.062274
3132	-530.0233	-557.5326	27.50926	0.311579	0.6464894	4.507842
3138	-533.39	-560.2325	26.84252	0.3413826	0.4239931	4.968201
3144	-525.6565	-555.0527	29.39611	0.3347638	0.9511564	3.217776
3150	-528.6265	-558.7008	30.07422	0.3884161	1.07828	2.665666
3156	-531.4542	-559.4997	28.04549	0.7419725	0.6151048	3.817963
3162	-533.5985	-558.0074	24.4089	0.4838873	0.9663969	5.8613
3168	-526.9733	-557.4112	30.43792	0.5483531	1.655771	1.881892
3174	-534.5685	-566.0333	31.46479	0.3012939	1.30879	1.73267
3180	-529.3569	-559.4406	30.08364	0.685169	1.43772	2.132922
3186	-527.7596	-559.8158	32.05623	0.2358971	1.922364	0.8643563
3192	-519.0968	-550.8857	31.78887	0.4251279	1.755669	0.8811826
3198	-523.023	-554.1211	31.09814	0.6127928	1.823317	1.191495
3204	-526.1021	-557.1985	31.09638	0.3824029	2.313542	1.100593
3210	-526.6234	-557.4885	30.86509	0.4371373	1.911586	1.529997
3216	-529.5835	-559.5944	30.01095	0.5095018	2.003407	1.977133
3222	-520.747	-551.8624	31.11542	0.292716	1.292399	1.996467
3228	-523.6524	-553.9994	30.34696	0.2732855	1.331117	2.496617
3234	-523.4526	-552.8681	29.41553	0.5669115	1.367013	2.704596
3240	-536.0209	-567.6066	31.58569	0.4630656	2.086268	0.4905518
3246	-535.4985	-565.9927	30.49418	0.6392616	2.881256	0.3996478
3252	-529.2356	-560.4016	31.16596	0.5863244	2.28532	0.3996478
3258	-528.2762	-559.4231	31.14687	0.6128222	2.28532	0.5452086
3264	-531.1818	-562.7032	31.52142	0.4767753	2.102159	0.6200035
3270	-522.5032	-553.8869	31.38368	0.3661477	2.436727	0.3799401
3276	-521.2513	-552.3294	31.07815	0.3565914	2.665717	0.2859274
3282	-524.4036	-555.0452	30.64156	0.4132589	2.665717	0.1610152
3288	-524.7648	-556.2022	31.43737	0.3510118	2.299271	0.2739123
3294	-525.296	-557.3499	32.05389	0.1965861	2.181225	0.3758243
3300	-528.9923	-559.2161	30.22387	0.4575139	2.895273	0.138121
3306	-525.152	-554.7009	29.54895	0.6481776	3.156533	0.1178417
3312	-523.4987	-553.4995	30.00082	0.488833	3.156533	0.1573843
3318	-531.7901	-562.3854	30.59531	0.488833	2.977409	0.3515824
3324	-528.932	-559.4323	30.50027	0.4103319	2.912539	1.047198
3330	-533.9451	-564.8431	30.89799	0.3441594	2.912539	0.7435069
3336	-526.8211	-558.4328	31.61175	0.3771872	1.96392	0.948631
3342	-524.9619	-556.8924	31.93045	0.279512	1.863661	0.9454341
3348	-525.0205	-556.2822	31.26173	0.4452928	2.02057	1.108867
3354	-533.569	-563.7599	30.19095	0.4570746	2.211732	1.772843
3360	-527.8943	-558.5069	30.61254	0.3049029	2.936269	0.16493
3366	-529.2763	-559.4484	30.17207	0.5385843	2.936269	0.16493
3372	-534.2953	-563.7836	29.4882	0.7370931	3.342602	0.16493
3378	-534.5217	-564.9841	30.46241	0.4015622	3.026151	0.2069201
3384	-535.679	-566.4341	30.75508	0.2289785	2.857832	0.1375109
3390	-531.0452	-563.0142	31.96903	0.2289785	2.190344	0.6052432
3396	-527.2175	-558.3563	31.13879	0.2289785	2.733541	0.2033061
3402	-526.4044	-557.7522	31.34778	0.3802945	1.386398	1.639983
3408	-518.4855	-549.3129	30.82737	0.4422785	1.430146	1.890799
3414	-524.168	-554.8933	30.72533	0.3854414	1.374332	2.068105
3420	-525.0084	-555.9407	30.93234	0.3450104	1.808913	1.686864
3426	-527.2688	-558.741	31.4722	0.3101616	1.583109	1.514218
3432	-529.1968	-559.024	29.82722	0.6215536	1.33912	2.416334
3438	-526.3161	-557.0021	30.68595	0.1972991	1.280596	2.445467
3444	-530.9308	-559.7647	28.83391	0.5858555	1.513123	2.95193
3450	-530.3856	-560.0981	29.71252	0.6301122	1.017372	2.680372
3456	-528.5352	-558.0735	29.53831	0.5509153	1.569762	2.518392
3462	-528.5667	-557.0045	28.43777	0.2604301	0.7434568	3.996404
3468	-531.1503	-559.3907	28.24049	0.5275701	1.153688	3.567813
3474	-525.491	-555.8631	30.37214	0.6926603	1.397071	1.962402
3480	-523.1345	-553.2092	30.07476	0.6926603	1.161874	2.310295
3486	-523.359	-554.4784	31.11945	0.2952933	1.188209	2.058903
3492	-519.4434	-550.0866	30.64319	0.6219793	1.239188	1.951079
3498	-520.913	-550.7108	29.79781	0.6219793	1.129138	2.565722
3504	-520.3345	-551.9638	31.6294	0.1781296	1.362312	1.812964
3510	-522.0924	-552.8073	30.71487	0.4762394	1.182326	2.091642
3516	-519.6939	-551.5936	31.8997	0.2748923	1.349272	1.430855
3522	-526.471	-557.7078	31.23677	0.1677469	2.162628	1.546484
3528	-518.5413	-549.1176	30.57634	0.3772393	1.054591	2.3811
3534	-521.9124	-551.235	29.32257	0.2245476	0.8819028	3.460625
3540	-525.5281	-555.0769	29.54889	0.1301551	0.8853085	3.504302
3546	-524.3227	-552.5774	28.25475	0.2065627	0.6729018	4.224479
3552	-529.5776	-560.1276	30.55003	0.5518916	1.138042	2.148128
3558	-523.0154	-554.8911	31.87564	0.2154849	1.709518	1.289477
3564	-525.0168	-555.6251	30.60831	0.2553402	1.810636	2.050387
3570	-524.6483	-555.3338	30.68555	0.2553402	1.287598	2.339172
3576	-531.1791	-560.251	29.07193	0.6860152	1.242675	2.887124
3582	-528.8884	-558.4282	29.53989	0.505112	1.092516	2.8555
3588	-522.9016	-553.3474	30.44577	0.3357132	1.761319	2.065075
3594	-533.4514	-563.2422	29.79073	0.6795588	1.973767	1.977154
3600	-529.6368	-556.3004	26.66364	0.2663703	0.8817455	4.909724
3606	-522.5319	-552.4896	29.95765	0.2663703	1.141362	2.863286
3612	-522.3356	-552.2527	29.91709	0.2373075	1.181249	2.909446
3618	-529.4891	-560.1644	30.67532	0.1604074	1.017456	2.688564
3624	-521.7115	-553.6105	31.89902	0.3030704	1.58752	1.183565
3630	-532.3892	-562.5743	30.18507	0.2801318	1.325188	2.590606
3636	-525.002	-554.429	29.42698	0.5646877	1.2277	2.784829
3642	-518.9304	-550.4586	31.5283	0.5014235	1.582782	1.175363
3648	-526.3176	-554.2572	27.9396	0.2967804	0.9533445	4.110157
3654	-522.3351	-554.2202	31.88507	0.1567854	1.46209	1.611669
3660	-536.9281	-563.7944	26.86628	0.3877139	0.2279758	5.01108
3666	-537.8009	-563.9453	26.14444	0.8426718	0.6016229	4.833228
3672	-519.5115	-551.4802	31.96872	0.2447797	2.166063	0.526548
3678	-527.3028	-558.6676	31.36478	0.5103692	2.166063	0.696551
3684	-523.9654	-556.0054	32.04004	0.2535244	2.059755	0.5865263
3690	-525.5604	-557.9834	32.423	0.1254168	2.059755	0.6348412
3696	-528.0132	-561.1404	33.12723	0.02648388	1.700358	0.8023361
3702	-528.4797	-561.4608	32.9811	0.0540987	1.700358	0.8237732
3708	-525.3986	-558.1982	32.7996	0.09186696	1.846355	0.5534436
3714	-536.3931	-568.0113	31.61824	0.3297698	2.308296	0.5534436
3720	-527.2598	-559.2214	31.9616	0.310364	2.004298	0.4347499
3726	-530.7842	-562.6202	31.83605	0.2651823	2.228985	0.6021928
3732	-537.99	-568.3335	30.34349	0.4445246	2.207866	1.683926
3738	-535.1359	-564.4152	29.27934	0.5362243	1.644209	2.647015
3744	-533.3535	-562.7268	29.37328	0.721003	2.733695	1.704873
3750	-526.2765	-555.749	29.47251	0.721003	2.283298	1.946806
3756	-529.6643	-556.794	27.12969	0.3281846	1.26424	4.352678
3762	-531.8784	-559.1569	27.27854	0.4524906	0.9015308	4.335298
3768	-531.8544	-559.6579	27.8035	0.373618	1.208109	3.947116
3774	-530.422	-559.0635	28.64145	0.288615	1.462148	3.423025
3780	-533.7801	-565.0036	31.22349	0.3953492	1.490513	1.63318
3786	-533.1085	-564.3091	31.20064	0.3953492	1.457338	1.673336
3792	-524.9272	-556.2423	31.31502	0.3142023	1.695184	1.540922
3798	-528.9061	-560.9435	32.03734	0.2056759	2.020406	0.8715454
3804	-520.8233	-553.0351	32.21181	0.1929887	2.020406	0.6770156
3810	-531.7854	-562.9417	31.15629	0.4067153	1.11978	1.922852
3816	-538.2063	-568.6665	30.4602	0.6201414	1.917384	1.608121
3822	-522.953	-554.2698	31.31676	0.06042817	1.770523	2.064487
3828	-522.9401	-553.2662	30.32603	0.478292	1.392302	2.205922
3834	-527.4212	-556.65	29.22882	0.2796366	0.7710715	3.496297
3840	-527.5726	-556.8037	29.23115	0.3705211	1.103456	3.180824
3846	-523.2351	-552.8292	29.5941	0.4059763	1.121262	2.911306
3852	-524.4998	-554.4707	29.97096	0.1744861	1.173233	2.993273
3858	-518.7745	-549.1019	30.32738	0.2885931	1.108979	2.6237
3864	-522.8957	-554.1392	31.24352	0.08712305	1.108979	2.455681
3870	-517.1707	-548.0527	30.88199	0.1814187	0.9947166	2.532331
3876	-520.7794	-550.6799	29.9005	0.5611518	1.169505	2.532331
3882	-521.0209	-551.1637	30.1428	0.2469065	1.297755	2.685493
3888	-531.8445	-562.2705	30.42595	0.4522778	1.150994	2.325656
3894	-532.4443	-563.912	31.46769	0.3295585	1.390252	1.627196
3900	-545.4338	-575.6346	30.20084	0.6002323	2.956985	0.9894765
3906	-542.5528	-571.9723	29.41954	0.9377307	2.269736	1.821946
3912	-533.5691	-562.6512	29.08213	0.5318571	2.931329	1.953634
3918	-530.0415	-560.1088	30.06726	0.5024002	1.325149	2.388419
3924	-531.7611	-561.1408	29.37972	0.4839989	1.278922	2.860918
3930	-530.2864	-558.268	27.98169	0.8254686	1.014919	3.56573
3936	-530.5384	-559.8221	29.28377	0.4712614	0.9821369	3.109881
3942	-539.7261	-565.5578	25.83163	1.017509	0.7471625	4.823387
3948	-533.9062	-562.8354	28.92925	0.5395248	1.69592	2.826397
3954	-528.0317	-559.1459	31.11428	0.5198547	1.69592	1.397251
3960	-524.0015	-554.9176	30.9161	0.6398753	1.660838	1.439052
3966	-529.7942	-560.8919	31.09771	0.6398753	1.544345	1.388676
3972	-531.3502	-562.3765	31.02626	0.6398753	1.634088	1.374336
3978	-530.8217	-561.2594	30.43762	0.5907491	1.34946	2.044694
3984	-530.3408	-561.4699	31.12918	0.5810135	2.045653	1.000784
3990	-530.03	-560.8426	30.81263	0.5778292	1.455318	1.730378
3996	-531.632	-557.0874	25.45547	0.4795286	2.167512	4.62243
4002	-534.4711	-560.3645	25.89335	0.7561163	0.9770655	4.820916
4008	-545.4545	-570.698	25.24347	0.7561163	0.4765148	5.458209
4014	-540.2362	-567.3777	27.14154	0.2540682	0.3989224	4.929917
4020	-538.2215	-565.5468	27.32532	0.2318061	0.2743899	4.929917
4026	-537.5511	-564.5331	26.98202	0.3494582	0.3361612	4.929917
4032	-534.6431	-562.3598	27.71667	0.350545	0.6061072	4.3657
4038	-531.8588	-560.5671	28.70823	0.1778759	0.3746974	4.186171
4044	-535.7784	-562.7268	26.94844	0.376077	0.3289284	4.922136
4050	-540.6976	-570.8805	30.18288	0.5920028	1.657728	2.007944
4056	-529.846	-560.5797	30.73369	0.347522	2.621446	1.211929
4062	-527.3177	-557.6303	30.31264	0.6675088	1.769636	1.771373
4068	-542.6233	-573.0513	30.42799	0.4712088	1.423772	2.127081
4074	-543.365	-572.6356	29.27058	0.7178307	0.9339117	2.928663
4080	-537.6933	-568.1294	30.43612	0.7253729	1.857259	1.566601
4086	-541.3639	-571.4116	30.04769	0.6338061	1.613696	2.086905
4092	-525.3115	-554.4105	29.09895	0.735204	1.297669	2.798944
4098	-528.4443	-557.9931	29.54879	0.4153954	1.426631	2.742491
4104	-532.2799	-561.4945	29.21456	0.6689131	1.053718	2.928854
4110	-521.4101	-551.5766	30.16647	0.5410496	1.447063	2.207434
4116	-522.4517	-554.1232	31.67157	0.3567937	1.714278	1.168673
4122	-514.28	-546.4934	32.21336	0.1834579	1.547053	1.223589
4128	-523.5542	-555.1299	31.57572	0.4397651	1.735297	1.091663
4134	-519.7492	-549.8825	30.13326	0.4305048	1.37891	2.391661
4140	-524.3539	-554.9936	30.63977	0.3663932	1.543235	2.038325
4146	-520.2796	-551.9288	31.64917	0.2992334	1.610107	1.37754
4152	-517.854	-548.4121	30.55806	0.2315212	1.28826	2.45927
4158	-523.8957	-554.5872	30.69151	0.2981273	1.179855	2.337093
4164	-524.8668	-555.2152	30.34841	0.4882544	1.418106	2.16374
4170	-529.3616	-559.4071	30.04555	0.4263556	1.437351	2.414958
4176	-529.5819	-557.9218	28.33982	0.4263556	0.9574648	3.72437
4182	-527.622	-558.0637	30.44169	0.5753073	2.008712	1.602719
4188	-523.3446	-554.811	31.46638	0.4209358	1.678949	1.265765
4194	-527.3427	-557.7258	30.38314	0.5834661	1.827348	1.764748
4200	-543.1582	-569.559	26.40075	0.4395966	0.5009	5.063696
4206	-539.8953	-566.1357	26.24037	0.7892531	1.259615	4.445537
4212	-537.6404	-567.1488	29.50845	0.2588313	1.007281	3.223772
4218	-529.1768	-558.6385	29.46171	0.4106828	0.9215953	3.105079
4224	-531.6656	-562.8964	31.23083	0.2977404	0.7805237	2.248152
4230	-522.4759	-551.7074	29.23149	0.2146208	0.9186111	3.508755
4236	-523.3855	-552.5367	29.15127	0.2146208	0.9835019	3.517695
4242	-532.0968	-560.227	28.13015	0.9053288	0.9517897	3.464112
4248	-532.9089	-560.162	27.25306	0.6759289	0.6906165	4.275616
4254	-531.9445	-562.9002	30.95572	0.4848735	1.587386	1.639607
4260	-528.8452	-559.8767	31.03146	0.7218189	2.236649	0.6093988
4266	-526.2878	-557.3991	31.11127	0.6766176	2.236649	0.4997704
4272	-530.0252	-561.7675	31.74232	0.5065476	1.742242	0.7782923
4278	-527.2004	-558.8964	31.6961	0.4220936	2.045674	0.4560429
4284	-532.0435	-561.9309	29.88746	0.4539687	1.593463	2.384708
4290	-530.2514	-561.0565	30.80511	0.1872176	1.36016	2.339331
4296	-526.3503	-558.0122	31.66189	0.2332946	1.685782	1.437793
4302	-536.2364	-567.1808	30.94442	0.5833894	1.861602	1.322974
4308	-521.3093	-552.4843	31.17499	0.3588796	1.636615	1.615522
4314	-525.9574	-555.958	30.00067	0.283082	1.27038	2.733475
4320	-527.2985	-556.6374	29.33895	0.2735742	1.050176	3.276683
4326	-529.9546	-558.6087	28.65409	0.7410496	0.9373312	3.276683
4332	-536.5478	-566.3839	29.83614	0.3932451	0.8415811	2.948805
4338	-532.2415	-560.527	28.28549	0.3608785	0.6126887	4.02683
4344	-527.9193	-555.8949	27.97561	0.3857119	0.8724146	4.02683
4350	-523.5424	-552.4767	28.93433	0.2551771	0.8747495	3.64291
4356	-521.4527	-551.4651	30.01239	0.3369192	1.131272	2.736178
4362	-528.7226	-558.3551	29.6325	0.1923171	1.408086	3.021817
4368	-524.0359	-555.9423	31.9064	0.2268969	1.408086	1.476446
4374	-524.5527	-555.8672	31.31449	0.2715924	1.531938	1.731595
4380	-523.7725	-555.1496	31.37718	0.4700929	1.764459	1.194655
4386	-524.4507	-555.6617	31.21095	0.2334412	1.619845	1.811576
4392	-523.6125	-554.9104	31.29792	0.129978	0.951119	2.410046
4398	-518.4384	-547.7989	29.36049	0.08737949	0.7334064	3.803117
4404	-524.2364	-553.3322	29.09583	0.365624	0.7618692	3.467404
4410	-522.7354	-553.4441	30.70864	0.2179618	1.054624	2.534845
4416	-521.1468	-552.4731	31.32635	0.21563	1.226916	2.03281
4422	-525.7018	-557.2615	31.55971	0.3775905	1.314744	1.541621
4428	-522.3594	-550.6971	28.33773	0.3775905	1.314869	3.57281
4434	-528.0436	-555.4407	27.3971	0.3773512	1.058901	4.259214
4440	-525.7007	-552.1069	26.40626	0.4763712	0.7988197	4.859037
4446	-524.0225	-553.716	29.69349	0.3004236	0.5123891	3.346686
4452	-521.4113	-549.5499	28.13862	0.4857613	0.6047061	3.98247
4458	-526.6796	-554.1704	27.49076	0.09534787	0.2684752	5.099601
4464	-529.8414	-558.4796	28.63816	0.2098396	0.4124088	4.149253
4470	-529.0585	-558.378	29.31952	0.1743643	0.643905	3.688246
4476	-527.4981	-553.9979	26.49979	0.2065543	0.7834031	5.145315
4482	-528.6817	-558.2851	29.60341	0.4053689	1.452635	2.704746
4488	-526.4876	-557.6878	31.20019	0.2308349	1.27395	2.056992
4494	-520.7518	-552.1604	31.40859	0.2743307	1.617661	1.598212
4500	-521.0383	-550.4158	29.37755	0.4630312	1.411114	2.803836
4506	-522.6209	-548.7304	26.10942	0.2990621	1.007382	5.103823
4512	-525.5076	-556.2336	30.726	0.2954651	1.411337	2.170181
4518	-528.0057	-557.808	29.80235	0.3184224	1.111417	2.900674
4524	-531.5171	-561.3	29.78288	0.4568859	1.269098	2.649197
4530	-543.622	-569.6411	26.01911	0.7713955	1.147783	4.644733
4536	-537.7694	-565.6977	27.92824	0.5168982	1.147939	3.761848
4542	-528.7534	-559.8811	31.12773	0.5306483	2.183224	0.9401327
4548	-529.2887	-560.4767	31.18801	0.47978	1.708781	1.381399
4554	-532.9451	-562.0207	29.07564	0.6333115	0.9964517	3.075847
4560	-537.6627	-565.7929	28.13013	0.5860405	1.328658	3.477902
4566	-535.4894	-565.2464	29.75695	0.8678277	1.392447	2.230864
4572	-536.3495	-565.6835	29.33396	0.6580271	2.22996	2.128895
4578	-534.3645	-565.0232	30.65873	0.6828682	2.39137	0.9825006
4584	-536.3208	-567.1771	30.85627	0.3491595	1.414861	2.003554
4590	-538.5544	-569.4711	30.91664	0.5231875	1.395134	1.758874
4596	-532.5978	-564.2131	31.61532	0.5231875	1.723162	0.9232651
4602	-531.0482	-562.5648	31.51663	0.3244063	1.883025	1.216629
4608	-528.665	-559.1788	30.51375	0.2862493	1.491924	2.26929
4614	-530.5858	-560.0482	29.46236	0.3702653	0.6380103	3.319547
4620	-535.6662	-564.4563	28.79013	0.5434513	1.003429	3.319547
4626	-535.5421	-565.1203	29.57825	0.4587987	1.185078	2.823741
4632	-528.6967	-559.2681	30.57148	0.510324	2.475352	1.218006
4638	-534.5868	-564.0754	29.48864	0.3215062	1.537236	2.828587
4644	-535.2784	-565.3986	30.1202	0.4494862	2.355999	1.730794
4650	-531.6675	-562.9541	31.28653	0.4149203	2.159859	1.006024
4656	-525.7693	-557.5588	31.78944	0.4149203	1.645908	1.016945
4662	-528.1779	-560.4347	32.25681	0.2715199	1.645908	0.8445249
4668	-526.6938	-559.0617	32.36797	0.2051174	1.641053	0.9282334
4674	-524.049	-555.959	31.91004	0.2843492	1.874525	0.9431124
4680	-534.0793	-564.5928	30.51353	0.5902234	1.401253	1.960104
4686	-530.1003	-559.6091	29.50875	0.4220658	1.168314	2.916136
4692	-523.5678	-553.8128	30.24502	0.349739	1.376203	2.422926
4698	-529.0807	-560.2655	31.18483	0.4924166	2.014149	1.110519
4704	-532.3197	-558.8087	26.48896	0.3066206	0.7582208	5.021776
4710	-524.659	-553.655	28.99591	0.3760402	1.444982	3.111018
4716	-528.7253	-555.7749	27.04959	0.3886506	0.9891422	4.482143
4722	-524.6628	-551.7961	27.13336	0.4550284	1.046285	4.333002
4728	-521.6698	-552.2418	30.57201	0.4471927	1.405073	2.072479
4734	-521.6571	-552.7603	31.10324	0.4471927	1.373937	1.732981
4740	-519.8671	-548.9918	29.12469	0.4107288	1.279493	3.092583
4746	-517.2215	-548.8702	31.64866	0.241887	1.72668	1.398529
4752	-517.5622	-549.3148	31.75257	0.336568	1.700664	1.147114
4758	-526.8737	-554.7542	27.88052	0.6941041	1.387032	3.501851
4764	-518.2884	-549.9983	31.70993	0.3808195	1.425608	1.336442
4770	-516.3934	-546.03	29.63661	0.2648523	1.23762	3.001088
4776	-523.1842	-554.8435	31.65936	0.4395909	1.577456	1.158741
4782	-521.9854	-552.9745	30.9891	0.2089477	1.184801	2.292176
4788	-525.7246	-553.0691	27.34449	0.5407041	1.047231	4.132085
4794	-534.3475	-562.3381	27.99053	0.4182681	0.6102393	4.132085
4800	-529.4615	-557.2136	27.75209	0.8412511	0.7413339	3.846132
4806	-533.1461	-561.8875	28.74144	0.4837655	0.7109808	3.575743
4812	-526.6374	-555.8361	29.19867	0.2510997	1.146351	3.336261
4818	-523.6881	-554.0377	30.34963	0.3662343	1.547549	2.225274
4824	-526.1421	-557.4777	31.33562	0.6032781	1.774782	1.032041
4830	-520.3198	-552.0035	31.68365	0.3003132	2.128526	0.8701241
4836	-525.8073	-557.3822	31.57485	0.3331727	1.449482	1.499035
4842	-527.7144	-558.1978	30.48338	0.5200399	1.971443	1.661354
4848	-531.1092	-560.8679	29.75878	0.701303	1.676487	2.175214
4854	-528.9341	-557.6801	28.74595	0.4835131	1.544519	3.082755
4860	-531.0154	-561.9129	30.89751	0.4835131	2.309472	1.116838
4866	-529.391	-558.5141	29.12304	0.3575649	1.811543	2.836928
4872	-526.5291	-556.7088	30.17965	0.4425744	1.444108	2.306855
4878	-520.4832	-551.4564	30.97327	0.4425744	1.289962	1.886551
4884	-532.6624	-563.4807	30.81826	0.6771077	1.601154	1.519782
4890	-526.4472	-557.7279	31.28067	0.6856314	1.884188	0.8520871
4896	-529.8377	-560.676	30.83834	1.07079	1.702345	1.058191
4902	-530.8381	-561.891	31.05299	0.5345009	1.492028	1.579466
4908	-529.7321	-558.5687	28.83659	0.6774444	1.281253	3.012435
4914	-526.2315	-557.1749	30.9434	0.7147563	2.35051	0.5469733
4920	-542.2984	-570.9895	28.69113	1.003242	1.534773	2.720599
4926	-533.4715	-560.5922	27.12066	0.6364223	1.508138	3.916077
4932	-530.6039	-559.6629	29.05903	0.5782483	1.74557	2.68059
4938	-540.7262	-570.0232	29.29697	0.5782483	1.704356	2.559018
4944	-525.2718	-555.5671	30.29529	0.6572648	1.152746	2.204894
4950	-527.8537	-558.1795	30.32584	0.676512	1.611066	1.863332
4956	-530.4307	-561.094	30.66327	0.5925956	2.3737	1.115358
4962	-526.4952	-557.0261	30.53088	0.5925956	1.852608	1.632601
4968	-526.3273	-557.4633	31.13603	0.7615192	1.773855	1.022515
4974	-530.4565	-561.6114	31.15489	0.4278618	1.653476	1.519029
4980	-536.6721	-565.584	28.91188	0.8506621	0.7367578	3.165879
4986	-534.7656	-564.4296	29.66397	0.2697876	0.9217607	3.165879
4992	-534.0984	-564.9539	30.85548	0.2308744	0.9976803	2.456092
4998	-531.6459	-559.9963	28.35049	0.3140904	0.7807314	3.951383
5004	-534	-562.7276	28.72761	0.500176	1.578114	3.057002
5010	-525.6808	-555.3418	29.66101	0.2485699	1.026162	3.13783
5016	-532.5441	-561.4879	28.94373	0.2231706	0.8955415	3.675236
5022	-544.0685	-571.7095	27.64096	0.762848	0.5612929	4.06568
5028	-532.5688	-560.2218	27.65304	0.6756779	0.660495	4.06568
5034	-527.2051	-555.7631	28.55809	0.2249181	0.8440379	3.924129
5040	-530.5546	-558.884	28.32945	0.1552167	1.288048	3.924129
5046	-525.1835	-554.8467	29.66319	0.5035031	0.9889275	2.845149
5052	-528.7713	-558.6222	29.85085	0.5235962	1.139018	2.618452
5058	-532.9498	-563.2225	30.27269	0.2960646	1.185919	2.599
5064	-527.7628	-559.4379	31.67511	0.1694156	1.163117	1.936861
5070	-527.1735	-558.1859	31.01249	0.1632686	1.212358	2.350533
5076	-530.5771	-562.9149	32.33781	0.1395283	1.212358	1.507053
5082	-532.9162	-564.6661	31.74993	0.5356805	1.765978	0.6462968
5088	-519.942	-551.797	31.85501	0.4024798	1.883419	0.6643278
5094	-526.0924	-557.5779	31.48547	0.5581609	2.001126	0.6335117
5100	-530.8691	-562.5712	31.70217	0.387833	2.073855	0.6450038
5106	-537.1632	-567.2652	30.102	0.4905591	3.127596	1.085262
5112	-539.4793	-569.6112	30.13195	0.7075798	2.52599	1.303951
5118	-530.7955	-561.1273	30.33174	0.4710597	2.801197	1.200694
5124	-519.7833	-551.8047	32.02144	0.1766667	1.787427	1.200694
5130	-519.8094	-551.7995	31.99015	0.3115779	1.787427	0.8802399
5136	-522.9803	-554.6783	31.698	0.3820741	2.052297	0.7152433
5142	-526.3747	-557.8564	31.4817	0.562159	2.025829	0.5418126
5148	-524.2533	-555.8307	31.57735	0.4736659	2.025829	0.6763839
5154	-525.026	-557.0912	32.06525	0.3056463	1.920743	0.5048846
5160	-527.2211	-559.202	31.98088	0.343704	1.920743	0.5077625
5166	-528.682	-560.0411	31.35913	0.8110227	1.558798	0.954472
5172	-525.1548	-557.031	31.87621	0.395992	1.698167	0.9098807
5178	-524.878	-556.8736	31.99555	0.2239381	1.933615	0.9558051
5184	-526.4804	-558.3128	31.83234	0.4063418	1.631927	1.004399
5190	-529.9519	-561.2227	31.27086	0.5989272	1.951288	0.9240687
5196	-522.0986	-553.5606	31.46197	0.4718553	1.502657	1.338486
5202	-521.183	-552.0509	30.86789	0.3561894	1.352707	2.027359
5208	-520.6957	-552.282	31.58631	0.2512363	1.910528	1.281931
5214	-520.2498	-552.4474	32.19765	0.2537418	1.558557	1.048478
5220	-526.462	-558.6228	32.16078	0.2037792	1.558557	1.205896
5226	-527.6378	-559.6715	32.03377	0.163332	1.941351	1.091947
5232	-536.5145	-567.6078	31.09327	0.4243975	1.941351	1.350184
5238	-532.6776	-565.2251	32.54751	0.1460626	1.758407	0.8020801
5244	-524.9012	-556.3757	31.47453	0.4082326	2.268942	0.3900073
5250	-525.1009	-556.7304	31.62951	0.5211897	1.913761	0.6365277
5256	-521.2466	-552.167	30.92037	0.5081288	1.711158	1.547002
5262	-517.7985	-550.1494	32.35092	0.2084577	1.711158	0.8567352
5268	-519.7206	-551.3378	31.61714	0.3157091	1.884544	1.144993
5274	-527.4049	-559.1887	31.78379	0.1878125	1.678142	1.451415
5280	-528.3221	-560.2153	31.89314	0.2544777	1.784623	1.119531
5286	-526.2866	-557.1947	30.90812	0.3255735	1.792669	1.745154
5292	-526.9499	-558.0752	31.12531	0.5117166	2.39795	0.338633
5298	-529.1258	-559.9849	30.85919	0.6034149	2.39795	0.2503465
5304	-527.2023	-557.9271	30.72477	0.280672	1.858052	1.898168
5310	-525.2908	-557.2375	31.94664	0.1238445	1.748462	1.441848
5316	-523.4834	-555.3766	31.89319	0.1495513	1.33849	1.712201
5322	-529.8547	-560.3955	30.54083	0.3046446	1.612614	2.145782
5328	-532.98	-563.8462	30.86618	0.4339268	1.91479	1.531143
5334	-520.9046	-552.8082	31.90366	0.3731879	1.730102	0.8938937
5340	-524.564	-554.4865	29.92255	0.2856084	1.810738	2.443172
5346	-524.4779	-555.352	30.87407	0.2241442	1.139606	2.366588
5352	-532.4322	-562.1116	29.67944	0.05022303	1.419443	3.321993
5358	-534.0963	-561.7962	27.69992	0.09117031	0.9223606	4.628753
5364	-538.2466	-566.306	28.05944	0.03495872	0.6114388	4.752529
5370	-534.7618	-564.851	30.08919	0.1371908	0.8777024	3.175637
5376	-524.4494	-556.2789	31.82945	0.2302274	1.394956	1.53698
5382	-522.2619	-554.2309	31.96892	0.3085134	1.328295	1.330462
5388	-524.3355	-556.4575	32.122	0.2303522	1.980659	0.7151164
5394	-523.8418	-555.3802	31.5384	0.5784292	1.535989	1.100359
5400	-519.3409	-550.5988	31.25788	0.4596248	1.535989	1.487148
5406	-518.2039	-548.8607	30.65678	0.4596248	1.405936	2.001155
5412	-518.5625	-549.7847	31.22223	0.4596248	1.477008	1.557606
5418	-529.7432	-561.4693	31.72608	0.1919963	1.726725	1.448547
5424	-520.7004	-552.4703	31.76989	0.3027306	1.726725	1.175499
5430	-526.7711	-557.9265	31.15546	0.552267	1.726725	1.299458
5436	-533.9671	-564.943	30.97591	0.3374823	1.262293	2.041977
5442	-527.9731	-559.3061	31.333	0.4708309	1.691784	1.291374
5448	-525.4599	-556.9829	31.52303	0.3952409	1.639968	1.291374
5454	-521.2738	-551.8877	30.61392	0.3426558	1.170371	2.329178
5460	-519.729	-550.7053	30.9763	0.1642633	1.278798	2.329178
5466	-522.9842	-554.2706	31.28637	0.4055593	1.535919	1.539746
5472	-522.8461	-555.2459	32.39976	0.1822967	1.814882	0.7605508
5478	-519.7123	-551.4887	31.77639	0.2277494	2.40091	0.5513148
5484	-528.6968	-559.6883	30.99147	0.4574191	2.22171	1.151557
5490	-528.9	-560.3419	31.4419	0.4574191	2.00269	0.9278474
5496	-531.7534	-562.9605	31.2071	0.3927598	1.435519	1.687858
5502	-528.9536	-559.921	30.96735	0.287041	1.673514	1.848091
5508	-527.7124	-558.7543	31.04193	0.7708745	1.847746	1.031108
5514	-541.2547	-571.9175	30.66282	0.7708745	2.232514	1.025595
5520	-533.5319	-565.0593	31.52737	0.4225931	2.077578	0.8131649
5526	-529.6236	-560.9112	31.28763	0.5850444	2.17295	0.4160317
5532	-529.9666	-561.2381	31.27158	0.5850444	2.17295	0.6372712
5538	-530.4409	-561.4957	31.05487	0.7419498	2.207551	0.525574
5544	-538.3467	-567.9709	29.62418	0.7419498	3.602737	0.6480968
5550	-529.1183	-559.122	30.00361	0.4495074	1.232765	2.543088
5556	-527.429	-558.6803	31.25136	0.4738192	1.537425	1.472395
5562	-525.4336	-555.5766	30.14295	0.4572918	1.706818	2.144201
5568	-522.6221	-552.1754	29.55335	0.6788036	1.210312	2.618559
5574	-528.5879	-556.4888	27.90095	0.6761462	1.158636	3.636574
5580	-524.3877	-554.3146	29.92692	0.4160848	1.399657	2.524942
5586	-522.7213	-554.5778	31.85648	0.1637249	1.671323	1.460284
5592	-523.2173	-554.5628	31.34546	0.5034929	2.042695	0.9037116
5598	-522.323	-554.0088	31.68576	0.3054448	1.81872	1.163158
5604	-518.4147	-550.851	32.43626	0.1514517	1.981043	0.5248807
5610	-528.8031	-560.308	31.50491	0.5778756	1.981043	0.5248807
5616	-526.9702	-559.2196	32.24936	0.1832551	2.063276	0.4820434
5622	-528.4286	-560.2197	31.79114	0.2434913	2.346214	0.5339794
5628	-518.3536	-549.3112	30.95758	0.5790327	2.463424	0.3413294
5634	-522.5022	-553.5803	31.07812	0.4712255	2.511365	0.3370153
5640	-525.3434	-556.5223	31.17891	0.4751869	2.457573	0.4190704
5646	-523.0646	-554.0166	30.95192	0.3890988	2.665668	0.2509275
5652	-533.0676	-563.9489	30.88134	0.4952346	1.287105	1.889063
5658	-530.4995	-558.0017	27.50224	0.444961	0.6424478	4.362868
5664	-521.5796	-551.5092	29.92965	0.4162976	1.123474	2.693842
5670	-526.242	-557.249	31.00702	0.5356036	1.563787	1.559263
5676	-530.3387	-559.0854	28.74673	0.5094801	1.246242	3.233859
5682	-528.765	-556.609	27.84393	0.4648924	0.6635045	4.137365
5688	-527.481	-554.537	27.05592	0.7148608	0.8351774	4.276562
5694	-532.7057	-559.2332	26.52747	0.5085343	1.113001	4.585491
5700	-531.766	-562.544	30.77801	0.9928427	1.801835	1.092767
5706	-528.3304	-559.4734	31.14303	0.7012423	1.937465	0.9252132
5712	-528.8058	-559.4745	30.66868	0.4485975	1.937465	1.639529
5718	-528.3353	-556.999	28.66372	0.6839602	1.659528	2.883539
5724	-532.2426	-561.1526	28.90999	0.6482347	1.746068	2.710243
5730	-539.327	-566.5404	27.2134	0.5203428	0.1937653	4.705491
5736	-532.4035	-559.321	26.91746	0.4293614	0.6458838	4.705491
5742	-531.546	-560.6321	29.08611	0.4323852	1.312407	3.071922
5748	-530.175	-561.7307	31.55575	0.1849451	1.442325	1.793665
5754	-530.2046	-560.9195	30.71488	0.6385129	1.534105	1.681965
5760	-535.7203	-564.652	28.9317	0.476923	2.104675	2.63739
5766	-533.683	-563.4291	29.74618	0.476923	1.772325	2.335558
5772	-530.9686	-560.9839	30.01535	0.678481	1.200367	2.335558
5778	-534.0938	-564.3892	30.29547	0.9360452	1.379096	1.833292
5784	-528.9298	-559.4078	30.478	0.7549493	2.612061	0.8354114
5790	-534.2629	-561.1863	26.92345	0.3683826	1.783481	4.12705
5796	-525.2262	-555.8721	30.64591	0.4444211	1.695907	1.830524
5802	-519.8306	-551.0409	31.21032	0.6762087	1.746501	1.081632
5808	-528.4369	-559.7798	31.3429	0.5441287	1.82863	1.05858
5814	-525.8748	-557.6563	31.78148	0.3563543	1.677063	1.104574
5820	-520.3972	-552.095	31.69781	0.3563543	2.154522	0.6143868
5826	-522.2111	-553.7678	31.55676	0.4546773	2.106452	0.6167554
5832	-523.815	-555.6074	31.79239	0.2154862	1.946202	1.159742
5838	-525.2735	-556.118	30.84448	0.5395579	1.626893	1.627197
5844	-531.5364	-562.4218	30.88534	0.3900246	2.921062	0.4818236
5850	-535.8399	-566.1567	30.31679	0.5239321	2.283825	1.550958
5856	-534.7783	-565.904	31.12567	0.5632723	2.109307	0.966756
5862	-534.8985	-566.3489	31.45036	0.4083333	1.651837	1.320259
5868	-529.9766	-561.6942	31.71766	0.3939043	1.606192	1.157542
5874	-541.5778	-568.0154	26.43766	0.3354949	0.2027302	5.322
5880	-525.9797	-556.8086	30.82889	0.2307917	1.146096	2.379436
5886	-526.1215	-557.3453	31.2238	0.3223502	1.574455	1.681381
5892	-531.019	-561.4095	30.39055	0.20934	1.13407	2.697689
5898	-528.6433	-557.7798	29.13652	0.4858295	1.003144	3.170185
5904	-528.141	-559.7132	31.57222	0.201376	1.091507	1.98696
5910	-529.5964	-559.4209	29.82449	0.5805362	1.26271	2.503389
5916	-527.3325	-559.2883	31.95587	0.07242734	1.255928	1.942768
5922	-525.852	-557.7365	31.88448	0.03141089	1.501691	1.959931
5928	-529.8918	-560.5642	30.67232	0.6236541	1.458903	1.779427
5934	-534.6399	-564.1215	29.48157	0.8620799	1.367178	2.426402
5940	-528.8906	-559.1843	30.29374	0.5091339	1.118152	2.369094
5946	-524.398	-555.1543	30.75624	0.3964475	1.499701	1.949724
5952	-531.2926	-561.0638	29.77128	0.6857458	2.321584	1.746988
5958	-533.0384	-563.2922	30.25375	0.4682139	1.833852	1.974537
5964	-532.1583	-562.001	29.84272	0.8886576	1.639883	1.997558
5970	-524.7102	-554.7591	30.04897	0.5083606	1.673473	2.170731
5976	-528.3619	-559.743	31.3811	0.6366744	2.021123	0.508245
5982	-528.8759	-560.3259	31.45003	0.5022095	2.021123	0.8061384
5988	-532.5715	-563.7835	31.21199	0.6085971	2.021123	0.8963766
5994	-535.3369	-567.0307	31.69379	0.3832007	2.124066	0.5374533
6000	-529.3803	-558.3174	28.93709	0.477452	1.329872	3.102922
6006	-534.4215	-564.1583	29.73672	0.6414629	1.10432	2.60206
6012	-536.1967	-566.0912	29.89451	0.8346695	1.62321	2.014356
6018	-524.7611	-555.4658	30.70472	0.6296205	2.001426	1.349468
6024	-522.1205	-552.2743	30.15376	0.6461216	1.373261	2.163575
6030	-522.1419	-553.1533	31.01142	0.4888961	1.815035	1.424073
6036	-527.582	-558.473	30.89105	0.7373841	1.793075	1.251291
6042	-528.2959	-558.006	29.71007	0.3692274	0.9242666	3.003611
6048	-531.0886	-561.261	30.17246	0.6363506	1.45616	2.106083
6054	-524.9728	-554.1313	29.15846	0.7787085	1.47765	2.619291
6060	-523.898	-553.3947	29.49677	0.4684727	1.783365	2.495028
6066	-523.8158	-554.9784	31.1626	0.5289789	1.84873	1.222648
6072	-524.8911	-556.0494	31.15831	0.5447107	1.651234	1.366947
6078	-526.9646	-556.1651	29.20046	0.493162	1.961182	2.542777
6084	-525.6033	-554.3733	28.77006	0.3553312	1.215008	3.405321
6090	-530.0349	-559.0422	29.00729	0.5179381	0.6806911	3.405321
6096	-530.5179	-559.3113	28.79338	0.4162976	1.009222	3.441587
6102	-529.1375	-557.5855	28.448	0.5582052	1.421382	3.2614
6108	-531.8648	-560.6651	28.80032	0.9006399	1.477628	2.753924
6114	-527.0258	-555.9278	28.90194	0.6464616	1.0212	3.153687
6120	-536.2434	-566.532	30.28867	0.5119701	2.274795	1.592352
6126	-536.8879	-566.2337	29.34575	0.5281784	2.274795	2.216022
6132	-532.5771	-563.792	31.21498	0.3807149	2.353603	0.9486704
6138	-525.1105	-556.3907	31.28026	0.6173643	1.892411	0.9486704
6144	-521.7575	-551.0538	29.29628	0.09752032	0.8794159	3.730365
6150	-526.6757	-556.8592	30.18346	0.09645024	1.015554	3.133888
6156	-525.4819	-554.2207	28.73874	0.5673678	1.015554	3.321038
6162	-527.774	-558.3525	30.5785	0.3256073	1.214602	2.347131
6168	-531.2736	-562.3479	31.07428	0.3703901	1.477757	1.782754
6174	-527.15	-557.0873	29.93728	0.3703901	1.363102	2.596605
6180	-532.2604	-563.1085	30.84816	0.8784617	1.475164	1.407863
6186	-527.374	-558.5798	31.20573	0.3017815	1.584525	1.720137
6192	-529.6618	-559.6452	29.98337	0.4100116	0.9551561	2.771229
6198	-537.2252	-564.6991	27.4739	0.6889685	1.016451	3.954619
6204	-528.4279	-556.6759	28.24801	0.05806502	0.6809791	4.543946
6210	-533.0257	-558.9888	25.96311	0.3290293	0.6774067	5.329709
6216	-529.6925	-557.7734	28.0809	0.1092621	0.6945448	4.499664
6222	-535.4567	-564.44	28.9833	0.2587378	0.09528405	4.057468
6228	-537.8978	-563.8292	25.93136	0.5220993	0.2320016	5.394286
6234	-533.1408	-561.4654	28.3246	0.6148478	0.8047822	3.64516
6240	-531.9586	-561.4281	29.46952	1.023621	0.6529475	2.771501
6246	-534.1068	-559.6105	25.50371	0.9018814	0.3657022	5.283283
6252	-534.0471	-561.5701	27.523	0.6142351	0.06171955	4.526167
6258	-529.1989	-556.6187	27.41984	0.5465469	0.2657014	4.526167
6264	-531.1484	-558.8664	27.71799	0.5465469	0.3686604	4.299984
6270	-532.591	-560.3671	27.77612	0.3743532	0.6138891	4.299984
6276	-537.2097	-563.9119	26.70213	1.030531	0.8319651	4.279523
6282	-532.3221	-560.9653	28.64324	0.6547873	0.6593231	3.512084
6288	-527.3753	-556.0724	28.69714	0.5898885	1.306273	3.15385
6294	-525.3249	-556.6743	31.34936	0.2972557	2.576273	0.3258175
6300	-519.5105	-550.6968	31.18635	0.3050755	2.581677	0.237547
6306	-519.2202	-550.5286	31.30839	0.3258844	2.581677	0.3576513
6312	-520.6539	-551.8741	31.22021	0.3623635	2.581677	0.3453432
6318	-524.7199	-555.8526	31.1327	0.2243124	2.753447	0.2036056
6324	-521.0628	-552.6057	31.54291	0.1868472	2.681516	0.3279494
6330	-526.9255	-557.7948	30.86926	0.259234	3.026827	0.2454299
6336	-525.086	-555.8786	30.79266	0.2033144	3.026827	0.1664903
6342	-521.8096	-552.4199	30.61032	0.2033144	3.106876	0.1435661
6348	-520.4922	-551.1081	30.61592	0.1837011	3.171167	0.1456292
6354	-523.315	-554.5717	31.25675	0.2481674	2.80968	0.3453186
6360	-517.656	-549.6525	31.99654	0.1984904	2.267976	0.4690402
6366	-527.2079	-558.7738	31.5659	0.3764663	2.267976	0.4931999
6372	-524.0296	-555.5406	31.51097	0.3764663	2.315936	0.5618188
6378	-531.6488	-562.8479	31.19914	0.5461258	2.315936	0.405617
6384	-541.7357	-571.719	29.98327	0.767935	3.229752	0.6028976
6390	-528.0154	-557.5218	29.50644	0.3208602	2.255847	2.373367
6396	-535.4755	-565.8863	30.41081	0.634861	1.643741	1.821601
6402	-531.9674	-560.1396	28.17228	0.634861	1.038176	3.581711
6408	-532.007	-560.7385	28.7315	0.745592	1.067295	3.150534
6414	-525.9569	-555.5652	29.60824	0.4542002	1.399712	2.679212
6420	-531.1937	-562.2744	31.08075	0.4503321	2.235223	1.069433
6426	-526.5946	-557.1083	30.51375	0.5520176	1.704493	1.792435
6432	-534.2194	-563.2346	29.01522	0.3290986	0.5886747	3.660035
6438	-526.5689	-555.293	28.72408	0.4034219	0.7275786	3.660035
6444	-527.5315	-556.9304	29.39892	0.5146431	0.8987059	3.047685
6450	-526.3712	-556.5965	30.22528	0.2775846	0.9845059	2.779064
6456	-520.1909	-549.57	29.37904	0.4495345	0.9828979	3.075296
6462	-522.3702	-551.9079	29.53768	0.1986547	0.8439348	3.400781
6468	-529.4487	-558.1466	28.69791	0.1878406	0.5680031	4.064225
6474	-534.86	-562.03	27.17003	0.5144255	0.8705275	4.354852
6480	-527.4925	-559.2225	31.72997	0.4010028	1.847959	0.8950472
6486	-524.9855	-556.3219	31.33635	0.3989521	1.847959	1.267986
6492	-527.5408	-558.6732	31.13234	0.5248023	2.431682	0.5521987
6498	-522.9202	-554.0579	31.13767	0.6129202	2.226601	0.7138493
6504	-522.4489	-553.6647	31.21581	0.5397376	2.286183	0.6622865
6510	-520.7692	-552.641	31.87173	0.2270997	2.002662	1.002788
6516	-517.7441	-549.6282	31.88408	0.2977877	1.998668	0.7885861
6522	-514.0612	-545.752	31.69083	0.4213949	2.052757	0.5435406
6528	-518.3052	-550.0298	31.72463	0.4026076	1.763934	0.987171
6534	-523.0999	-552.5444	29.44457	0.4231559	0.9811822	3.065808
6540	-524.8034	-555.4755	30.67209	0.4426106	1.438814	1.989162
6546	-522.1567	-553.6121	31.4554	0.4426106	1.531771	1.361448
6552	-518.9681	-550.7413	31.77318	0.4738402	1.690665	0.8741423
6558	-520.3348	-552.5912	32.25633	0.1891646	1.643049	1.085224
6564	-522.0542	-554.3004	32.24617	0.1370285	1.786217	1.123782
6570	-519.9509	-551.7565	31.80562	0.3974613	1.807995	0.861553
6576	-527.4532	-559.1164	31.66316	0.2840541	2.37198	0.4706616
6582	-520.745	-552.4855	31.74056	0.2433382	2.37198	0.3918501
6588	-524.7618	-555.9499	31.18815	0.2433382	1.968109	1.561136
6594	-529.7176	-560.3513	30.63379	0.5143505	1.488401	1.899154
6600	-525.2927	-554.293	29.00027	0.3646788	1.522286	3.076068
6606	-525.6508	-555.6271	29.97629	0.3117759	1.204364	2.747628
6612	-536.9031	-562.2677	25.36463	0.7963509	1.3838	4.861857
6618	-543.6953	-567.7431	24.04787	0.6402204	0.6645219	6.09263
6624	-538.8283	-566.8445	28.01616	0.5723132	1.134563	3.668901
6630	-541.6592	-567.5635	25.90432	0.4256926	1.073217	5.035682
6636	-529.4739	-556.6414	27.16745	0.4256926	0.4090976	4.701887
6642	-532.8755	-562.7963	29.92077	0.4073465	1.580259	2.425987
6648	-524.2721	-552.2336	27.96151	0.5404706	1.305667	3.629728
6654	-528.4898	-555.3034	26.81362	0.4618809	0.9391309	4.566696
6660	-526.3278	-555.196	28.86818	0.4066341	1.24437	3.270208
6666	-526.4435	-556.5575	30.11399	0.6740088	1.363186	2.171361
6672	-522.1113	-553.2147	31.10342	0.7053351	2.200142	0.559809
6678	-523.5872	-555.1595	31.57228	0.4076371	2.200142	0.5180424
6684	-528.5618	-559.2637	30.70191	0.5716833	2.323111	1.153814
6690	-532.8044	-562.3353	29.53089	1.174091	2.404642	1.481724
6696	-534.5872	-563.9062	29.31896	1.300972	3.104952	0.9734535
6702	-528.9923	-558.0222	29.0299	0.4636249	1.647203	2.870919
6708	-532.7026	-561.0612	28.35866	0.2785486	1.535998	3.559155
6714	-527.2208	-555.453	28.2322	0.5490141	1.248786	3.497642
6720	-532.2013	-559.626	27.42471	0.5875334	2.241182	3.355302
6726	-532.7163	-561.2083	28.49205	0.5875334	1.65639	3.069522
6732	-528.7488	-558.9604	30.21159	0.5068251	2.66393	1.362616
6738	-529.3396	-561.0491	31.70954	0.4024171	1.820254	0.9448091
6744	-527.635	-559.2049	31.56993	0.3285985	2.089958	0.9671509
6750	-531.2927	-562.4948	31.20209	0.6016483	1.496896	1.386581
6756	-528.6885	-559.1181	30.42957	0.7055555	2.12716	1.386581
6762	-527.8565	-555.1046	27.24803	0.4969685	1.363975	4.046755
6768	-532.8021	-562.5794	29.77739	0.3291175	1.885898	2.424364
6774	-518.355	-548.9037	30.54878	0.2596261	1.278758	2.424364
6780	-520.538	-551.6634	31.12536	0.1901782	1.39699	2.102955
6786	-522.7969	-552.3355	29.53861	0.4600125	1.086839	2.905972
6792	-520.1741	-550.885	30.7109	0.3153185	1.103114	2.348441
6798	-528.3968	-559.6565	31.25965	0.3153185	1.500086	1.719812
6804	-528.8751	-559.2387	30.36356	0.4360547	1.500086	2.159891
6810	-532.0032	-562.1312	30.12804	0.5971591	1.78327	1.955614
6816	-530.175	-561.1341	30.95913	0.1507265	1.04734	2.51499
6822	-525.6375	-555.6834	30.04587	0.3030015	0.7079579	3.018037
6828	-517.9171	-548.2243	30.30717	0.3663796	1.199242	2.473361
6834	-522.1247	-550.3501	28.22534	0.3105118	0.839252	3.994141
6840	-529.7736	-557.1226	27.34893	0.5094547	1.079111	4.139832
6846	-526.9664	-554.4562	27.48979	0.4820323	1.217084	4.006906
6852	-520.7977	-551.1888	30.39109	0.4116354	1.284773	2.310003
6858	-525.1664	-555.3965	30.23009	0.3498881	1.895768	2.098595
6864	-519.2909	-550.2624	30.97148	0.2000014	1.093251	2.378424
6870	-519.8688	-551.6716	31.80285	0.1265261	1.205629	1.924344
6876	-520.1873	-552.3658	32.17848	0.12724	1.536955	1.416199
6882	-525.964	-557.1454	31.18141	0.2515082	1.400861	1.948102
6888	-532.3903	-564.0813	31.69094	0.2515082	1.827904	1.263222
6894	-532.9048	-563.7847	30.87984	0.3871572	2.014268	1.512884
6900	-529.2361	-559.4756	30.23946	0.3529764	1.176011	2.547461
6906	-534.9232	-566.4108	31.48761	0.2316441	1.595298	1.637443
6912	-525.4236	-557.4726	32.04903	0.1985095	1.490963	1.365602
6918	-519.7611	-550.406	30.64488	0.6535927	1.352869	1.842863
6924	-522.1133	-553.1872	31.07387	0.6157069	2.355931	0.4680821
6930	-519.6484	-551.654	32.00564	0.3472976	1.527212	1.053046
6936	-516.6023	-548.2648	31.66247	0.3472976	1.312546	1.513248
6942	-518.2358	-549.6469	31.41107	0.3472976	1.551854	1.522268
6948	-521.8387	-551.7314	29.89269	0.4105841	1.200117	2.676079
6954	-523.55	-553.0334	29.48333	0.6688853	1.200279	2.676079
6960	-518.9239	-549.491	30.56711	0.2042601	1.007577	2.676079
6966	-519.0986	-549.8883	30.7897	0.1638395	1.19745	2.49906
6972	-520.498	-551.0165	30.51852	0.3579731	1.281827	2.298357
6978	-520.0732	-550.7294	30.65621	0.479737	1.763646	1.733398
6984	-531.0804	-560.6901	29.60971	0.9165152	2.229293	1.733398
6990	-528.4234	-558.8461	30.42265	0.8064473	1.193531	1.970454
6996	-518.9154	-549.2969	30.38154	0.6294922	1.304941	2.074362
7002	-518.7675	-549.1326	30.36515	0.6294922	1.029889	2.263774
7008	-523.8311	-552.7762	28.94511	0.8223786	0.9695792	3.026489
7014	-523.1863	-553.8472	30.66083	0.8538967	1.995864	1.156516
7020	-522.3255	-554.1595	31.83403	0.3178007	1.967895	0.8341457
7026	-520.4458	-552.4939	32.04807	0.2306057	1.812131	1.007285
7032	-525.4221	-557.5325	32.11037	0.2520847	1.797284	0.8967425
7038	-524.8486	-554.7445	29.89591	0.4348516	1.651036	2.36461
7044	-525.9533	-556.2652	30.31191	0.2691889	1.044745	2.701935
7050	-532.1005	-561.7205	29.62001	0.4168049	1.397861	2.714886
7056	-538.9024	-567.8717	28.96926	0.5557378	1.519124	2.894038
7062	-532.8293	-559.5708	26.74157	0.5975734	1.053908	4.421067
7068	-529.5144	-557.9882	28.47379	0.6917411	0.8316256	3.481558
7074	-527.093	-556.953	29.86002	0.4366022	0.958858	2.814061
7080	-530.9233	-558.003	27.0797	0.1075085	0.2388603	5.314962
7086	-535.981	-563.5656	27.58461	0.6589787	0.09520238	4.437549
7092	-527.4914	-554.067	26.5756	0.3025816	0.7525193	4.981988
7098	-524.5489	-552.692	28.14305	0.2550688	1.072929	3.984397
7104	-528.1629	-557.2634	29.10043	0.2457686	0.8193994	3.592901
7110	-528.4714	-557.7848	29.31343	0.2933762	1.026855	3.277268
7116	-526.0377	-555.1593	29.12164	0.7091453	1.076569	2.939172
7122	-530.3395	-560.3494	30.00995	0.9611799	1.312036	2.053135
7128	-522.9482	-552.8653	29.91707	0.4475299	1.00634	2.738314
7134	-525.9035	-557.9406	32.03712	0.3244939	1.492016	1.102573
7140	-524.9083	-556.4879	31.57954	0.4788367	1.549835	1.192306
7146	-529.6374	-561.4037	31.76622	0.4061729	1.761549	0.9393076
7152	-524.7692	-556.659	31.88988	0.3343549	1.761549	0.9628734
7158	-526.63	-558.2655	31.63547	0.3907451	2.085696	0.7346287
7164	-522.2455	-553.8748	31.62925	0.3488155	1.791397	1.15279
7170	-517.0006	-547.6809	30.68033	0.3155283	1.117789	2.358233
7176	-527.1837	-558.2319	31.04819	0.2520453	1.217988	2.156197
7182	-523.0789	-553.2459	30.16702	0.4239821	1.223474	2.475796
7188	-524.4165	-555.8052	31.38864	0.1841554	1.347847	1.973458
7194	-525.7649	-556.5448	30.77995	0.4141874	1.24296	2.08215
7200	-521.696	-551.7657	30.06976	0.6296458	1.604677	2.08215
7206	-529.3714	-558.5488	29.17733	0.1945595	0.8634611	3.606778
7212	-523.084	-551.3959	28.31195	0.4340488	0.5566529	3.962665
7218	-526.8435	-557.3148	30.47125	0.2259197	0.9300474	2.744353
7224	-531.6547	-560.8978	29.24305	0.6232796	1.177424	2.874933
7230	-529.9416	-559.1016	29.16005	0.4204999	1.122577	3.154022
7236	-527.6842	-557.6862	30.00198	0.3707605	1.821959	2.266452
7242	-532.9399	-562.1987	29.25879	0.7713694	1.947172	2.266452
7248	-530.1427	-559.8289	29.68624	0.5429153	1.487183	2.485315
7254	-532.8347	-563.6671	30.83235	0.5991734	1.57147	1.61095
7260	-528.3269	-557.3362	29.00932	0.5991734	1.814751	2.649625
7266	-528.2658	-558.3407	30.07493	0.5991734	1.343496	2.276572
7272	-527.8273	-558.6833	30.85599	0.4722828	1.343496	1.894359
7278	-528.0782	-559.2757	31.19755	0.4202109	1.86192	1.336588
7284	-522.4151	-553.1606	30.74545	0.6467839	1.59628	1.607102
7290	-522.1856	-552.1893	30.00374	0.6112852	1.017111	2.516761
7296	-524.2801	-555.0224	30.74229	0.681118	1.64903	1.536695
7302	-525.2798	-554.7855	29.50567	0.4322802	0.8291308	3.110041
7308	-524.4387	-553.7193	29.28057	0.3030257	1.319222	3.110041
7314	-526.4325	-556.321	29.88842	0.3246269	1.097528	2.848613
7320	-530.0042	-560.3082	30.30399	0.560955	3.207427	0.4753193
7326	-526.2875	-556.6261	30.33857	0.6543924	1.972005	1.622109
7332	-528.8681	-560.7261	31.85799	0.4088517	1.8402	0.7153924
7338	-523.7294	-555.3391	31.60968	0.3898834	1.769292	1.115349
7344	-529.1165	-557.1849	28.06845	0.494045	1.277596	3.62748
7350	-528.2414	-556.4822	28.24078	0.5096395	1.079549	3.62748
7356	-529.042	-556.926	27.88402	0.5557393	1.363369	3.62748
7362	-528.3022	-557.7606	29.4584	0.4836499	1.453473	2.706934
7368	-533.9324	-562.9013	28.96892	1.097718	1.654898	2.416922
7374	-526.5966	-557.5888	30.99217	0.6078561	1.72258	1.367152
7380	-526.2641	-556.9484	30.68425	0.7640088	2.006529	1.218034
7386	-527.6441	-558.2559	30.61174	0.5418895	2.040639	1.491244
7392	-528.2299	-559.1352	30.90532	0.7609655	2.173898	0.8396985
7398	-526.1716	-557.384	31.21237	0.3926713	1.94724	1.298215
7404	-530.267	-557.702	27.43499	0.5007897	0.5973724	4.372073
7410	-527.6481	-555.9073	28.25918	0.3774769	1.061671	3.764993
7416	-523.4753	-554.1378	30.6625	0.3814585	2.052726	1.651928
7422	-521.8166	-553.2201	31.40355	0.5245515	1.771437	1.084316
7428	-526.0829	-557.3666	31.28371	0.5211146	1.658887	1.290174
7434	-530.1112	-559.6059	29.49465	0.5738692	1.45612	2.594448
7440	-528.8764	-559.5645	30.6881	0.3261863	1.075258	2.365202
7446	-532.2159	-562.4167	30.20087	0.5280285	1.83505	1.942619
7452	-533.4442	-564.4852	31.04102	0.1956705	1.473579	2.097045
7458	-533.3765	-562.6557	29.27918	0.3811899	1.370943	2.979684
7464	-536.2285	-562.8147	26.58625	0.2835924	1.069533	4.824563
7470	-536.2266	-564.9688	28.74221	0.1362177	0.6184571	4.109423
7476	-536.7962	-567.6938	30.89764	0.1690765	2.220855	1.745179
7482	-535.0649	-566.8397	31.77477	0.4048315	1.744866	0.9506646
7488	-530.3671	-561.9967	31.62964	0.4642575	2.006657	0.6414194
7494	-531.391	-563.2119	31.82098	0.3504843	1.870243	0.8817007
7500	-525.4504	-557.1761	31.7257	0.4043276	1.438139	1.276344
7506	-525.4846	-556.5625	31.07788	0.3271378	1.888835	1.551725
7512	-523.9975	-554.3433	30.34584	0.1953011	0.8603653	2.916779
7518	-523.0721	-553.9903	30.91821	0.3388705	1.46356	1.944157
7524	-525.0831	-554.8087	29.72555	0.3537307	1.1392	2.884088
7530	-524.1082	-551.713	27.60474	0.5586525	0.8323759	4.090441
7536	-527.7164	-557.0364	29.32001	0.5586525	0.7567438	3.138105
7542	-523.598	-555.0843	31.48626	0.1733641	1.198025	2.031164
7548	-521.4759	-552.5909	31.11502	0.3731671	1.275052	1.890179
7554	-523.1494	-554.0668	30.91741	0.4664629	1.298279	1.890179
7560	-525.8262	-555.6914	29.86528	0.2880725	0.8695634	3.050431
7566	-525.7655	-555.4642	29.69866	0.2039261	0.9415064	3.239338
7572	-525.4976	-554.8788	29.38122	0.3027641	1.001321	3.239338
7578	-523.674	-553.2405	29.56643	0.3953332	0.9314855	3.054239
7584	-525.7318	-555.1531	29.42134	0.121691	0.7907678	3.652222
7590	-526.0677	-554.7838	28.71611	0.1275467	0.5177405	4.199957
7596	-526.7349	-554.7034	27.96851	0.1745274	0.4011767	4.594732
7602	-527.1686	-556.6199	29.45135	0.2352437	0.8703588	3.374728
7608	-528.1194	-557.5964	29.477	0.3815804	0.8863067	3.150593
7614	-527.7323	-555.0228	27.2905	0.3547818	1.090918	4.327551
7620	-532.5355	-563.9343	31.39884	0.4238608	2.31244	0.3850822
7626	-529.3121	-560.1853	30.87318	0.5467619	2.024601	1.293694
7632	-529.7159	-558.6747	28.95884	0.7121476	1.612479	2.710115
7638	-528.2534	-559.8593	31.60595	0.3862257	1.956758	0.9433176
7644	-532.1169	-562.9817	30.86487	0.6823254	1.994058	1.162604
7650	-530.0499	-556.4705	26.42062	0.5553138	1.190574	4.56033
7656	-520.0243	-550.2309	30.20659	0.5245755	1.156587	2.384143
7662	-528.9513	-557.7114	28.76005	0.5000037	1.72097	2.952024
7668	-537.9123	-565.1245	27.21224	0.6536969	1.297345	3.970684
7674	-529.9373	-561.5929	31.65553	0.4256074	1.392496	1.337734
7680	-530.6505	-560.5812	29.93065	0.2474397	1.409674	2.746058
7686	-530.1318	-557.3526	27.22081	0.3448342	0.2661887	4.84134
7692	-532.3822	-561.4098	29.02757	0.3855524	0.6698443	3.537515
7698	-536.2181	-561.8795	25.66147	0.3514973	0.3341654	5.65791
7704	-524.1	-550.8833	26.78337	0.3787903	0.593641	4.863615
7710	-531.5327	-556.7547	25.22205	0.4705336	0.9681679	5.426724
7716	-531.9193	-559.0811	27.16176	0.4659647	0.5150931	4.605298
7722	-529.2955	-556.3011	27.00558	0.6350192	0.5413098	4.530928
7728	-537.4722	-563.894	26.42174	0.5582483	0.2649758	5.073655
7734	-529.6816	-557.6419	27.96036	0.3304439	0.6773981	4.211843
7740	-529.8976	-560.2362	30.33857	0.3304439	1.132241	2.543048
7746	-531.2554	-560.2636	29.0082	0.2626844	0.5723713	3.763899
7752	-515.5824	-546.0829	30.50051	0.1705551	0.9876693	2.793054
7758	-521.0213	-551.7827	30.76144	0.380266	1.2682	2.120848
7764	-523.6164	-554.7469	31.13058	0.408649	0.843823	2.120848
7770	-525.9519	-556.8234	30.87149	0.4788228	1.502972	1.766264
7776	-529.0097	-556.8294	27.81967	0.5832986	0.8513532	3.935639
7782	-526.3306	-556.4045	30.0739	0.2338759	0.8076852	3.045291
7788	-533.6575	-559.9331	26.27558	0.2338759	0.5097392	5.377762
7794	-531.5032	-558.0701	26.56682	0.09249101	0.701625	5.377762
7800	-530.6914	-559.6319	28.94056	0.3041135	0.7448224	3.645406
7806	-530.7048	-560.47	29.76516	0.2986205	0.9167707	3.067156
7812	-536.3749	-567.6727	31.29784	0.4372093	1.576892	1.456173
7818	-538.3277	-569.3824	31.05478	0.4617854	1.535111	1.634479
7824	-542.2869	-568.2988	26.01187	0.443036	0.154562	5.466476
7830	-541.3726	-572.5713	31.19863	0.5923194	2.184886	0.7310852
7836	-536.1897	-567.857	31.66726	0.4222263	1.706431	1.063171
7842	-533.1469	-564.6832	31.53627	0.3340583	2.014298	1.063171
7848	-533.3863	-564.0906	30.70433	0.537941	2.014298	1.44571
7854	-526.1633	-557.0523	30.88901	0.2324546	0.8945504	2.496984
7860	-524.1817	-553.6465	29.46478	0.4622321	0.8215851	3.107022
7866	-524.0992	-554.4185	30.3193	0.3596862	1.015657	2.588771
7872	-528.6654	-558.2912	29.62582	0.6154666	1.217053	2.623532
7878	-523.9869	-554.6327	30.64572	0.4307326	1.204182	2.175133
7884	-533.5567	-563.2366	29.67993	0.3825708	1.460237	2.680356
7890	-530.6829	-562.2578	31.57489	0.4714152	1.570479	1.189486
7896	-524.571	-556.2388	31.66776	0.3525599	1.671107	1.216733
7902	-530.6354	-562.5629	31.92753	0.1292746	2.116169	1.139521
7908	-527.0437	-557.6576	30.61387	0.664335	2.034181	1.357619
7914	-528.5366	-559.1982	30.66162	0.4138947	3.057579	0.659276
7920	-527.8106	-558.1989	30.38837	0.6936791	2.234993	1.346231
7926	-527.1103	-558.4474	31.33714	0.6287083	1.555362	1.19698
7932	-526.6611	-557.2626	30.60159	0.2591723	1.19995	2.441454
7938	-530.9674	-561.2073	30.23989	0.2881331	1.535117	2.413091
7944	-527.0814	-558.2842	31.20286	0.2689717	1.696271	1.699002
7950	-524.5546	-557.1035	32.54891	0.1819975	1.559894	0.89576
7956	-520.7752	-552.177	31.40172	0.2382508	1.530795	1.731635
7962	-521.1462	-551.5937	30.44749	0.2382537	1.314255	2.500788
7968	-522.7298	-551.2024	28.47265	0.3123396	1.047957	3.729823
7974	-527.7077	-557.0716	29.36395	0.3123396	1.273573	3.074803
7980	-529.9585	-557.6552	27.69671	0.4593806	1.036117	4.014395
7986	-521.5795	-553.4136	31.83407	0.3278326	1.561435	1.213735
7992	-523.5354	-555.4496	31.9142	0.2406626	1.150223	1.633178
7998	-521.4666	-552.7761	31.30948	0.2764118	1.402053	1.817227
8004	-529.63	-561.2607	31.63069	0.1234252	1.402236	1.915869
8010	-521.0717	-552.1253	31.0536	0.2301814	1.159182	2.228641
8016	-522.0694	-553.2878	31.21849	0.2301814	1.453523	1.926075
8022	-522.52	-554.2674	31.74739	0.3717705	1.671553	1.111819
8028	-527.2263	-558.8064	31.58008	0.4429133	2.069625	0.6903658
8034	-527.4914	-559.7607	32.26932	0.2189682	1.75337	0.8676589
8040	-528.4467	-558.0366	29.5899	0.6342726	1.75337	2.292649
8046	-523.5372	-553.8242	30.28691	0.3984546	1.441315	2.292649
8052	-522.8839	-553.0853	30.20132	0.4543279	1.182421	2.445585
8058	-528.859	-556.2467	27.38764	0.4005163	0.730593	4.424365
8064	-533.8799	-565.0467	31.16678	0.4595053	2.134749	1.067783
8070	-516.2969	-548.5201	32.22321	0.2246415	1.865877	0.7607193
8076	-520.2075	-551.9962	31.78867	0.3855405	1.865877	0.840181
8082	-520.8892	-552.4849	31.59568	0.4492471	1.952893	0.8233426
8088	-527.1816	-558.52	31.33835	0.5502122	1.928082	0.9548365
8094	-526.3335	-556.8375	30.50397	0.6929234	1.332707	1.916725
8100	-526.5081	-556.5573	30.04923	0.2806962	1.332301	2.669234
8106	-527.0496	-558.1079	31.05832	0.3775315	1.332301	1.883836
8112	-525.9612	-556.842	30.88077	0.3770276	0.9924861	2.226605
8118	-524.2578	-555.3295	31.0717	0.4261727	1.452384	1.726838
8124	-521.1774	-552.5757	31.3983	0.4261727	1.331035	1.57968
8130	-519.943	-551.8231	31.88006	0.3673154	1.843067	0.7991658
8136	-520.2479	-550.6363	30.38838	0.4817182	1.860621	1.849578
8142	-522.5404	-553.1618	30.6214	0.5375068	1.450474	1.908212
8148	-529.8802	-558.7751	28.89487	0.3402931	1.09732	3.419791
8154	-532.6896	-562.7623	30.07267	0.3540215	1.365559	2.531925
8160	-527.8307	-557.8523	30.02153	0.3540215	1.676775	2.368538
8166	-528.6134	-558.4373	29.82392	0.1611467	1.373654	2.987661
8172	-524.47	-554.2712	29.80121	0.09004793	1.064967	3.347199
8178	-516.763	-544.0179	27.25491	0.2629665	0.9085728	4.569003
8184	-519.5944	-547.973	28.3786	0.2863191	0.8594809	3.927238
8190	-518.2015	-548.7317	30.53018	0.3015875	1.67396	2.117284
8196	-519.871	-549.8471	29.97605	0.35804	1.213025	2.680905
8202	-525.2627	-555.2168	29.9541	0.3134809	0.9084947	2.938266
8208	-518.5372	-548.5352	29.998	0.2680936	1.014101	2.913223
8214	-517.7206	-547.1226	29.402	0.5648056	1.018422	2.926712
8220	-517.426	-547.9504	30.52442	0.4643713	1.577672	1.969295
8226	-521.1578	-551.8611	30.70326	0.2754499	1.496506	2.160899
8232	-526.2021	-555.8819	29.67988	0.6714332	1.912636	2.098306
8238	-532.2442	-561.8244	29.58028	0.6290993	2.020845	2.130721
8244	-531.0626	-558.6455	27.58285	0.5556391	1.352831	3.807647
8250	-521.8227	-552.5964	30.77368	0.4521886	1.364052	1.959746
8256	-524.6587	-553.1531	28.4944	0.2448919	1.228031	3.708611
8262	-525.7857	-553.7571	27.97133	0.6463269	1.00423	3.708611
8268	-532.3585	-561.5892	29.23065	0.3668382	1.038902	3.223812
8274	-530.8671	-561.2288	30.36167	0.3361561	1.297933	2.417022
8280	-527.2838	-554.8211	27.53727	0.6661936	1.027982	3.929101
8286	-534.6154	-563.9169	29.30152	0.6440001	1.388479	2.692996
8292	-531.5053	-560.5164	29.01108	0.6516718	1.382357	2.867369
8298	-531.4111	-560.5116	29.10054	0.7392103	1.50325	2.669099
8304	-529.5808	-556.556	26.97514	0.3448508	0.4814918	4.858248
8310	-536.8627	-561.0663	24.20361	0.3480127	0.6536134	6.283199
8316	-536.7032	-565.7891	29.08592	0.2914518	1.052353	3.398755
8322	-535.0141	-561.9525	26.93836	0.697326	0.6971126	4.433759
8328	-526.1271	-553.1082	26.98114	0.4162575	0.5943397	4.712307
8334	-532.2544	-560.4043	28.14991	0.6287791	0.721798	3.782636
8340	-537.978	-568.8253	30.84733	0.2462054	1.143322	2.343192
8346	-532.4919	-562.2473	29.75539	0.392092	1.133148	2.822662
8352	-533.8192	-563.5875	29.76834	0.392092	1.048	2.866454
8358	-532.0341	-562.2582	30.22411	0.3091554	1.071514	2.680819
8364	-536.0129	-566.1005	30.08762	0.1163806	0.82124	3.257021
8370	-530.2443	-560.2617	30.01738	0.2925801	0.7115304	3.047566
8376	-524.6342	-556.6215	31.98729	0.249207	1.877272	0.9518734
8382	-529.9353	-560.7691	30.83386	0.728399	1.760069	1.334077
8388	-525.0488	-556.8293	31.78054	0.3132897	1.746983	1.126796
8394	-535.1406	-566.7107	31.57013	0.3132897	1.483301	1.510311
8400	-522.1423	-553.796	31.65374	0.4151464	1.21719	1.489886
8406	-522.6188	-552.5479	29.92908	0.5051112	1.20308	2.548817
8412	-531.1517	-560.5901	29.43834	0.2976949	1.465045	2.935588
8418	-538.1642	-569.5601	31.39589	0.2580094	1.618031	1.636834
8424	-536.2145	-566.3855	30.171	0.5900286	1.155719	2.343635
8430	-536.1089	-565.854	29.74511	0.3500756	1.224307	2.825294
8436	-528.8777	-559.2375	30.35987	0.7602553	1.345038	1.948065
8442	-538.9296	-567.9432	29.01361	0.3109876	0.6560703	3.645372
8448	-537.3537	-564.5777	27.22394	0.6538881	0.4912409	4.421529
8454	-535.2413	-564.9693	29.72797	0.4585549	1.090807	2.790271
8460	-537.0069	-566.9315	29.92463	0.5387069	1.367207	2.415064
8466	-535.1349	-564.6791	29.54422	0.4009634	1.237436	2.877041
8472	-530.9063	-562.3811	31.47487	0.5966104	1.930468	0.683073
8478	-538.3528	-569.3891	31.03627	0.5743807	2.416871	0.6534459
8484	-532.6346	-563.2172	30.58268	0.2029905	1.694269	2.23728
8490	-530.1328	-562.051	31.91824	0.2122332	1.867527	1.12611
8496	-527.3339	-559.0518	31.71795	0.2122332	1.977816	1.20494
8502	-529.9527	-560.2979	30.34523	0.6568419	1.727326	1.78818
8508	-530.0636	-559.788	29.72445	0.6724595	1.644067	2.242947
8514	-528.8812	-558.5428	29.66155	0.6673062	1.780849	2.199743
8520	-521.9514	-553.8402	31.88881	0.283103	1.496244	1.307855
8526	-520.689	-551.0211	30.33214	0.6484969	1.516658	1.948773
8532	-522.525	-553.4018	30.87677	0.2987371	1.287933	2.14738
8538	-522.4513	-553.5397	31.0884	0.3709589	2.134742	1.281599
8544	-522.3859	-554.3231	31.93721	0.2417815	2.121033	0.7367688
8550	-526.2074	-557.7514	31.54395	0.2689193	1.745971	1.410689
8556	-526.7463	-557.3607	30.61443	0.660372	1.456875	1.785719
8562	-524.8472	-555.4359	30.58872	0.4286161	1.262662	2.176698
8568	-527.7822	-558.9539	31.17166	0.4441739	2.300637	0.9233125
8574	-527.4257	-557.811	30.38534	0.5568771	2.651753	1.162974
8580	-534.6229	-565.6175	30.99461	0.7756394	2.214034	0.5873878
8586	-530.2946	-560.77	30.47539	0.7756394	2.707373	0.3721961
8592	-533.1395	-561.4208	28.28125	0.4876259	1.05079	3.641833
8598	-534.1319	-564.1808	30.04894	0.3053519	1.367066	2.611987
8604	-536.3696	-562.4793	26.10975	0.5746224	0.6706127	5.007912
8610	-534.2753	-563.9703	29.69507	0.6765319	0.4342116	3.006304
8616	-528.4951	-558.9663	30.47118	0.2731062	1.025391	2.609752
8622	-530.2814	-559.9728	29.69139	0.4748102	0.7643877	2.992686
8628	-525.1055	-554.5424	29.43685	0.3518953	0.9476021	3.174061
8634	-522.5554	-552.0309	29.47554	0.3750189	0.9538731	3.119078
8640	-526.1694	-554.8362	28.66678	0.3529993	1.025147	3.579232
8646	-528.6014	-559.1233	30.52191	0.296065	1.514572	2.234511
8652	-520.9986	-551.5394	30.54081	0.208414	1.022817	2.675385
8658	-527.1094	-557.3334	30.22402	0.201082	1.195066	2.777124
8664	-533.0989	-561.6453	28.54648	0.2745998	1.562494	3.43978
8670	-532.6759	-561.7	29.02402	0.3932522	1.262721	3.182405
8676	-538.4714	-567.6302	29.15879	0.4629541	1.39643	2.945225
8682	-530.4281	-558.6731	28.24501	0.6307293	0.965455	3.585065
8688	-528.8951	-557.7204	28.82536	0.3172797	0.6659544	3.740292
8694	-538.6957	-568.4308	29.7351	0.5104054	3.851453	0.4480797
8700	-531.3469	-562.6145	31.26765	0.5104054	1.712938	1.273238
8706	-533.4468	-562.3285	28.88174	0.8872333	1.649365	2.607276
8712	-524.6627	-555.0458	30.38313	0.5823192	1.386773	2.06428
8718	-530.5733	-561.8734	31.30004	0.4064238	2.300688	0.8563705
8724	-527.7342	-558.8375	31.10334	0.4586934	2.573819	0.5371258
8730	-527.8686	-557.72	29.85138	0.8636199	2.045636	1.733182
8736	-532.7938	-561.4898	28.69599	0.6196306	1.591565	2.95827
8742	-531.648	-561.8808	30.23275	0.6196306	1.168754	2.268564
8748	-530.5889	-560.0148	29.42594	0.5079792	0.9639873	2.998888
8754	-522.5273	-553.0266	30.49929	0.3881504	1.57185	2.083373
8760	-537.0244	-564.2369	27.21244	0.4732999	0.9224007	4.340344
8766	-527.4565	-555.7324	28.27593	0.2971858	0.3933686	4.236663
8772	-535.6282	-564.2044	28.57615	0.5676557	0.7498455	3.57129
8778	-539.1464	-564.2002	25.05381	0.8329216	0.7094905	5.384145
8784	-536.9345	-564.3985	27.46395	0.6472588	1.410004	3.766519
8790	-530.6724	-559.1935	28.52106	0.6006671	2.136463	2.750491
8796	-525.6324	-555.9804	30.34801	0.9114664	2.136463	1.249823
8802	-521.8009	-552.4962	30.69528	0.447074	1.693791	1.794614
8808	-524.1641	-555.5888	31.42469	0.3716876	1.53349	1.488008
8814	-529.7223	-561.4209	31.6986	0.282948	1.305231	1.599217
8820	-529.3063	-559.8362	30.52984	0.5387055	2.609057	1.096935
8826	-527.0516	-558.7726	31.72108	0.3232152	2.080934	0.8187321
8832	-532.8468	-562.9267	30.07997	0.7076175	2.362876	1.472128
8838	-531.0612	-559.3435	28.28227	0.2380559	1.432095	3.723814
8844	-520.0576	-551.2765	31.21892	0.2149902	1.17408	2.139415
8850	-528.15	-558.5665	30.41653	0.5815566	1.705348	1.828108
8856	-531.846	-562.6107	30.76468	0.5815566	1.582488	1.670333
8862	-525.9913	-556.2346	30.24328	0.256078	1.737842	2.332889
8868	-523.6123	-553.9178	30.30549	0.5036098	1.172468	2.332889
8874	-523.1437	-552.9183	29.77457	0.5966266	1.201001	2.558164
8880	-528.4702	-559.1905	30.72036	0.2882007	1.085915	2.393247
8886	-519.763	-550.5458	30.78277	0.2487559	1.122198	2.393247
8892	-525.7427	-556.4015	30.65879	0.3234155	1.066396	2.393247
8898	-526.6013	-556.0866	29.48533	0.4329016	1.357039	2.803871
8904	-528.8913	-560.2876	31.39634	0.4329016	1.60087	1.367408
8910	-523.7694	-555.0667	31.29727	0.1196818	1.465192	2.105599
8916	-527.6092	-556.8532	29.24392	0.3211532	1.304436	3.11615
8922	-523.9617	-555.9025	31.94074	0.2627849	1.271946	1.48152
8928	-529.3819	-559.3006	29.91879	0.3402733	1.025143	2.853409
8934	-525.0603	-555.3446	30.28423	0.2372105	0.9256005	2.842125
8940	-536.5994	-565.1253	28.52591	0.511254	1.166916	3.40883
8946	-534.3251	-563.0308	28.70568	0.7012609	1.137024	3.157917
8952	-536.1896	-565.2095	29.01993	0.8817815	1.137024	2.840106
8958	-535.9011	-563.8698	27.96876	0.5715702	0.7382902	3.925035
8964	-532.7063	-561.2938	28.5875	0.5715702	1.189019	3.304212
8970	-530.5016	-557.9019	27.40028	0.5715702	1.17846	3.998459
8976	-527.9355	-556.2893	28.35379	0.5715702	0.8229466	3.654482
8982	-526.4199	-555.2979	28.87798	0.4081994	0.757684	3.547917
8988	-525.3524	-554.0853	28.73287	0.3376472	1.045547	3.547917
8994	-523.6351	-552.8203	29.18525	0.3304212	1.210192	3.194845
9000	-531.9882	-562.1974	30.2092	0.3304212	0.7113621	2.880497
9006	-520.8285	-550.343	29.51451	0.3412809	1.382529	2.880497
9012	-520.9506	-550.8241	29.87354	0.3702042	0.8664186	2.938923
9018	-529.8502	-561.4329	31.58265	0.5022201	1.01062	1.582247
9024	-533.0826	-564.2966	31.21395	0.1116225	1.220237	2.338175
9030	-529.2086	-558.7003	29.49163	0.4378154	2.313518	2.19578
9036	-532.7751	-563.6717	30.89665	0.5679841	1.654063	1.537207
9042	-541.7978	-570.4595	28.66167	0.5980512	1.623321	2.978479
9048	-532.5556	-559.6293	27.07372	0.1928112	1.019277	4.717573
9054	-526.5414	-556.4965	29.95513	0.6682187	1.485191	2.200289
9060	-528.8933	-557.146	28.25277	0.5196211	0.7715627	3.789199
9066	-532.2113	-558.4809	26.2696	0.2412294	1.125041	5.029732
9072	-530.33	-560.5417	30.21166	0.1014263	1.053467	3.081853
9078	-527.5371	-559.0003	31.46319	0.07072505	0.9864419	2.442321
9084	-533.2207	-561.9114	28.69067	0.1131476	1.015106	3.963138
9090	-533.6268	-562.7087	29.08182	0.6084418	0.7707112	3.227298
9096	-539.1444	-566.7679	27.62346	0.6214534	0.6948519	4.10545
9102	-526.6933	-556.4527	29.75941	0.9310308	1.619192	2.036465
9108	-528.7778	-560.3223	31.54454	0.3074858	2.021137	1.104211
9114	-528.8836	-559.8705	30.98692	0.4394801	1.345792	1.842888
9120	-527.0294	-558.7261	31.69669	0.3003428	1.285309	1.585041
9126	-517.6789	-548.9773	31.29841	0.4428415	1.694182	1.356831
9132	-525.1208	-555.4566	30.33575	0.3007069	1.394065	2.422883
9138	-527.8142	-557.9626	30.14844	0.8973293	1.394065	1.951131
9144	-525.0758	-556.4699	31.39416	0.3215523	1.716315	1.453247
9150	-523.2389	-554.6382	31.39934	0.3119284	1.330293	1.746366
9156	-523.1115	-555.191	32.07945	0.225752	1.783971	1.017348
9162	-524.7371	-554.2818	29.54469	0.205125	1.425585	3.040912
9168	-530.5322	-561.8984	31.36624	0.1730685	1.08413	2.185137
9174	-530.5661	-558.6475	28.08143	0.4901852	0.8994878	3.841999
9180	-518.9959	-550.0827	31.08679	0.149189	1.222201	2.327742
9186	-521.0631	-552.3757	31.31264	0.08632371	1.484445	2.174342
9192	-537.7949	-568.5932	30.79827	0.2827776	1.552543	2.050122
9198	-530.8699	-561.0135	30.14353	0.1790219	1.237778	2.841412
9204	-523.9928	-554.848	30.85516	0.06861382	1.06658	2.775216
9210	-527.7541	-557.3771	29.62304	0.0464768	0.6573833	3.809023
9216	-526.1781	-557.2545	31.07638	0.2197364	1.068318	2.291054
9222	-521.6561	-549.7864	28.13026	0.3344987	0.785257	4.048801
9228	-527.5869	-555.4489	27.86202	0.3928671	1.093366	3.957438
9234	-534.4461	-562.6213	28.17517	0.9702637	0.7941999	3.490057
9240	-528.4284	-554.7899	26.36148	0.4260957	0.4236078	5.141978
9246	-528.4832	-554.7964	26.31313	0.5138915	0.9224477	4.807182
9252	-527.6341	-555.7684	28.13425	0.4712137	0.8387758	3.865054
9258	-537.7648	-563.8008	26.03602	0.9768422	0.4614621	4.891426
9264	-529.1017	-560.0585	30.95686	0.4799152	1.444693	1.746026
9270	-531.2957	-561.28	29.98435	0.4581061	0.96596	2.710371
9276	-525.0192	-556.5224	31.50319	0.3703697	1.425383	1.512211
9282	-526.9605	-558.3402	31.37973	0.3703697	2.085818	1.07144
9288	-534.9951	-566.5234	31.52831	0.4192091	2.11738	0.7661951
9294	-527.6624	-559.4023	31.73988	0.3638021	2.11738	0.465998
9300	-524.1319	-554.7541	30.62216	0.2780865	1.8578	1.97177
9306	-528.3731	-559.2322	30.85909	0.3572178	1.475036	1.950099
9312	-530.411	-561.5269	31.11592	0.5107803	1.539797	1.525866
9318	-529.5787	-561.3867	31.80803	0.1242319	1.464721	1.748769
9324	-525.4323	-557.5892	32.15683	0.1242319	1.534917	1.443268
9330	-527.6901	-559.6615	31.97131	0.1215108	1.696139	1.469791
9336	-529.8248	-560.9904	31.16561	0.238842	1.501718	1.913321
9342	-525.886	-556.9766	31.09062	0.4949811	1.828434	1.343609
9348	-533.7176	-563.6815	29.96397	0.6157131	1.077531	2.499911
9354	-531.7219	-558.5698	26.84785	0.4201298	0.7580426	4.691245
9360	-532.9287	-562.768	29.83939	0.4090484	1.286573	2.657468
9366	-528.8536	-558.0899	29.23632	0.194404	1.093951	3.438361
9372	-532.3196	-561.5858	29.26625	0.291677	0.8289376	3.423681
9378	-528.3357	-557.7065	29.37071	0.1167458	1.046072	3.544649
9384	-528.7317	-556.8174	28.08577	0.1249039	0.3600937	4.649886
9390	-534.9478	-563.3365	28.38864	0.07695098	0.2603732	4.649886
9396	-527.1413	-554.8383	27.69702	0.2294374	0.4107709	4.649886
9402	-523.9723	-553.5108	29.53856	0.2766526	1.133925	3.104175
9408	-524.1458	-555.0536	30.90781	0.4294733	1.405342	1.868754
9414	-521.4301	-552.2963	30.86618	0.3169963	1.660409	1.878672
9420	-523.7831	-555.2496	31.46656	0.6161356	1.88707	0.7237833
9426	-523.4377	-554.7976	31.35991	0.5097213	2.213593	0.6066601
9432	-521.3264	-552.8471	31.52072	0.3407853	2.386809	0.5152927
9438	-529.4187	-560.8672	31.44849	0.2869739	2.269592	1.004961
9444	-531.285	-563.2326	31.94758	0.1482025	2.38641	0.3117497
9450	-520.3006	-551.4322	31.13159	0.3533264	2.527368	0.2361431
9456	-522.3223	-554.1192	31.79694	0.1366505	2.527368	0.2753985
9462	-524.5254	-555.995	31.46959	0.2300696	2.502748	0.244932
9468	-526.1568	-557.2958	31.13902	0.4649149	2.502748	0.3923646
9474	-531.8804	-562.5004	30.62	0.7597917	0.984334	2.015698
9480	-521.2301	-550.462	29.23189	0.3697176	1.522165	2.931022
9486	-524.9558	-554.0812	29.12546	0.3697176	1.38048	3.079844
9492	-518.8822	-549.1714	30.28922	0.4515576	1.085543	2.454303
9498	-525.3753	-555.9888	30.61347	0.6225533	1.445023	1.8308
9504	-536.7978	-567.4318	30.63403	0.4672619	3.013339	0.5993968
9510	-534.1666	-564.9047	30.73808	0.3906046	2.869448	0.8843026
9516	-529.4895	-560.9319	31.44241	0.3891166	2.185065	0.8644097
9522	-532.1896	-561.6437	29.45417	0.6667333	2.120187	2.114352
9528	-534.5644	-561.5326	26.96825	0.6667333	1.103318	4.210119
9534	-520.5804	-551.4111	30.83069	0.4796867	1.363826	1.889129
9540	-518.9169	-549.7563	30.83942	0.5363751	1.262347	1.889129
9546	-519.8178	-550.4184	30.60063	0.3059064	1.319136	2.294721
9552	-523.0738	-552.1822	29.10833	0.5534224	0.9664801	3.144035
9558	-524.8962	-553.3275	28.43132	0.192646	0.9703157	3.978285
9564	-531.0593	-562.0455	30.98618	0.2148371	1.445109	2.114672
9570	-526.4221	-554.3706	27.94843	0.4540006	0.7239272	4.054315
9576	-528.1383	-558.3503	30.21201	0.3084509	1.351925	2.515682
9582	-525.2458	-556.0922	30.8464	0.2352766	1.728125	1.982228
9588	-523.9879	-552.2336	28.24576	0.2756392	1.240533	3.799585
9594	-529.7794	-559.0592	29.27982	0.2383231	0.7513751	3.539687
9600	-520.4249	-551.6051	31.18021	0.2860267	1.114156	2.082187
9606	-522.6652	-553.9362	31.27099	0.1996284	1.747038	1.748486
9612	-530.1791	-560.5327	30.35356	0.5203432	1.511209	2.064848
9618	-527.6387	-558.2307	30.59195	0.546639	1.553778	1.848161
9624	-525.8689	-557.3595	31.4906	0.546639	1.710352	1.026566
9630	-526.7484	-558.2964	31.54801	0.4015361	2.227772	0.4360557
9636	-529.6984	-560.7423	31.04389	0.4002796	1.632647	1.65325
9642	-523.0399	-554.0006	30.96063	0.4827456	1.765821	1.507843
9648	-523.7702	-554.8159	31.04576	0.5109783	1.219197	1.805121
9654	-533.2364	-562.4255	29.1891	0.6194768	1.248114	2.868062
9660	-533.368	-564.884	31.51597	0.3538171	1.3479	1.585183
9666	-533.9229	-565.712	31.78906	0.2507304	1.659928	1.321846
9672	-531.0257	-560.9982	29.97249	0.2531059	0.8184488	3.068932
9678	-529.4066	-560.3088	30.90212	0.1641216	1.257296	2.390186
9684	-526.6241	-559.2141	32.59	0.0968398	1.750174	0.9825045
9690	-522.7874	-553.1164	30.32906	0.1772099	1.623222	2.493514
9696	-523.662	-555.2689	31.60687	0.2867739	1.295171	1.665942
9702	-520.6791	-549.1864	28.5073	0.2587062	1.250783	3.667196
9708	-525.7337	-555.162	29.42825	0.2959329	1.101665	3.161452
9714	-519.9866	-551.5963	31.6097	0.1489452	1.346247	1.904299
9720	-524.7127	-551.7719	27.05918	0.4047672	0.9571684	4.477161
9726	-525.179	-553.2211	28.04215	0.2797663	0.6268886	4.260394
9732	-529.4388	-559.2506	29.8118	0.3961094	1.157679	2.768609
9738	-530.3027	-559.4297	29.12696	0.2585388	0.8437843	3.543989
9744	-530.8203	-560.5409	29.72058	0.1574107	0.786042	3.404831
9750	-530.3554	-558.0629	27.70747	0.1616878	0.5216789	4.697195
9756	-530.8929	-558.8833	27.99046	0.3055912	0.4119345	4.376598
9762	-532.6502	-560.3389	27.68867	0.4631848	0.3994835	4.376598
9768	-529.4813	-557.5855	28.10418	0.2739531	0.3640321	4.382011
9774	-536.4596	-564.3421	27.88248	0.2739531	0.3986399	4.487444
9780	-529.4496	-556.7936	27.34402	0.2466642	0.1447497	4.969425
9786	-529.9078	-556.9996	27.09182	0.2301469	0.06411557	5.17869
9792	-528.2783	-556.0001	27.72185	0.3736847	0.06863051	4.638291
9798	-531.7172	-559.592	27.8748	0.3196193	0.03045536	4.638291
9804	-529.3528	-557.1115	27.75872	0.3809695	0.01716039	4.638291
9810	-532.6335	-559.08	26.44642	0.583513	0.4782734	4.92029
9816	-522.8722	-552.6694	29.79717	0.3594164	1.142639	2.831424
9822	-522.9824	-551.8876	28.90519	0.3594164	0.8419696	3.539329
9828	-522.6071	-551.2144	28.60729	0.3540363	0.6660833	3.819973
9834	-529.8747	-556.6869	26.8122	0.3407809	0.5274676	4.928226
9840	-529.9494	-556.4837	26.53432	0.3990423	0.6868849	4.928226
9846	-533.5451	-559.7934	26.24832	0.2125565	0.5009542	5.430526
9852	-530.5027	-559.3855	28.88278	0.1722259	0.7215919	3.899028
9858	-526.7787	-554.2038	27.42509	0.1275239	0.6200435	4.868182
9864	-525.6235	-552.9879	27.36446	0.1977671	0.4437324	4.868182
9870	-528.0073	-555.3396	27.33223	0.1667997	0.4024759	4.96345
9876	-538.2848	-565.5541	27.26936	0.1605234	0.6910625	4.849477
9882	-533.0158	-561.1864	28.17065	0.0896404	0.6910625	4.498096
9888	-528.415	-556.8785	28.46347	0.03183572	0.6752817	4.498096
9894	-527.0562	-556.2863	29.2301	0.2427013	0.8196416	3.522053
9900	-529.6212	-559.093	29.47184	0.1428618	0.584933	3.696316
9906	-535.9871	-564.501	28.51391	0.4795612	0.7150464	3.709386
9912	-526.0364	-555.4988	29.46238	0.2552992	0.4740153	3.56882
9918	-531.994	-560.6285	28.63454	0.2137812	0.7601105	3.946464
9924	-530.1121	-559.2965	29.18432	0.2892296	0.5080476	3.661595
9930	-532.7045	-560.3986	27.69406	0.3232816	0.9944669	4.19199
9936	-528.2904	-558.5676	30.27719	0.339798	1.393538	2.405051
9942	-519.7886	-550.0303	30.24172	0.5334132	1.311915	2.253778
9948	-524.9479	-553.8964	28.94843	0.4348547	0.8022074	3.451925
9954	-530.696	-561.8169	31.12093	0.281183	1.46492	1.895266
9960	-530.9379	-559.9052	28.96733	0.2471222	0.8004482	3.678981
9966	-521.4034	-551.488	30.08462	0.3050874	1.151164	2.723263
9972	-522.9763	-552.0255	29.04917	0.2774363	0.7223053	3.632272
9978	-523.2278	-550.8412	27.61345	0.2065782	0.4260329	4.724473
9984	-522.8035	-551.935	29.13148	0.3898514	1.835532	2.777562
9990	-522.5786	-552.694	30.11542	0.2564816	1.149787	2.777562
9996	-515.6694	-545.1518	29.4824	0.2542207	0.9674367	3.269724
10002	-514.0693	-543.4458	29.37657	0.2782473	1.029227	3.260063
10008	-518.3612	-548.2995	29.93831	0.2816906	1.08187	2.888105
10014	-517.5345	-549.0553	31.52077	0.2494355	1.47988	1.662291
10020	-520.1957	-550.0007	29.80495	0.2494355	1.809804	2.573839
10026	-517.3732	-548.7751	31.40184	0.1742608	1.476443	1.899099
10032	-519.2016	-551.4648	32.26321	0.2486005	1.232913	1.288155
10038	-524.7671	-554.5103	29.74321	0.4258735	1.321706	2.675646
10044	-523.1529	-554.1275	30.97466	0.3100358	1.436976	1.967004
10050	-516.1253	-547.3841	31.25879	0.2341867	1.281962	2.006741
10056	-525.4004	-556.4807	31.0803	0.5621832	1.727742	1.346835
10062	-517.7226	-548.3204	30.59775	0.3547347	1.47245	2.128393
10068	-529.8775	-558.1773	28.29984	0.5374362	1.541208	3.297121
10074	-540.9592	-570.4521	29.49293	0.6115661	1.906824	2.277067
10080	-539.184	-569.3998	30.21581	0.5179336	2.638865	1.364823
10086	-533.5203	-564.2959	30.77557	0.5179336	1.786539	1.586294
10092	-526.4159	-558.1539	31.738	0.356075	1.748439	1.079387
10098	-528.5421	-560.0624	31.52037	0.5374443	1.77641	0.94381
10104	-526.7566	-557.5734	30.81679	0.6859446	2.425737	0.7477015
10110	-536.0102	-566.8466	30.83639	0.6921821	1.733023	1.390288
10116	-545.7241	-577.8307	32.10656	0.2586297	1.937834	0.6859351
10122	-536.6784	-566.0806	29.40225	0.5639134	2.408021	2.055876
10128	-525.9554	-556.7776	30.82224	0.4584854	1.874664	1.560795
10134	-522.8801	-553.9745	31.09439	0.5502219	1.601505	1.448458
10140	-526.6388	-555.8657	29.22689	0.05521231	0.7700996	3.946577
10146	-524.2809	-553.9796	29.6987	0.2085221	0.5790729	3.444497
10152	-519.8773	-549.5625	29.68522	0.09456799	0.9952165	3.444497
10158	-518.6491	-547.8681	29.21893	0.129353	0.9952165	3.634015
10164	-518.3584	-546.9156	28.5572	0.1997795	1.007745	3.872358
10170	-519.7128	-548.8031	29.09026	0.1997795	0.6655077	3.762569
10176	-522.8125	-553.039	30.22652	0.1997795	0.6919613	3.081341
10182	-517.6866	-548.1702	30.48365	0.3626296	1.060565	2.454471
10188	-524.9994	-556.5976	31.5982	0.3642455	1.524496	1.373174
10194	-518.1618	-548.8661	30.70427	0.2137909	1.221638	2.440517
10200	-521.3849	-549.9769	28.59198	0.3281267	0.9978684	3.669399
10206	-528.7784	-555.1031	26.32465	0.3463868	0.9849334	4.938316
10212	-526.5372	-553.7567	27.21949	0.3809581	0.9710269	4.405203
10218	-527.6939	-554.4688	26.77484	0.3809581	0.9638249	4.659154
10224	-526.9094	-554.7679	27.85851	0.1525141	0.5396318	4.620116
10230	-529.0178	-558.9326	29.91474	0.2627926	0.9229551	3.026109
10236	-523.4127	-553.9706	30.55786	0.2935703	1.545144	2.195343
10242	-523.9133	-553.7818	29.86847	0.4403506	1.334148	2.574266
10248	-525.6058	-555.8843	30.27855	0.4403506	1.143477	2.437208
10254	-523.693	-553.2341	29.54112	0.4403506	1.520961	2.661126
10260	-534.7052	-563.4653	28.76002	0.3854592	1.099183	3.443202
10266	-523.2795	-551.8348	28.55534	0.3854592	0.8920577	3.682733
10272	-518.7156	-548.7176	30.002	0.2295803	0.8920577	3.044865
10278	-526.7695	-556.7546	29.98507	0.7224491	1.077965	2.396094
10284	-527.0082	-557.1465	30.1383	0.7224491	1.455734	2.053431
10290	-530.3501	-559.8175	29.46746	0.793343	1.249224	2.558516
10296	-530.9473	-561.1989	30.25153	0.6719753	1.722213	1.842261
10302	-521.3076	-552.1399	30.83225	0.4549939	1.30958	1.953664
10308	-526.4385	-557.4775	31.03897	0.6358089	1.627604	1.373897
10314	-528.0584	-559.5183	31.45992	0.5283472	1.893374	0.8977029
10320	-530.3414	-561.5278	31.1864	0.4329707	1.956216	1.249594
10326	-529.8273	-561.4529	31.62559	0.4299731	1.956216	0.8253773
10332	-537.2987	-568.3744	31.0757	0.5917892	1.832697	1.228576
10338	-534.2738	-566.4156	32.1418	0.2153642	1.679136	1.085804
10344	-531.016	-561.8512	30.83521	0.4381409	1.194632	2.048402
10350	-535.5246	-564.8132	29.28863	0.4274497	1.588602	2.788735
10356	-533.8157	-563.8775	30.06183	0.6362694	2.028608	1.795444
10362	-534.44	-566.0891	31.64907	0.3362482	2.263976	0.4529776
10368	-527.6114	-559.5879	31.97648	0.2322395	2.177588	0.4162623
10374	-540.2175	-571.7889	31.57141	0.4197441	2.177588	0.5254006
10380	-537.3665	-565.0019	27.63545	0.5558319	1.420287	3.738277
10386	-534.0384	-564.7978	30.75933	0.4460548	1.65722	1.776798
10392	-528.1927	-558.3337	30.14096	0.4580646	1.997024	1.952609
10398	-525.7681	-556.6157	30.84751	0.4790233	1.642748	1.684496
10404	-529.6389	-561.165	31.52611	0.3999417	1.832361	1.116201
10410	-530.8812	-561.7426	30.86137	0.6435805	2.038252	1.172883
10416	-523.2917	-554.3828	31.09118	0.4551716	1.702262	1.493359
10422	-520.7273	-553.0944	32.36705	0.2220766	1.759935	0.7129017
10428	-520.1854	-551.4836	31.2982	0.6452789	1.759935	1.025126
10434	-521.2592	-553.2036	31.94446	0.3125617	1.576076	1.134535
10440	-525.3624	-557.3074	31.94502	0.3125617	1.550044	1.15713
10446	-526.3968	-558.3481	31.95139	0.1346226	1.42701	1.646054
10452	-520.1652	-552.1449	31.97969	0.3846395	1.472314	1.057247
10458	-518.4588	-550.1186	31.6598	0.4214998	1.526046	1.231096
10464	-521.4956	-551.9082	30.41257	0.2914856	1.135785	2.550021
10470	-521.794	-553.8619	32.06782	0.2465424	1.76251	0.9942925
10476	-519.7348	-551.6608	31.92598	0.2290804	1.589352	1.315168
10482	-524.8947	-556.6216	31.72695	0.3437301	1.479755	1.340637
10488	-519.5558	-550.8624	31.30659	0.581782	1.479755	1.340637
10494	-524.0133	-554.0733	30.06	0.6202818	1.745007	2.004468
10500	-524.4156	-555.468	31.0524	0.6202818	1.914037	1.142802
10506	-532.6512	-562.8749	30.22368	0.4159635	1.914037	2.003936
10512	-529.8452	-559.67	29.82475	0.647945	1.390841	2.361882
10518	-532.045	-560.2885	28.24353	0.9173322	1.900028	2.824879
10524	-528.6903	-559.2916	30.60123	0.3633136	1.270677	2.24541
10530	-524.7984	-553.851	29.05264	0.5864539	1.251196	2.977381
10536	-520.026	-550.7435	30.71755	0.2908297	1.477836	2.139523
10542	-528.2274	-556.0546	27.82728	0.3544222	0.9068085	4.127986
10548	-531.3151	-561.1396	29.82447	0.2624355	1.056412	3.000762
10554	-528.9607	-559.1613	30.20055	0.3113491	1.470889	2.44421
10560	-528.8026	-557.2339	28.43128	0.7158656	0.9321694	3.429355
10566	-526.5813	-557.2587	30.67733	0.2416419	1.27465	2.375412
10572	-524.1854	-554.5986	30.41323	0.3373314	1.115606	2.497516
10578	-529.8354	-556.9621	27.12667	0.371416	1.011963	4.445251
10584	-531.2644	-560.7441	29.47971	0.2051009	0.8316803	3.430692
10590	-527.0394	-557.9986	30.9592	0.880375	1.905933	0.9269327
10596	-524.9395	-556.6294	31.68989	0.5327634	1.668628	0.883758
10602	-523.4362	-554.7816	31.34537	0.381481	2.471002	0.4409307
10608	-527.8209	-559.2512	31.43035	0.2734271	2.555598	0.7225673
10614	-523.8527	-555.0142	31.16153	0.2577044	1.398031	1.952605
10620	-518.8504	-549.3895	30.53907	0.500973	1.108822	2.226828
10626	-522.7884	-550.9114	28.12302	0.5150406	0.8436359	3.826653
10632	-522.684	-550.7844	28.10032	0.5150406	0.8663371	3.826653
10638	-526.7406	-555.27	28.52941	0.5749123	0.3354278	3.831582
10644	-525.6965	-555.9505	30.25404	0.5708684	1.084116	2.354482
10650	-520.7878	-551.4942	30.70642	0.304102	1.102123	2.368164
10656	-529.8089	-560.3518	30.5429	0.304102	1.209761	2.403515
10662	-529.7185	-561.5808	31.86228	0.3244283	1.514026	1.2363
10668	-523.4088	-554.8916	31.4828	0.3221463	1.572042	1.494347
10674	-517.1678	-549.4453	32.27748	0.143062	1.572042	1.262429
10680	-516.3996	-546.1673	29.76775	0.1856471	1.16442	3.098918
10686	-520.2442	-551.7668	31.52259	0.3372364	1.153508	1.744602
10692	-524.5348	-553.7873	29.25246	0.1912643	1.153508	3.399643
10698	-524.5031	-552.7649	28.2618	0.4517128	1.197656	3.603909
10704	-541.0868	-571.4141	30.3273	0.05785851	1.262118	3.007978
10710	-534.8312	-563.8962	29.06495	0.3467291	1.094933	3.313257
10716	-529.2112	-559.6049	30.39371	0.2016798	1.218685	2.657578
10722	-532.3309	-563.1012	30.77026	0.03035628	1.529577	2.657578
10728	-527.3138	-558.6591	31.34527	0.02925892	1.077465	2.58441
10734	-521.3276	-550.1732	28.84555	0.1364966	0.5708603	4.07709
10740	-527.9533	-556.0253	28.07205	0.3555156	0.7491404	4.07709
10746	-525.036	-555.4386	30.40262	0.3738831	0.7056722	2.710598
10752	-526.1872	-554.9103	28.72315	0.3738831	1.184828	3.428185
10758	-524.9563	-554.7932	29.83691	0.0814071	0.6670404	3.5816
10764	-528.6655	-559.246	30.58049	0.3212938	0.9758713	2.502299
10770	-522.4641	-554.4699	32.0058	0.2728696	1.389231	1.320001
10776	-522.0221	-553.119	31.09692	0.2317102	1.323885	2.090553
10782	-538.0587	-568.6925	30.63384	0.6353775	2.753293	0.5980414
10788	-533.5335	-563.8011	30.26763	0.6097727	2.381966	1.415854
10794	-528.1058	-559.0941	30.98837	0.534007	1.483271	1.633299
10800	-524.8673	-555.5053	30.63797	0.2863497	0.9526317	2.531348
10806	-525.9778	-555.0617	29.08397	0.4840769	1.098648	3.14643
10812	-532.19	-562.2239	30.03386	0.6820734	2.185658	1.660789
10818	-535.8397	-566.3626	30.52287	0.6820734	1.712635	1.649341
10824	-531.8246	-561.6493	29.82471	0.3704617	1.247809	2.736741
10830	-523.5422	-552.7987	29.25644	0.1032204	0.9019838	3.726389
10836	-527.8216	-556.6233	28.80166	0.09866797	0.6292454	4.1541
10842	-529.9138	-556.8332	26.91944	0.1894372	0.6872196	4.994435
10848	-528.1932	-558.4179	30.22469	0.1218926	1.573538	2.709478
10854	-528.3042	-558.8802	30.57591	0.4454902	1.431957	2.054175
10860	-531.4631	-561.6714	30.20828	0.4897434	1.55501	2.164215
10866	-532.6187	-561.7175	29.09886	0.6648306	1.366447	2.812894
10872	-530.9638	-561.3965	30.43267	0.4684008	1.553454	2.041886
10878	-529.8685	-559.6498	29.78129	0.6814928	1.500995	2.290543
10884	-523.2032	-551.1362	27.93301	0.2907352	1.107741	4.034046
10890	-523.4033	-553.4771	30.07378	0.6281527	1.254634	2.307617
10896	-522.004	-551.9485	29.94455	0.3863287	1.139932	2.709974
10902	-528.7626	-557.7838	29.02119	0.7935488	1.040804	2.958343
10908	-528.7144	-558.2285	29.51406	0.2131589	0.9775735	3.311098
10914	-522.5999	-553.4014	30.80145	0.2833429	1.095467	2.343196
10920	-518.2755	-547.9381	29.66261	0.2342994	0.9680987	3.19399
10926	-521.9768	-551.343	29.3662	0.2609082	1.194512	3.19399
10932	-522.6443	-553.4505	30.80623	0.4182457	1.08788	2.161431
10938	-520.6918	-550.2176	29.52579	0.4432987	1.403918	2.739097
10944	-525.3434	-555.6338	30.29037	0.3346211	1.521967	2.322335
10950	-520.8885	-550.1902	29.30171	0.3904089	0.8889806	3.242571
10956	-520.4728	-551.162	30.68921	0.2350129	1.342727	2.335984
10962	-525.1412	-555.197	30.05578	0.4359139	0.9054746	2.727961
10968	-526.8495	-555.3544	28.50486	0.4359139	0.6848153	3.776356
10974	-525.3668	-554.0589	28.69207	0.3554872	0.6540236	3.776356
10980	-536.9349	-563.1952	26.26033	0.4920943	1.105299	4.754605
10986	-534.7457	-564.8839	30.13816	0.4920943	1.250996	2.401288
10992	-525.9076	-556.9524	31.04483	0.2892452	1.595532	1.844819
10998	-521.9994	-552.6651	30.66564	0.4094941	1.813249	1.780277
11004	-530.0804	-559.7803	29.69988	0.531853	1.538044	2.455784
11010	-524.8898	-556.5389	31.64913	0.322697	1.70318	1.259528
11016	-527.8327	-558.4977	30.6651	0.3385727	2.982759	0.9570888
11022	-525.4139	-555.8772	30.46328	0.5311196	1.976217	1.659665
11028	-523.2379	-553.6935	30.45565	0.3393832	1.253397	2.381394
11034	-523.5466	-554.426	30.87944	0.2451892	1.150983	2.319588
11040	-526.5752	-556.917	30.34178	0.256801	1.096071	2.671327
11046	-528.0359	-556.0185	27.98253	0.3831177	0.9062444	4.006492
11052	-529.0894	-557.2077	28.11836	0.3831177	0.6553155	4.072171
11058	-528.198	-559.0631	30.86505	0.1255064	1.159849	2.560989
11064	-524.9524	-554.8193	29.86691	0.5224115	1.077448	2.647718
11070	-525.2566	-554.6789	29.42235	0.7100426	1.409471	2.550953
11076	-526.6525	-558.689	32.03658	0.2280862	1.720268	1.11178
11082	-528.6303	-559.5488	30.91843	0.3651155	1.78237	1.685786
11088	-520.6241	-551.9376	31.31349	0.5094827	1.887883	1.082412
11094	-523.9888	-554.9492	30.96047	0.5094827	2.050061	1.24968
11100	-531.977	-560.6867	28.70973	0.299103	1.134252	3.560082
11106	-522.6063	-552.8326	30.22628	0.4493432	1.186248	2.433039
11112	-525.5163	-554.8036	29.28731	0.5127439	1.37919	2.82725
11118	-531.7901	-561.491	29.70085	0.3856002	1.192882	2.82725
11124	-531.5562	-560.7516	29.19541	0.3856002	1.537451	2.924614
11130	-533.8862	-564.0573	30.17113	0.2775623	1.361173	2.58083
11136	-535.9095	-565.5677	29.65819	0.4961602	1.746223	2.387358
11142	-532.378	-564.2369	31.85892	0.3309891	1.746223	1.017063
11148	-543.1098	-571.9723	28.86248	0.5701163	1.765832	2.795885
11154	-529.0745	-558.8506	29.77609	0.4161047	0.9635182	2.885078
11160	-530.3889	-560.6505	30.26155	0.314207	1.339777	2.484125
11166	-533.4382	-564.437	30.99887	0.3201971	1.616478	1.812886
11172	-528.7544	-558.1863	29.43194	0.3061276	1.19993	3.086648
11178	-529.2944	-559.5458	30.25144	0.4064587	1.616205	2.193048
11184	-529.5753	-559.4819	29.90663	0.3043948	1.352151	2.710149
11190	-529.0337	-557.9743	28.94064	0.3048928	1.539528	3.178598
11196	-530.7468	-561.7772	31.03037	0.2844547	1.800268	1.720562
11202	-526.009	-558.0531	32.04406	0.2304475	2.093564	0.6489888
11208	-527.1933	-558.6774	31.48408	0.3897009	2.281906	0.6586672
11214	-519.3683	-551.4251	32.05685	0.3317894	1.812126	0.6910096
11220	-526.8107	-557.8815	31.07075	0.6171604	1.578729	1.407762
11226	-520.3009	-551.632	31.33112	0.4173435	1.848053	1.243204
11232	-529.79	-561.0664	31.27636	0.437224	1.848053	1.258293
11238	-529.4348	-560.3144	30.87966	0.4770157	2.419777	1.040953
11244	-531.9924	-562.5416	30.54917	0.9133616	2.399082	0.7832961
11250	-527.2404	-554.1579	26.91749	0.3623231	1.025076	4.565971
11256	-534.0366	-560.5681	26.53147	0.6645769	0.9124463	4.565971
11262	-531.8085	-561.001	29.19256	0.6645769	1.467754	2.693964
11268	-528.8592	-559.407	30.54782	0.4831723	1.887471	1.718427
11274	-526.9336	-555.983	29.04942	0.758244	1.525927	2.67209
11280	-524.0925	-554.8782	30.78567	0.5009505	1.51173	1.794039
11286	-522.1495	-554.1445	31.99501	0.2598235	2.041135	0.6953504
11292	-527.0734	-558.9986	31.92518	0.2401913	2.041135	0.8651983
11298	-522.143	-552.2387	30.09565	0.3498763	1.560422	2.400764
11304	-521.1926	-551.9733	30.78073	0.4311948	1.477607	1.903904
11310	-521.1939	-552.742	31.54818	0.2621027	1.368957	1.698498
11316	-528.2962	-559.4541	31.15789	0.3080792	1.648462	1.698498
11322	-526.493	-558.1676	31.67457	0.2549644	2.433786	0.5245074
11328	-527.0455	-558.4993	31.45375	0.4174739	2.299569	0.4761492
11334	-521.734	-553.384	31.64998	0.4792915	1.842132	0.8285987
11340	-537.202	-565.4989	28.2969	0.4792915	1.13691	3.590968
11346	-526.7213	-556.3484	29.62713	0.8068773	1.376323	2.368577
11352	-528.0133	-556.964	28.95073	0.8631069	1.417899	2.723676
11358	-529.5979	-559.0815	29.48363	0.5154606	1.348292	2.723676
11364	-525.5322	-556.2874	30.75521	0.5154606	1.559136	1.765764
11370	-524.897	-556.4336	31.53663	0.417555	1.559136	1.311411
11376	-523.7274	-555.5852	31.85785	0.3428058	1.751156	0.9877251
11382	-529.8394	-560.2632	30.42376	0.5640929	1.22892	2.15901
11388	-530.9803	-560.3414	29.36109	0.6718513	1.314163	2.678768
11394	-526.8321	-555.9813	29.14916	0.7153874	1.404673	2.718286
11400	-526.4521	-557.8	31.34784	0.3565649	1.625782	1.499732
11406	-528.872	-559.9849	31.11285	0.624182	2.149715	0.8351834
11412	-535.6948	-566.709	31.01419	0.3248572	2.275133	1.307197
11418	-533.4813	-563.9266	30.44532	0.3248572	3.226818	0.9629949
11424	-527.05	-557.6284	30.57842	0.742672	2.680044	0.5479202
11430	-529.7931	-559.7787	29.98557	0.742672	1.962014	1.797321
11436	-531.3046	-559.8222	28.51766	0.6652426	0.8317157	3.476486
11442	-528.2296	-559.0885	30.85894	0.7087049	1.859285	1.253249
11448	-526.7592	-557.4513	30.69211	0.7087049	2.12134	1.172218
11454	-527.1061	-558.3117	31.20567	0.578918	1.967576	1.005478
11460	-531.1623	-560.2279	29.06561	0.9914108	1.494508	2.5214
11466	-535.6929	-564.8231	29.13019	0.6838402	1.637079	2.612193
11472	-527.6493	-558.4666	30.81729	0.5986712	1.558067	1.632056
11478	-533.0731	-561.7135	28.64038	0.6548971	0.8168134	3.421649
11484	-542.8349	-573.1515	30.31656	0.6221514	0.9891896	2.327474
11490	-530.3482	-558.8306	28.48236	0.4507792	1.05027	3.56235
11496	-535.391	-564.0033	28.6123	0.5704047	0.7249216	3.56235
11502	-524.9911	-553.6632	28.67207	0.5256855	0.7894298	3.530382
11508	-528.9846	-555.7093	26.72466	0.3805108	0.3292056	5.041427
11514	-528.1854	-557.9902	29.80479	0.3805108	0.5103889	3.180431
11520	-528.1467	-558.5847	30.43801	0.3753047	1.057888	2.468603
11526	-537.3185	-564.6326	27.31413	0.4577659	0.8892097	4.31688
11532	-525.0073	-554.5506	29.54324	0.2853286	1.054809	3.135944
11538	-525.5089	-554.2075	28.69862	0.3752284	0.8894017	3.613075
11544	-529.6384	-558.979	29.34052	0.7411634	2.051409	2.170398
11550	-529.6893	-560.3315	30.6422	0.5019984	2.133301	1.446442
11556	-524.752	-554.5589	29.80689	0.8765312	1.365806	2.209611
11562	-525.8036	-556.1902	30.3866	0.6379904	1.802567	1.724813
11568	-536.2415	-565.8005	29.55898	1.036676	1.600697	2.110209
11574	-516.3235	-546.7047	30.38118	0.3824624	1.347111	2.312615
11580	-519.1662	-550.6931	31.52692	0.5670816	1.503313	1.155338
11586	-520.9341	-552.0559	31.12184	0.6091614	1.860506	1.142789
11592	-527.8584	-557.1082	29.24976	0.6091614	0.9310638	3.031314
11598	-531.6426	-561.7586	30.116	0.7586046	0.8799778	2.409922
11604	-528.4096	-556.2717	27.86212	0.3274783	0.8468102	4.175132
11610	-527.1747	-554.9817	27.80699	0.6790248	0.9944874	3.783515
11616	-526.0156	-555.0645	29.04881	0.4559558	0.9145503	3.304899
11622	-526.1317	-555.1168	28.9851	0.3743006	1.131987	3.304899
11628	-530.8053	-560.0675	29.26212	0.4633797	2.475335	2.210178
11634	-525.8793	-556.2194	30.34004	0.3287122	1.406501	2.372332
11640	-535.1823	-565.552	30.36969	0.4737085	2.190327	1.641113
11646	-536.8988	-567.3057	30.40694	0.6055838	2.420265	1.279391
11652	-533.7366	-564.7277	30.99111	0.5894096	1.523792	1.540055
11658	-537.006	-567.1314	30.12535	0.5736859	2.472444	1.495676
11664	-536.0131	-567.0319	31.01876	0.6164894	1.91987	1.172035
11670	-537.932	-567.6835	29.75141	0.5154801	1.529823	2.445042
11676	-526.4057	-556.4335	30.02782	0.5154801	1.253413	2.445042
11682	-523.026	-553.2786	30.25259	0.4659828	1.253413	2.355473
11688	-521.3373	-550.8921	29.55477	0.2626856	0.6601315	3.395183
11694	-525.4309	-551.9136	26.48261	0.4854986	0.7308135	4.845741
11700	-529.2361	-558.0231	28.78705	0.3438925	0.8273231	3.63542
11706	-525.0481	-554.0266	28.9785	0.3438925	0.6358814	3.63542
11712	-532.7808	-560.7287	27.94787	0.2166129	0.5977241	4.42406
11718	-526.8139	-554.26	27.44612	0.3273811	0.615044	4.541137
11724	-525.3269	-555.3421	30.0152	0.4652874	0.9677785	2.682613
11730	-526.4029	-555.5114	29.10854	0.5525456	1.018611	3.113689
11736	-526.2944	-553.7133	27.41896	0.6820274	0.9578903	4.024741
11742	-524.3282	-554.8105	30.48234	0.3913495	1.352478	2.233098
11748	-523.032	-554.2195	31.18748	0.2391447	1.419192	1.953682
11754	-520.9387	-551.8907	30.95202	0.1831093	1.121335	2.405692
11760	-522.6388	-552.2942	29.65537	0.3517814	1.277249	2.845449
11766	-522.5256	-553.7911	31.2655	0.4039262	1.401535	1.655037
11772	-520.6204	-551.7684	31.14798	0.3569247	1.381555	1.817483
11778	-521.1665	-549.9427	28.77617	0.3145215	1.182865	3.472376
11784	-523.2675	-553.9361	30.66854	0.4222444	1.436178	2.018088
11790	-524.1715	-554.8024	30.63087	0.353283	1.974741	1.77001
11796	-520.9175	-552.5803	31.66278	0.353283	1.349132	1.476052
11802	-521.0068	-551.7514	30.74451	0.3213995	1.616008	1.984076
11808	-524.6283	-555.6477	31.01937	0.5032284	2.565582	0.6043514
11814	-525.1863	-556.2084	31.02209	0.5032284	2.444275	0.2813301
11820	-519.5865	-550.602	31.01554	0.5662061	2.444275	0.3647657
11826	-519.0177	-550.7395	31.72177	0.2237798	2.444493	0.3926082
11832	-522.6143	-554.3396	31.72529	0.2823515	2.28695	0.3894019
11838	-519.4361	-551.075	31.63888	0.2813985	2.369822	0.3796655
11844	-526.6989	-558.4457	31.74684	0.2366364	2.369822	0.3697751
11850	-528.1729	-558.9925	30.81959	0.7015732	2.467435	0.3907329
11856	-526.2348	-557.378	31.14318	0.3696757	2.327786	1.067676
11862	-523.8757	-553.0436	29.16794	0.3696757	1.056222	3.247241
11868	-524.3608	-554.5604	30.19961	0.5168837	1.109445	2.426115
11874	-525.728	-556.5898	30.86176	0.3882181	2.182106	1.397177
11880	-523.9855	-555.1307	31.14517	0.3882181	1.473729	1.710966
11886	-525.0996	-556.2987	31.19912	0.2925337	1.935767	1.485253
11892	-523.5229	-554.1815	30.65861	0.776643	1.73429	1.444605
11898	-525.9359	-556.331	30.39507	0.776643	1.899085	1.51913
11904	-523.4876	-554.1321	30.64454	0.4635438	2.137548	1.490862
11910	-532.8885	-563.9348	31.04637	0.4174747	2.042617	1.317004
11916	-529.3847	-560.9339	31.54916	0.5103171	2.042617	0.5192391
11922	-525.7991	-556.9003	31.10118	0.5103171	1.710815	1.407858
11928	-527.7489	-559.1616	31.41272	0.1635737	1.231757	2.078776
11934	-528.6429	-559.407	30.7641	0.7967054	1.290971	1.675746
11940	-529.2737	-556.7052	27.43152	0.7834631	0.8460075	4.008479
11946	-535.3739	-564.4006	29.02668	0.63917	0.8809582	3.168886
11952	-527.1417	-555.4229	28.28125	0.6996952	0.7812679	3.616874
11958	-523.5955	-552.2695	28.67402	0.4016125	0.8555765	3.616874
11964	-521.4473	-552.2582	30.81093	0.2712411	1.155921	2.317551
11970	-521.9665	-553.2768	31.31028	0.3709645	1.791156	1.379108
11976	-523.1825	-554.6151	31.43263	0.5624191	1.973612	0.7642363
11982	-522.4377	-554.1587	31.72094	0.4474147	1.896619	0.7310077
11988	-524.1524	-556.2632	32.11084	0.2576501	1.820146	0.852715
11994	-525.2187	-555.9625	30.74387	0.2984147	1.524003	2.080305
12000	-533.9604	-564.9785	31.01816	0.6880382	2.297291	0.5989384
12006	-530.6432	-561.5125	30.86936	0.3796507	1.709516	1.751038
12012	-535.3268	-563.8005	28.4737	0.5996627	0.824316	3.559959
12018	-533.7766	-562.147	28.37042	0.5647904	0.9043689	3.603566
12024	-540.8236	-569.4055	28.58191	0.4505122	0.6002467	3.765563
12030	-545.6304	-570.875	25.2446	0.3546194	0.5799165	5.748104
12036	-534.6631	-559.9555	25.29245	0.3390779	0.5650202	5.748104
12042	-530.8222	-560.0005	29.17825	0.5011571	0.9682842	3.150913
12048	-530.5541	-559.8267	29.27264	0.4045493	1.045319	3.150913
12054	-529.6713	-561.4184	31.74704	0.3238207	1.392441	1.427171
12060	-531.9434	-562.7848	30.84139	0.2336356	2.082971	1.74613
12066	-529.6258	-560.7319	31.10607	0.5535408	1.582101	1.450441
12072	-522.8681	-553.7052	30.83716	0.5189684	1.408043	1.809829
12078	-528.5674	-557.063	28.49558	0.265539	1.02122	3.796487
12084	-525.4975	-556.6241	31.12656	0.3967523	1.285146	1.843548
12090	-531.3939	-561.3121	29.91811	0.8882235	1.285146	2.181518
12096	-525.9342	-557.7093	31.77506	0.4535307	1.733049	0.863697
12102	-527.7243	-559.3873	31.66301	0.2781789	1.522712	1.47294
12108	-526.6187	-557.1103	30.49159	0.2339683	1.03177	2.655862
12114	-524.1946	-556.0006	31.80607	0.1321479	1.582745	1.645184
12120	-528.7824	-559.9751	31.19269	0.3691466	1.880326	1.404169
12126	-523.4229	-554.6098	31.1869	0.3292038	2.054756	1.337818
12132	-525.4564	-556.2685	30.81216	0.4184859	2.799585	0.8142688
12138	-527.8226	-558.4953	30.67268	0.4182551	2.799585	0.2124608
12144	-523.4779	-555.0476	31.5697	0.4689601	2.041832	0.6759153
12150	-531.6894	-561.0574	29.36798	0.5881011	1.919915	2.370074
12156	-524.7808	-554.9637	30.18287	0.3766695	1.544122	2.320819
12162	-527.3848	-556.2243	28.83955	0.1786922	1.133749	3.674498
12168	-525.6894	-554.5912	28.90173	0.2537273	0.9794134	3.603279
12174	-523.0375	-552.4974	29.45997	0.3283046	0.7867322	3.285529
12180	-525.4677	-555.8088	30.34113	0.5640672	1.511385	2.027751
12186	-524.181	-555.2782	31.09715	0.1799593	1.467015	2.096474
12192	-523.9144	-554.8014	30.887	0.1528567	1.170287	2.478582
12198	-530.0523	-560.6844	30.63217	0.3619813	1.888483	1.816388
12204	-524.8268	-555.5419	30.71503	0.4504251	2.659873	0.1989388
12210	-522.5691	-553.1106	30.54155	0.6351516	2.707687	0.2705549
12216	-522.5219	-553.6538	31.1319	0.3724694	2.631683	0.327196
12222	-527.2936	-558.5039	31.21031	0.5009811	2.396853	0.5182521
12228	-539.3147	-570.1289	30.81423	1.013856	2.143148	0.4508089
12234	-525.3705	-556.3248	30.95431	0.3483515	2.081956	1.46547
12240	-520.7396	-551.7582	31.01862	0.4285681	1.334544	1.842512
12246	-524.5216	-554.7211	30.19954	0.3223247	1.334544	2.514776
12252	-529.795	-559.706	29.91097	0.1811433	0.8476134	3.210468
12258	-529.7331	-560.5714	30.83827	0.2619156	1.849878	1.858147
12264	-526.7173	-558.6492	31.93195	0.215332	2.072663	0.9003793
12270	-526.6329	-557.7099	31.07708	0.3514235	1.424645	1.844521
12276	-529.4815	-561.1171	31.63555	0.4431351	1.487949	1.250182
12282	-526.118	-555.8672	29.7492	0.6650454	1.385164	2.398547
12288	-526.0826	-556.528	30.44543	0.6486656	1.954725	1.562532
12294	-531.0147	-560.7687	29.75398	1.061472	1.743258	1.868696
12300	-529.3401	-560.1099	30.76974	0.408473	1.594452	1.860684
12306	-523.2105	-554.9576	31.74705	0.2709319	1.438711	1.486408
12312	-521.9675	-553.7209	31.75335	0.2344168	1.493201	1.51198
12318	-519.1843	-549.1756	29.99124	0.3671638	0.9397934	2.827079
12324	-524.5245	-554.6722	30.14774	0.3356819	1.023986	2.72064
12330	-533.9049	-561.4263	27.52145	0.7111996	1.895011	3.401811
12336	-526.0101	-553.8707	27.86062	0.5705143	1.378988	3.618959
12342	-527.7436	-558.3361	30.59243	0.5288688	1.388482	1.978638
12348	-533.2363	-561.9734	28.73716	0.54348	1.246745	3.207126
12354	-527.3334	-554.3543	27.02092	0.5150373	0.7621217	4.499441
12360	-524.7947	-552.035	27.24027	0.5150373	0.7060119	4.407499
12366	-522.9547	-553.5381	30.58341	0.5150373	1.221318	2.109957
12372	-531.8803	-562.3257	30.44543	0.5697343	2.124206	1.521181
12378	-525.7673	-555.7943	30.02702	0.6290218	1.837925	1.956117
12384	-523.5258	-554.0423	30.51643	0.7308882	1.701019	1.616869
12390	-529.5069	-560.4916	30.98466	0.5939437	2.237469	0.9319873
12396	-531.5903	-561.5136	29.92329	0.7948519	3.210034	0.7043503
12402	-528.6552	-559.8341	31.17893	0.6259212	1.607266	1.289204
12408	-532.9365	-562.368	29.43153	0.390149	1.334224	2.899356
12414	-533.8979	-564.0848	30.18688	0.3791019	1.450714	2.374523
12420	-535.3361	-564.8999	29.56382	0.6196982	1.873469	2.245517
12426	-537.0793	-568.0375	30.95816	0.7187988	2.328849	0.5561958
12432	-531.9751	-562.7149	30.73981	0.4942954	2.550935	0.1961072
12438	-546.0078	-576.1328	30.125	1.042525	2.583067	0.2343838
12444	-535.4254	-565.9579	30.53244	0.5567462	2.766338	0.2370958
12450	-529.4034	-560.8187	31.41529	0.4842102	2.17987	0.6564694
12456	-527.4493	-558.9823	31.53294	0.3675826	2.252927	0.3395544
12462	-527.338	-558.5604	31.22239	0.4081555	2.463974	0.3205167
12468	-522.2552	-554.0382	31.783	0.358355	2.083583	0.548087
12474	-527.7427	-558.9173	31.17459	0.5161757	2.083583	1.017805
12480	-524.3931	-555.1008	30.70764	0.4162127	1.791519	1.757316
12486	-530.5134	-559.4777	28.96432	0.4565258	1.397401	3.068033
12492	-536.0181	-567.8812	31.86309	0.2332149	1.904915	1.088651
12498	-523.9341	-554.9658	31.03175	0.1727818	1.422824	2.183013
12504	-521.0007	-552.0975	31.09683	0.5236514	1.335958	1.672954
12510	-529.6798	-561.6979	32.01808	0.2833184	1.753568	0.9593485
12516	-529.364	-560.8504	31.48636	0.4436847	1.609433	1.272316
12522	-527.0729	-555.8103	28.73736	0.4010577	1.15884	3.403735
12528	-530.1383	-559.9731	29.83484	0.7047071	1.291127	2.370682
12534	-524.2164	-555.0497	30.83335	0.332181	1.298436	2.119588
12540	-525.1425	-556.0085	30.86599	0.7290903	1.375992	1.600717
12546	-534.009	-564.0073	29.99825	0.5399693	1.372086	2.364182
12552	-525.6837	-555.0776	29.39384	0.3584217	0.9034996	3.21762
12558	-526.3283	-555.7757	29.44742	0.4620752	1.504571	2.705079
12564	-533.364	-563.6968	30.33288	0.3400929	1.737578	2.148459
12570	-531.6118	-562.8141	31.20226	0.8273135	1.501426	1.141706
12576	-524.685	-556.4668	31.78183	0.3046477	2.156098	0.6760077
12582	-520.1939	-552.0175	31.82358	0.3654604	1.985079	0.6705745
12588	-517.8475	-549.9298	32.08232	0.2948886	1.853101	0.7205207
12594	-520.1575	-551.3485	31.191	0.4211364	1.562123	1.569085
12600	-523.3457	-554.7843	31.43853	0.2270514	1.237384	1.92927
12606	-526.3819	-557.8028	31.42094	0.1274125	1.252985	2.143962
12612	-526.8492	-557.9839	31.13464	0.1274125	1.033169	2.467243
12618	-528.6985	-557.5579	28.85944	0.2555386	0.7302381	3.769178
12624	-531.4364	-560.9436	29.50722	0.2302616	1.356792	3.061708
12630	-527.1789	-558.6031	31.42419	0.2123681	1.319798	1.911317
12636	-522.6181	-554.2099	31.59182	0.393333	1.239301	1.550658
12642	-522.6105	-554.7606	32.15015	0.3900133	1.514013	0.8169576
12648	-522.1835	-553.3049	31.12137	0.7572381	1.8072	1.009288
12654	-524.1542	-555.1007	30.94651	0.5824597	1.232424	1.787745
12660	-524.4377	-553.1555	28.71777	0.5260732	1.039241	3.357161
12666	-525.0154	-554.9761	29.96067	0.5260732	1.292474	2.451998
12672	-526.9863	-556.763	29.77664	0.6801501	1.505437	2.291813
12678	-525.911	-556.4152	30.50427	0.5569948	1.418525	1.988143
12684	-527.333	-557.1355	29.8025	0.8357547	1.961909	1.847025
12690	-527.0706	-556.796	29.72536	0.8458565	2.027556	1.847025
12696	-523.5576	-554.9441	31.38653	0.4260799	2.31937	0.3829749
12702	-525.5493	-555.401	29.85173	0.7627616	2.971928	0.1711604
12708	-529.5063	-559.7655	30.25927	0.6432012	2.90605	0.233698
12714	-534.0533	-564.8924	30.83907	0.5576967	2.609599	0.3365163
12720	-529.1069	-560.3876	31.28068	0.5576967	2.197314	0.3720729
12726	-525.0219	-556.7752	31.75334	0.4240774	1.95404	0.6437873
12732	-521.1399	-548.6125	27.4726	0.6541366	0.9217694	4.036171
12738	-527.743	-554.6854	26.94241	0.8515147	0.7683973	4.285741
12744	-518.4531	-550.3244	31.87125	0.3674043	1.755071	0.9153429
12750	-517.9027	-549.1946	31.29193	0.3378628	1.755066	1.474303
12756	-523.0906	-554.7303	31.63967	0.3354895	1.483155	1.420299
12762	-518.8067	-550.7425	31.93573	0.291586	1.536927	1.218515
12768	-524.1751	-555.424	31.24887	0.291586	1.552011	1.729501
12774	-533.944	-560.8772	26.93326	1.052393	0.7577714	4.178511
12780	-532.7469	-561.9644	29.21747	0.5259497	0.9766328	3.098649
12786	-532.6486	-562.2944	29.6458	0.6465481	1.451997	2.4375
12792	-533.7686	-565.4148	31.64617	0.3340627	1.511726	1.395507
12798	-531.2758	-561.2192	29.94335	0.2351335	1.429666	2.74617
12804	-528.0664	-558.9224	30.85601	0.2351335	1.122504	2.369697
12810	-525.1035	-554.5654	29.46199	0.3002763	0.705282	3.369572
12816	-526.4314	-554.9752	28.5438	0.4350732	0.5514073	3.831619
12822	-525.3605	-555.5175	30.15699	0.1164884	1.107546	3.045373
12828	-525.0765	-553.3039	28.22739	0.4688843	0.8434386	3.811143
12834	-535.674	-563.1451	27.47104	0.5680235	0.5216347	4.334514
12840	-532.3245	-558.5426	26.21806	0.4131393	0.6729804	5.096663
12846	-528.3047	-557.1875	28.88275	0.1967095	0.3811991	4.049879
12852	-539.4253	-569.5949	30.16962	0.1927981	1.51691	2.628361
12858	-542.3991	-570.2871	27.88796	0.2385676	1.69969	3.796094
12864	-543.7753	-574.0138	30.23853	0.4340745	1.147597	2.466905
12870	-530.1576	-560.3521	30.19457	0.5931365	1.346022	2.203612
12876	-536.3852	-566.2774	29.89222	0.5931365	1.652684	2.200826
12882	-534.2641	-564.7785	30.51438	0.423645	1.482552	2.08762
12888	-528.5878	-559.0871	30.49924	0.6422674	1.741814	1.683895
12894	-542.9281	-570.7218	27.79364	0.7203579	1.914246	3.223284
12900	-536.4588	-564.1428	27.68396	0.8285935	1.892965	3.223284
12906	-546.3916	-574.2342	27.84263	0.7025301	0.9855059	3.750341
12912	-532.6117	-562.2134	29.60172	0.7025301	1.404815	2.44782
12918	-528.9345	-558.9547	30.02027	0.9538818	2.029491	1.553632
12924	-528.1114	-558.2101	30.09864	0.3535927	1.465586	2.453683
12930	-530.3403	-557.0155	26.67527	0.4525687	1.226484	4.492156
12936	-527.3566	-554.7735	27.41686	0.3186507	0.7508132	4.492156
12942	-526.0764	-556.4726	30.39619	0.3510252	1.578906	2.19531
12948	-527.4164	-557.3816	29.96517	0.3337815	0.8077508	2.96513
12954	-522.4139	-552.1328	29.7189	0.4153626	0.7155348	3.069309
12960	-523.0722	-552.9139	29.84166	0.3076673	0.8157251	3.069309
12966	-525.2658	-554.4136	29.14778	0.3030732	0.7069051	3.548486
12972	-517.1463	-547.5006	30.35429	0.3030732	0.9512843	2.6833
12978	-520.0987	-550.9524	30.85369	0.4086026	1.260712	2.02868
12984	-526.7354	-557.2442	30.50879	0.3299443	1.108052	2.452437
12990	-536.1945	-566.647	30.45249	0.6725507	1.999922	1.499663
12996	-533.4502	-561.4632	28.013	0.5295809	1.058049	3.753091
13002	-528.7856	-558.9795	30.19389	0.5585214	1.412051	2.194862
13008	-529.6401	-558.0128	28.37273	0.7807556	1.364453	3.161613
13014	-527.8383	-557.4564	29.61801	0.7807556	1.439042	2.354248
13020	-527.0679	-556.9356	29.86763	0.4296912	1.652877	2.387331
13026	-521.455	-552.2244	30.76939	0.4296912	1.379953	1.979159
13032	-527.1526	-557.2242	30.07161	0.5267127	1.243935	2.412077
13038	-526.8526	-558.0709	31.21831	0.2830486	1.378099	1.885016
13044	-524.147	-556.2507	32.10365	0.3297359	1.33919	1.169348
13050	-527.8059	-559.9646	32.15872	0.1379298	1.514701	1.417828
13056	-518.7198	-549.4104	30.69068	0.36455	1.33687	2.142974
13062	-516.6871	-547.4997	30.81258	0.4065102	1.133829	2.141791
13068	-519.3638	-549.8786	30.51482	0.4334403	0.8473704	2.482627
13074	-520.9	-551.4353	30.53533	0.3406749	0.9572872	2.51564
13080	-516.869	-546.0745	29.20544	0.3675322	1.064566	3.222706
13086	-518.4295	-548.4895	30.06003	0.5134403	1.048256	2.555208
13092	-521.575	-552.8928	31.31778	0.108957	1.07698	2.370092
13098	-534.472	-561.2721	26.8001	0.4186512	0.6531435	4.778123
13104	-533.754	-561.7251	27.97109	0.1787795	0.8221997	4.34858
13110	-532.3605	-559.9336	27.57316	0.2939139	0.4325837	4.615062
13116	-526.4022	-553.818	27.41583	0.2640652	0.6627906	4.615062
13122	-529.5416	-557.557	28.0154	0.184682	0.6051271	4.435545
13128	-525.5889	-554.066	28.47709	0.3814238	0.898973	3.728587
13134	-527.9359	-555.9471	28.01123	0.4255396	0.6656602	4.081049
13140	-530.4655	-559.0903	28.62479	0.3326152	0.7070135	3.812659
13146	-526.3534	-552.7012	26.34788	0.3803534	0.5891418	5.106406
13152	-525.2988	-556.1365	30.83774	0.3936737	1.759895	1.718437
13158	-518.1103	-549.7163	31.60594	0.2831883	1.88561	1.219549
13164	-528.3891	-557.2692	28.88009	0.2634172	0.8622585	3.669362
13170	-530.6844	-557.3018	26.61748	0.3399467	0.4715374	5.068482
13176	-534.0521	-560.8883	26.8362	0.1927096	0.7031401	5.026246
13182	-525.4068	-554.46	29.05322	0.4097468	1.087762	3.249924
13188	-526.1609	-555.4283	29.26743	0.4515613	1.022871	3.115864
13194	-536.9287	-566.4883	29.55958	0.5509305	1.115794	2.785055
13200	-534.6495	-565.2061	30.55664	0.5498131	1.403045	1.970862
13206	-524.608	-555.0399	30.43197	0.4329407	1.158567	2.339147
13212	-525.2712	-556.183	30.91179	0.2975378	1.069238	2.267932
13218	-525.8553	-557.104	31.2487	0.4647101	1.763301	1.310362
13224	-521.8394	-552.5152	30.67583	0.395401	1.597766	1.939205
13230	-522.9555	-552.6281	29.67256	0.395401	1.167083	2.848429
13236	-530.5874	-560.5787	29.99127	0.3500862	1.268588	2.647576
13242	-526.229	-556.584	30.35499	0.5339201	1.481004	2.069559
13248	-521.7732	-553.1217	31.34857	0.5339201	1.753621	1.136985
13254	-516.3693	-547.8154	31.44612	0.3953084	1.753621	1.261066
13260	-523.9172	-555.037	31.11985	0.7397508	1.549547	1.261066
13266	-532.1885	-564.0262	31.83767	0.2790827	1.724243	1.167574
13272	-519.9913	-551.9753	31.98404	0.2877105	1.722575	1.014567
13278	-521.1332	-552.0904	30.95716	0.3181986	1.469066	1.944802
13284	-527.6231	-556.9531	29.33001	0.3181986	1.400092	3.011504
13290	-526.1899	-554.7857	28.59578	0.4372665	1.434198	3.285331
13296	-519.6669	-550.2652	30.59829	0.2864585	1.478393	2.223301
13302	-535.2013	-565.4082	30.20686	0.3502556	2.079148	1.992094
13308	-532.459	-562.7324	30.27334	0.4556753	2.083309	1.80649
13314	-530.2285	-559.9515	29.72296	0.5615888	1.714617	2.300121
13320	-527.775	-558.7754	31.00046	0.4038555	1.628338	1.682435
13326	-529.4567	-557.9207	28.46399	0.5358869	2.016667	2.917347
13332	-528.1851	-558.6972	30.51212	0.2433641	1.331626	2.440819
13338	-529.0943	-557.9502	28.85599	0.3929285	1.413262	3.19315
13344	-532.1768	-560.9133	28.73649	0.4807924	0.9896511	3.418991
13350	-543.6273	-573.9551	30.32779	0.3832832	2.736419	1.388912
13356	-526.2727	-558.1166	31.84392	0.366817	2.00822	0.5266423
13362	-526.1394	-557.6608	31.5214	0.452077	2.069142	0.7594498
13368	-525.2695	-556.9234	31.65384	0.3446833	2.063255	0.8658143
13374	-527.1963	-556.4207	29.22449	0.5961812	1.683313	2.600604
13380	-529.6965	-561.6905	31.99393	0.2217551	1.777179	1.114858
13386	-533.9129	-564.9365	31.02357	0.835478	1.638147	1.170429
13392	-522.1633	-552.4009	30.23755	0.5642099	1.189672	2.304193
13398	-527.4039	-556.8945	29.49057	1.107527	1.37353	2.258278
13404	-524.6406	-554.7244	30.08378	0.5588649	1.423291	2.258278
13410	-523.364	-554.72	31.35597	0.4059379	1.409992	1.580665
13416	-525.3744	-557.1052	31.73082	0.2767191	1.560821	1.394352
13422	-518.9693	-550.4817	31.51239	0.3154382	1.798176	1.307035
13428	-526.0822	-557.2097	31.12748	0.4598134	1.798176	1.385794
13434	-527.3899	-557.6334	30.24348	0.6467785	1.464698	2.044159
13440	-529.2158	-560.409	31.19327	0.3848405	1.517639	1.650215
13446	-536.7565	-567.7561	30.99963	0.3255597	2.116259	1.442322
13452	-532.1183	-562.3034	30.1851	0.5997376	1.367687	2.189481
13458	-523.3521	-554.6554	31.30328	0.4086615	1.893606	1.242081
13464	-529.1894	-558.3006	29.11122	0.3740599	1.040955	3.284499
13470	-532.715	-562.0236	29.3086	0.4340245	1.009189	3.118276
13476	-528.6071	-559.6081	31.00105	0.4164366	1.346934	1.86149
13482	-528.5552	-559.0057	30.45057	0.7397944	2.565346	0.9418438
13488	-526.7411	-557.3479	30.60681	0.7397944	2.565346	0.7495201
13494	-526.552	-557.002	30.44991	0.7093501	2.730155	0.2898487
13500	-528.6982	-558.811	30.11285	0.8147666	2.777188	0.2105755
13506	-530.4051	-561.3956	30.99046	0.4625459	2.596187	0.3198971
13512	-533.408	-563.9116	30.50364	0.5466745	2.717618	0.2009661
13518	-526.4163	-557.0323	30.61602	0.3768011	2.717618	0.1509284
13524	-526.0606	-557.5313	31.47076	0.3066207	2.355962	0.2694759
13530	-518.7275	-550.0157	31.28824	0.4375491	2.385034	0.365642
13536	-523.1766	-554.7297	31.55309	0.4168996	1.880202	1.01531
13542	-521.8272	-553.6693	31.84217	0.3100143	1.521905	1.273395
13548	-526.0344	-557.2107	31.17634	0.6545414	1.30025	1.499799
13554	-528.9067	-559.7109	30.80413	0.2156456	1.420225	2.247423
13560	-523.996	-554.749	30.75305	0.4464549	1.339416	1.996863
13566	-528.0693	-557.2866	29.21732	0.6540421	1.305116	2.787044
13572	-524.8816	-554.9404	30.05883	0.4727871	1.287638	2.448791
13578	-529.6196	-559.6893	30.06973	0.4727871	1.049015	2.590846
13584	-524.0595	-553.8549	29.79535	0.3785742	1.148919	2.805017
13590	-522.5718	-552.5492	29.9774	0.5503341	1.434262	2.327672
13596	-522.1304	-552.6943	30.56395	0.5903738	1.34972	1.960705
13602	-528.8036	-557.4429	28.63928	0.3483511	1.016578	3.605867
13608	-524.0982	-554.3387	30.24047	0.3372228	1.156657	2.579669
13614	-533.1873	-562.7035	29.51618	0.7646298	1.200996	2.579669
13620	-529.43	-558.5054	29.0755	0.8697459	0.8052034	3.014706
13626	-528.5131	-557.491	28.97791	0.4898573	1.400835	3.023587
13632	-524.7375	-556.4316	31.69407	0.1428779	1.581611	1.697843
13638	-526.786	-558.3117	31.52567	0.2020017	1.616254	1.655752
13644	-521.7323	-551.979	30.24676	0.1061069	1.362434	2.863258
13650	-521.8061	-550.2888	28.48274	0.2817302	1.002539	3.791606
13656	-522.0953	-552.6518	30.55647	0.2817302	1.082259	2.50828
13662	-521.0987	-550.6761	29.57737	0.1470401	0.7885424	3.508171
13668	-523.8408	-552.3281	28.48727	0.4510629	1.137895	3.508171
13674	-524.4619	-551.9625	27.50058	0.4180321	0.7699416	4.319619
13680	-522.696	-549.8222	27.12622	0.3925213	0.4045542	4.762686
13686	-525.6535	-553.1055	27.45203	0.2325212	0.4456678	4.762686
13692	-529.5022	-556.8654	27.36325	0.1764332	0.5169339	4.864992
13698	-530.7712	-557.9165	27.14534	0.2278653	0.989738	4.637029
13704	-524.8481	-553.5512	28.70312	0.3216221	0.6291099	3.826347
13710	-536.8078	-567.6742	30.86635	0.3789334	1.319143	2.019853
13716	-539.2311	-569.1928	29.96164	0.347919	1.539143	2.500907
13722	-528.4164	-560.4002	31.98386	0.07750331	1.696614	1.599197
13728	-533.6103	-564.186	30.57569	0.4858127	1.696614	1.828823
13734	-521.7517	-553.3853	31.63359	0.1715293	1.364552	1.823214
13740	-520.8735	-552.2345	31.36096	0.1153791	1.084822	2.321183
13746	-526.2284	-556.3896	30.16116	0.09541388	0.9590529	3.183351
13752	-522.0161	-551.1368	29.12067	0.1876161	0.6157701	3.795046
13758	-524.6378	-554.6929	30.05518	0.3027413	0.7738309	2.973278
13764	-519.9321	-549.7507	29.81858	0.3576054	0.8391502	3.003908
13770	-520.8228	-551.2591	30.4363	0.1889939	1.132192	2.708176
13776	-522.8137	-553.7767	30.96299	0.2023067	1.352771	2.213555
13782	-518.302	-550.5335	32.23152	0.1088651	1.204653	1.676449
13788	-521.4112	-552.542	31.13076	0.1712681	1.410678	2.129675
13794	-522.3173	-552.9115	30.59418	0.5260971	1.277956	2.053897
13800	-524.686	-556.6008	31.91473	0.2581345	1.342639	1.456635
13806	-520.7144	-552.5485	31.83411	0.3058879	1.307387	1.456635
13812	-516.3235	-547.8915	31.56798	0.3582582	1.339522	1.546329
13818	-522.5487	-554.4547	31.90601	0.1325093	1.581416	1.572668
13824	-524.3199	-556.1745	31.8546	0.1312353	1.737935	1.49826
13830	-524.551	-556.6393	32.08827	0.3207232	1.737935	0.7941981
13836	-520.6915	-550.9905	30.29904	0.4926252	1.685611	2.015539
13842	-517.4554	-549.2711	31.81572	0.3266874	1.723038	1.089272
13848	-518.7678	-550.7415	31.97378	0.2791839	1.947609	0.7964594
13854	-522.0585	-553.3358	31.27735	0.4013429	1.679745	1.444436
13860	-533.5467	-563.3651	29.8184	0.3643529	1.771102	2.42376
13866	-531.6693	-560.66	28.99073	0.1052475	0.921005	3.863585
13872	-526.0207	-557.2326	31.21196	0.1841048	1.081751	2.263484
13878	-525.6452	-556.9659	31.32073	0.2055242	1.39498	1.94387
13884	-528.5718	-559.5703	30.99849	0.1686726	1.322778	2.277587
13890	-533.3517	-562.8359	29.48419	0.1681267	1.374298	3.176153
13896	-533.1792	-562.4773	29.29808	0.3782121	1.028906	3.176153
13902	-526.8695	-555.0281	28.15863	0.2829289	0.8244323	4.077623
13908	-528.5409	-556.9224	28.38147	0.2584932	0.662383	4.077623
13914	-524.549	-550.4423	25.89328	0.3297266	0.6437589	5.38593
13920	-529.2804	-555.7544	26.474	0.2657825	0.2130168	5.38593
13926	-527.2432	-555.5196	28.27646	0.0811053	0.8349926	4.379051
13932	-529.873	-558.2928	28.41985	0.1304531	0.9383015	4.123069
13938	-530.0917	-561.4683	31.37662	0.2022593	1.596264	1.774533
13944	-527.1355	-558.492	31.35653	0.4926865	1.902792	1.054001
13950	-528.6247	-560.2193	31.59456	0.4926865	2.00679	0.6074488
13956	-533.3439	-564.1022	30.75836	0.9015028	2.117746	0.8890804
13962	-524.6366	-555.0855	30.44897	0.5148577	1.238157	2.186788
13968	-527.3456	-555.5205	28.17496	0.4731943	1.246085	3.604438
13974	-529.8211	-560.5704	30.74926	0.6396462	1.713124	1.525732
13980	-529.5477	-559.8376	30.28987	0.7920339	1.903304	1.580075
13986	-521.9328	-553.553	31.62019	0.3486122	1.625255	1.301129
13992	-525.3896	-556.0285	30.63891	0.2186099	1.295612	2.42644
13998	-524.5604	-554.9547	30.39426	0.2820853	1.18674	2.543734
14004	-528.2841	-558.6877	30.40358	0.2924648	1.152557	2.543734
14010	-524.5238	-554.4701	29.94632	0.1504466	0.6766575	3.350671
14016	-525.6685	-556.0349	30.36643	0.1504466	1.046815	2.879825
14022	-530.1549	-559.9219	29.76701	0.0730249	1.405597	3.212402
14028	-525.7302	-556.0638	30.33357	0.1401175	1.13423	2.869083
14034	-529.4644	-558.837	29.37257	0.09595453	1.13423	3.542314
14040	-529.9335	-560.6764	30.74291	0.3146063	1.795733	1.874129
14046	-531.9872	-562.8564	30.86922	0.3439653	1.578998	1.891835
14052	-539.0594	-570.1916	31.13218	0.3642964	1.981387	1.380263
14058	-539.7327	-570.3884	30.65568	0.5332332	2.681532	0.9070392
14064	-537.2687	-569.5415	32.27282	0.1437684	1.424166	1.383061
14070	-531.2703	-562.5187	31.24847	0.4576998	1.716376	1.357882
14076	-533.5847	-565.2899	31.70522	0.4005497	1.716376	1.056628
14082	-532.1366	-563.1067	30.97014	0.597378	2.344055	0.8185546
14088	-532.2655	-562.9658	30.70027	0.4606644	1.948344	1.593355
14094	-534.1467	-564.1704	30.02369	0.4570875	1.529948	2.335081
14100	-529.9604	-559.8328	29.8724	0.4892565	1.410579	2.471077
14106	-530.1124	-561.3161	31.20369	0.3737104	1.2426	1.851067
14112	-541.0168	-571.8352	30.81837	0.2039595	1.470587	2.227691
14118	-528.9474	-559.7351	30.78772	0.2954219	1.260855	2.227691
14124	-533.7848	-563.2081	29.42324	0.6864226	1.788565	2.331347
14130	-538.3694	-569.4166	31.04716	0.198429	1.392312	2.140772
14136	-536.2592	-566.3186	30.05939	0.3537643	1.396003	2.521565
14142	-537.0843	-566.7728	29.68854	0.4460376	1.543733	2.549494
14148	-529.6123	-560.5507	30.93832	0.8278213	1.837402	1.075542
14154	-530.0233	-558.8875	28.86426	0.3693787	1.07848	3.413169
14160	-530.749	-560.7413	29.99237	0.3267795	0.955787	2.868633
14166	-532.2038	-562.9534	30.74958	0.4772105	1.247427	2.024624
14172	-532.9942	-560.6182	27.624	0.9056871	1.228221	3.597697
14178	-532.3095	-559.7882	27.47876	0.879008	1.402516	3.597697
14184	-524.9834	-553.5671	28.58375	0.3236688	0.8977913	3.737695
14190	-520.1349	-549.9178	29.78288	0.2557983	1.073542	3.025599
14196	-519.9434	-549.9798	30.03636	0.5473119	0.9422474	2.6023
14202	-527.4479	-557.5031	30.05521	0.1579552	0.7975142	3.199794
14208	-527.1409	-557.6349	30.494	0.4370569	0.9508796	2.426574
14214	-528.6743	-559.3058	30.63151	0.249303	1.111396	2.494229
14220	-528.8531	-558.4724	29.61924	0.4685395	1.662063	2.494229
14226	-521.1611	-552.9866	31.82555	0.3269726	1.319943	1.417165
14232	-518.8923	-550.6895	31.79714	0.3622492	1.826247	0.9300793
14238	-528.0206	-559.6039	31.58327	0.418133	1.743671	1.113481
14244	-521.5146	-552.8323	31.31772	0.4923928	1.884647	1.107471
14250	-529.7814	-560.4668	30.68544	0.775712	1.953127	1.249985
14256	-530.0816	-559.5687	29.48716	1.000233	1.295115	2.376252
14262	-526.4946	-558.6222	32.1276	0.2036012	1.777304	1.0388
14268	-526.8128	-557.3004	30.48765	0.5330354	1.305709	2.098528
14274	-521.0498	-549.404	28.35424	0.5290728	0.9003059	3.647473
14280	-531.7416	-560.2875	28.5459	0.6822068	0.4868187	3.647473
14286	-531.1531	-561.3469	30.19379	0.2826206	0.8277133	2.885946
14292	-530.1758	-560.7042	30.52838	0.4509787	1.420729	2.086457
14298	-533.146	-564.1254	30.97939	0.3943985	1.420729	1.854623
14304	-527.6533	-558.2906	30.63734	0.1623636	0.9253358	2.764188
14310	-540.0876	-569.9402	29.85257	0.9856282	2.790721	1.039874
14316	-540.9259	-571.4422	30.51628	0.7860797	2.138662	1.225795
14322	-533.8546	-563.8475	29.99286	0.5940546	1.199612	2.42483
14328	-537.402	-565.5968	28.19483	0.7220826	0.6713346	3.713883
14334	-539.4049	-567.3818	27.97692	0.6788792	0.9454409	3.713883
14340	-537.4687	-568.1643	30.69564	0.4096116	1.523551	1.957454
14346	-536.4267	-566.9149	30.4882	0.5384766	1.509145	1.957454
14352	-534.4646	-563.759	29.2944	0.5228548	1.420476	2.787896
14358	-541.0368	-570.4661	29.42924	0.5326241	1.301474	2.768753
14364	-537.6588	-567.4149	29.75604	0.5554347	3.170434	1.259096
14370	-534.4723	-564.3833	29.91096	0.7986429	2.707248	1.244117
14376	-534.9921	-564.5321	29.54008	0.7901488	3.575446	0.742239
14382	-540.8886	-570.3205	29.4319	0.9497418	2.576183	1.587352
14388	-532.0031	-561.8821	29.87898	0.9497418	2.072642	1.628327
14394	-529.068	-558.8108	29.74277	0.4137	1.345478	2.675264
14400	-530.0761	-561.427	31.35093	0.6777556	1.867864	0.7968002
14406	-528.0632	-559.387	31.32389	0.6080402	2.043052	0.7210118
14412	-535.1293	-563.6091	28.47986	0.8296301	1.417086	3.032106
14418	-532.2256	-559.8171	27.59151	0.6939261	1.450579	3.633091
14424	-531.5201	-562.1877	30.66767	0.5417047	1.466176	1.861558
14430	-532.4721	-563.796	31.32394	0.5816989	1.753506	1.093073
14436	-526.4576	-558.3617	31.90413	0.2947883	1.753506	1.045823
14442	-529.7794	-560.0942	30.31479	0.5328826	1.583104	2.029709
14448	-522.843	-554.2258	31.38283	0.3002154	1.703967	1.507815
14454	-525.2142	-557.0208	31.80651	0.3714604	1.870371	0.8473345
14460	-523.2959	-554.446	31.15013	0.5468522	2.098513	0.9786524
14466	-527.1376	-558.1703	31.03272	0.437024	2.17732	1.186131
14472	-532.4379	-562.2342	29.79622	0.256153	1.284743	2.889935
14478	-535.3468	-565.3952	30.04841	0.2652089	1.009483	2.889935
14484	-521.4352	-550.9409	29.50565	0.2017797	0.6631659	3.5197
14490	-527.9635	-556.1935	28.23	0.5826013	1.088931	3.562377
14496	-532.7509	-561.9623	29.21138	0.6440187	1.33943	2.778141
14502	-524.9303	-552.1562	27.22595	0.8854428	0.7823061	4.095467
14508	-522.4029	-552.1924	29.78947	0.6265805	1.100262	2.584778
14514	-536.8814	-566.5451	29.66376	0.6121934	1.085619	2.68402
14520	-526.0969	-557.0206	30.92363	0.4316209	1.779708	1.591348
14526	-523.7597	-555.5307	31.77094	0.2899149	1.572018	1.328598
14532	-528.3509	-558.8606	30.50967	0.2172885	1.558554	2.344231
14538	-528.2199	-557.967	29.74714	0.1755607	1.762513	2.770066
14544	-528.0136	-555.7919	27.7783	0.6157836	0.9665253	3.866206
14550	-528.557	-557.8822	29.3252	0.4626197	1.280701	2.915021
14556	-533.744	-563.96	30.21601	0.7013728	1.613875	1.913856
14562	-528.3232	-557.6563	29.33311	0.3190374	1.127331	3.171236
14568	-532.4566	-561.4493	28.99274	0.4355032	1.23328	3.171236
14574	-529.9488	-559.0071	29.05828	0.4355032	1.100076	3.211353
14580	-546.9745	-575.7184	28.74389	0.4257298	0.0847106	3.994273
14586	-534.5754	-561.7525	27.17708	0.4427871	0.1524836	4.822459
14592	-532.3604	-559.5488	27.18839	0.368711	0.899283	4.477045
14598	-536.3138	-562.7483	26.43447	0.5377944	0.5136372	4.94608
14604	-539.0274	-565.8138	26.78641	0.5204524	0.1892658	4.94608
14610	-539.6345	-570.7126	31.07811	0.2878471	1.379705	1.970792
14616	-538.0366	-568.4502	30.41357	0.4267989	1.321273	2.254111
14622	-532.1892	-562.8169	30.62775	0.6160954	1.554429	1.751372
14628	-521.6989	-551.6725	29.97366	0.5156513	1.248374	2.48201
14634	-519.8985	-550.1284	30.22982	0.4873055	1.25127	2.348147
14640	-520.611	-552.5892	31.97819	0.2359737	1.353001	1.444836
14646	-526.2357	-556.6447	30.40893	0.3907412	1.290444	2.320646
14652	-531.2634	-561.5643	30.30081	0.2535244	1.706128	2.320646
14658	-527.561	-558.1754	30.61441	0.2535244	1.323099	2.364782
14664	-537.6378	-565.7441	28.10634	0.6583412	1.073619	3.580628
14670	-530.4933	-560.7857	30.29243	0.7930756	1.898668	1.580684
14676	-528.5377	-558.3773	29.83954	0.8430995	1.69316	1.997975
14682	-524.0718	-553.4464	29.37456	0.5508699	2.249819	2.190537
14688	-531.9904	-561.3365	29.34614	0.3871911	2.562726	2.190537
14694	-527.7023	-557.9633	30.26101	0.747296	2.134389	1.47003
14700	-529.0206	-559.971	30.9504	0.3709486	1.710474	1.705668
14706	-534.0037	-564.7725	30.76887	0.7921942	2.066845	1.058304
14712	-532.6814	-563.669	30.98756	0.8762786	1.869634	0.9403333
14718	-533.3753	-564.7213	31.34605	0.4968931	2.133561	0.8065867
14724	-536.352	-567.2922	30.94014	0.8144913	2.082407	0.8306864
14730	-532.2364	-563.5041	31.26779	0.4958901	2.348459	0.5010831
14736	-532.0526	-563.0112	30.95861	0.6892178	2.364845	0.5649458
14742	-525.3313	-557.4842	32.15282	0.0679612	1.468116	1.674624
14748	-520.4834	-551.8002	31.3168	0.167629	0.8590986	2.372384
14754	-524.4358	-553.8306	29.39478	0.0588608	0.9283894	3.748681
14760	-525.2968	-554.8124	29.51565	0.6156076	1.283074	2.650646
14766	-533.6105	-564.8658	31.25531	0.5360057	2.191131	0.7652489
14772	-535.289	-562.3076	27.01863	0.4908699	0.712057	4.551242
14778	-536.3932	-566.8465	30.45332	0.4908699	1.360573	2.130001
14784	-537.2157	-567.4144	30.19869	0.2950243	1.81159	2.25294
14790	-531.5248	-563.4794	31.9546	0.278213	1.915993	0.8633839
14796	-529.2481	-559.6554	30.40722	0.4932759	1.583995	2.010445
14802	-528.2261	-559.3373	31.11114	0.4698008	1.176318	1.837189
14808	-525.0739	-553.5093	28.43541	0.6104272	1.706946	3.053237
14814	-519.3544	-550.1416	30.78721	0.383933	1.831519	1.717051
14820	-525.2066	-556.2172	31.0106	0.6360837	1.623284	1.399155
14826	-533.7407	-564.3635	30.62283	0.6692171	1.729169	1.577367
14832	-523.6175	-554.6147	30.99724	0.268605	1.661287	1.866872
14838	-523.5701	-552.7888	29.21874	0.268605	1.175685	3.280846
14844	-528.2252	-559.0655	30.84025	0.268605	1.628625	1.994853
14850	-523.3054	-554.6607	31.35537	0.268605	2.163207	1.227007
14856	-529.7272	-561.0515	31.32433	0.4751084	2.143438	0.8669861
14862	-532.6935	-561.9214	29.22794	0.4597607	1.380801	2.916323
14868	-530.2925	-561.491	31.19847	0.492629	1.82334	1.263427
14874	-522.4045	-553.9832	31.57866	0.4217172	1.568037	1.263427
14880	-527.1407	-558.1363	30.99561	0.7532824	1.991821	0.9542647
14886	-528.1153	-559.6245	31.50919	0.3944297	2.017167	0.9646254
14892	-528.3144	-559.561	31.24667	0.5316578	2.307696	0.4574133
14898	-529.2569	-560.9822	31.72537	0.3957939	2.063738	0.5601991
14904	-528.3357	-560.0606	31.72492	0.3132052	2.063738	0.8629171
14910	-525.9031	-557.6187	31.71561	0.4115431	1.925595	0.7925423
14916	-525.9382	-556.9991	31.06095	0.4115431	2.021529	1.331199
14922	-526.9819	-558.2977	31.31584	0.4332231	2.126317	0.9760748
14928	-532.2499	-562.0954	29.84546	0.7156696	1.958286	1.919067
14934	-527.6704	-558.7733	31.1029	0.4393801	2.61003	0.5255806
14940	-532.5823	-563.6707	31.08834	0.7016314	1.94062	0.978958
14946	-530.4686	-561.6592	31.19058	0.4178001	2.300312	0.9550987
14952	-541.5159	-572.7003	31.18447	0.6435306	2.188965	0.60507
14958	-532.0692	-563.2745	31.20527	0.6435306	2.159942	0.626933
14964	-519.355	-550.6395	31.28448	0.5158609	2.295691	0.5418623
14970	-519.2845	-550.5518	31.2673	0.5202557	2.295691	0.4225183
14976	-521.3576	-553.0203	31.66272	0.3420485	2.241002	0.4725707
14982	-524.4245	-555.9536	31.52904	0.2999522	1.767583	1.346708
14988	-528.4866	-559.3865	30.89986	0.4763576	2.627657	0.7887688
14994	-535.6746	-565.2392	29.56461	0.4763576	4.005059	0.72673
15000	-538.1337	-563.7502	25.61645	0.3776227	0.7389773	5.43072
15006	-534.6235	-562.8639	28.2404	0.4510701	1.206628	3.611786
15012	-526.0164	-558.1539	32.13747	0.2688184	1.899098	0.650264
15018	-524.4075	-555.6297	31.22222	0.1653911	2.139365	1.58002
15024	-528.686	-560.7415	32.05549	0.2739186	1.366812	1.295828
15030	-525.4143	-556.1225	30.70816	0.3845045	1.40515	2.060322
15036	-523.1012	-551.6527	28.55155	0.2780217	0.9062428	3.812629
15042	-529.5953	-558.4892	28.89392	0.3933838	1.169329	3.314331
15048	-529.2326	-558.5555	29.32284	0.5755203	1.114987	2.906465
15054	-533.5023	-561.578	28.07568	0.7074595	0.9381479	3.639276
15060	-533.1568	-562.7084	29.55158	0.5452853	1.345	2.654892
15066	-528.8979	-557.4703	28.57243	0.4549019	1.404121	3.298224
15072	-527.4078	-559.1969	31.7891	0.3109179	1.249696	1.525242
15078	-514.8451	-547.053	32.20786	0.1814087	1.859323	0.9434093
15084	-529.2154	-561.3116	32.09619	0.2176599	1.862415	0.9434093
15090	-530.3267	-561.4749	31.14818	0.1637787	2.504894	1.363139
15096	-529.1161	-560.3428	31.22669	0.224845	1.996194	1.549131
15102	-527.3679	-559.7069	32.33905	0.1391255	1.603745	1.195803
15108	-523.4462	-555.1918	31.74564	0.1213241	1.221061	1.965963
15114	-519.7851	-550.9967	31.21156	0.1744115	1.436354	2.053006
15120	-521.3622	-553.1317	31.76952	0.3916446	1.493204	1.214214
15126	-522.7595	-554.203	31.4435	0.3916446	1.825726	1.208674
15132	-528.948	-561.4454	32.49745	0.1276518	1.851748	0.8334585
15138	-527.4353	-558.8741	31.43877	0.5094737	1.564684	1.255581
15144	-528.5807	-560.7464	32.16569	0.2715451	1.122437	1.407016
15150	-526.1074	-556.3716	30.26422	0.1528361	1.246069	2.815917
15156	-535.3761	-565.3247	29.94864	0.3286385	1.103433	2.803069
15162	-528.2606	-557.278	29.01736	0.6660909	1.840964	2.570473
15168	-531.8568	-563.3335	31.47671	0.4261924	2.196314	0.7030239
15174	-541.4695	-572.0041	30.53468	1.136929	1.894662	1.10464
15180	-528.2814	-560.1038	31.82233	0.4538563	1.557007	1.002118
15186	-526.3785	-557.7374	31.35886	0.3970892	1.621555	1.432856
15192	-525.0689	-556.0606	30.99168	0.4591638	1.684395	1.575216
15198	-523.7372	-554.3435	30.60632	0.3281311	1.310188	2.264794
15204	-531.4498	-559.8884	28.43866	0.3281311	1.004734	3.754024
15210	-532.066	-560.1208	28.05484	0.4719958	1.2022	3.700642
15216	-529.6965	-560.6253	30.92872	0.3817031	1.419913	1.906696
15222	-531.178	-561.697	30.519	0.7173764	1.976195	1.422556
15228	-527.9282	-559.3775	31.44928	0.4402715	1.408898	1.464549
15234	-528.6862	-559.7362	31.05008	0.4402715	1.827443	1.449826
15240	-526.5329	-557.2977	30.76483	0.5604714	1.774333	1.554176
15246	-520.4506	-551.63	31.17941	0.3634332	1.574617	1.650247
15252	-524.6484	-556.9136	32.26525	0.1645858	2.017977	0.7438825
15258	-532.1665	-563.4323	31.26583	0.4214598	1.926734	1.225493
15264	-526.2472	-557.7466	31.49939	0.3308976	1.875512	1.225493
15270	-533.3626	-565.4665	32.10389	0.1417371	2.198506	0.826712
15276	-542.603	-573.8977	31.29474	0.2674538	2.320809	1.145666
15282	-532.5466	-564.3516	31.80496	0.3615928	2.045105	0.5889607
15288	-527.9889	-559.8158	31.82696	0.3475352	1.811092	0.9472614
15294	-527.3562	-558.7355	31.37921	0.5539666	1.51844	1.284704
15300	-524.2299	-556.4346	32.20478	0.1949457	1.655476	1.104954
15306	-528.6664	-559.6066	30.94018	0.6673927	1.591426	1.444948
15312	-547.3741	-578.5906	31.2165	0.4844831	2.215228	0.8902913
15318	-537.9419	-565.4574	27.51548	0.5359489	0.8286997	4.163362
15324	-535.058	-562.7674	27.70935	0.6129945	1.707628	3.479419
15330	-522.7315	-553.8807	31.14924	0.6197454	1.55523	1.361852
15336	-520.3615	-551.1812	30.81967	0.4697116	1.355959	1.913541
15342	-524.0681	-553.947	29.87886	0.5213522	1.41349	2.432099
15348	-526.207	-556.7838	30.57686	0.3674085	1.891877	1.844449
15354	-526.7279	-557.8044	31.07652	0.6691365	1.621544	1.312462
15360	-518.4136	-550.4548	32.04127	0.2843666	1.988208	0.5601107
15366	-523.4464	-555.3543	31.90789	0.2685953	2.093214	0.7174095
15372	-521.5841	-553.576	31.99195	0.256387	2.070896	0.6613047
15378	-528.6808	-560.3667	31.68587	0.3453159	2.176388	0.6465427
15384	-527.4813	-559.4927	32.01142	0.3682285	1.665637	0.8550885
15390	-529.9347	-560.2933	30.35852	0.4908651	1.463765	2.124524
15396	-532.2306	-562.795	30.56449	0.359202	1.74246	1.965579
15402	-530.956	-559.7759	28.81993	0.5890483	1.334199	3.064785
15408	-530.0076	-557.4951	27.48748	0.3749777	1.086125	4.195224
15414	-530.3131	-557.4356	27.12244	0.6250112	0.7959076	4.329482
15420	-530.0789	-557.2539	27.175	0.6331754	0.7249544	4.333395
15426	-533.7205	-561.7495	28.02901	0.5893541	0.9059285	3.778883
15432	-525.215	-553.4497	28.23475	0.5518599	0.8709926	3.712927
15438	-526.975	-554.767	27.79201	0.448885	0.8333203	4.086296
15444	-526.5945	-554.4419	27.84742	0.448885	0.7779078	4.086296
15450	-527.6254	-557.0377	29.4122	0.1935755	1.208169	3.269374
15456	-527.9804	-558.2929	30.31257	0.4928337	0.9895635	2.455304
15462	-520.3993	-551.3968	30.9975	0.2357009	1.12007	2.280135
15468	-529.0495	-559.005	29.9555	0.2188062	0.7970627	3.147184
15474	-531.7408	-560.1564	28.41561	0.3483853	0.5918414	3.979306
15480	-537.3787	-563.0416	25.66291	0.5846009	0.9406798	5.09775
15486	-536.5348	-565.7976	29.26283	0.4717952	0.9689754	3.129635
15492	-526.9244	-555.942	29.01764	0.4653393	0.8614951	3.344798
15498	-533.4017	-564.0201	30.61838	0.5601612	1.362432	1.946003
15504	-519.0346	-549.026	29.99138	0.4106844	1.188719	2.622164
15510	-523.0945	-553.0259	29.93147	0.191586	1.199372	2.968989
15516	-521.5438	-553.51	31.96625	0.1689234	1.423578	1.550687
15522	-518.4502	-549.9019	31.45173	0.2904849	1.600265	1.550687
15528	-523.9499	-555.4531	31.50321	0.3991936	1.985356	0.9938035
15534	-520.9377	-552.7421	31.80441	0.3488167	2.086487	0.500446
15540	-524.9451	-557.2011	32.25605	0.1898851	1.732914	0.9968522
15546	-521.2211	-553.1902	31.96911	0.3503021	1.705472	0.9010859
15552	-527.3184	-556.8356	29.5172	0.2724183	0.9551848	3.229182
15558	-526.5007	-554.87	28.36932	0.2463705	1.026757	3.894258
15564	-526.2378	-554.3921	28.15421	0.2826779	0.8219722	4.08189
15570	-529.9176	-558.1572	28.23959	0.3263856	0.3608954	4.238038
15576	-525.736	-553.9805	28.24452	0.2971395	0.929004	3.949514
15582	-529.359	-557.5994	28.24035	0.4193489	0.7390447	3.914747
15588	-527.4666	-557.1809	29.71435	0.345247	0.6412778	3.199487
15594	-527.2245	-557.2473	30.02274	0.4465064	1.063221	2.639595
15600	-528.3695	-557.4418	29.0723	0.6805018	0.8861568	3.10527
15606	-525.0569	-555.5991	30.54218	0.4887317	1.104584	2.240687
15612	-525.3133	-555.1561	29.84276	0.2323212	1.244553	2.924268
15618	-524.606	-553.4751	28.86913	0.3600758	1.095005	3.41181
15624	-526.1647	-555.2805	29.11574	0.6678048	0.926106	3.065641
15630	-525.4943	-555.4322	29.93792	0.2491849	0.8687495	3.065641
15636	-526.1251	-555.9754	29.85026	0.2860117	0.8640798	3.065641
15642	-523.1619	-553.1823	30.02043	0.3467262	1.287404	2.622353
15648	-523.5542	-553.3058	29.75161	0.4251116	0.8607859	2.951711
15654	-531.5712	-560.1873	28.61616	0.4678828	1.198129	3.380298
15660	-530.9831	-560.6024	29.61924	0.2466928	0.6718713	3.37472
15666	-532.3979	-562.2301	29.83221	0.3232843	0.9516267	2.972433
15672	-525.9385	-556.2257	30.28716	0.4062109	1.549608	2.213326
15678	-527.5938	-558.5511	30.95726	0.2983567	1.336288	2.063472
15684	-529.2387	-558.8529	29.61415	0.3040664	1.761182	2.638941
15690	-525.0966	-555.7515	30.6549	0.425815	1.924202	1.68841
15696	-522.5636	-553.1783	30.61472	0.3452356	1.437941	2.152891
15702	-523.8229	-554.4147	30.59182	0.1663229	0.8279876	2.843084
15708	-527.1041	-555.7136	28.60945	0.2640065	1.207981	3.624996
15714	-527.724	-555.2868	27.56278	0.2943357	0.7651984	4.433366
15720	-533.5286	-561.5333	28.00473	0.2943357	1.211155	3.929028
15726	-528.8345	-560.1309	31.2964	0.09435251	1.195129	2.347755
15732	-531.1223	-559.826	28.70376	0.3722298	1.477819	3.269331
15738	-540.0234	-568.8981	28.87468	0.3291339	0.9102451	3.554907
15744	-528.138	-557.6574	29.51943	0.3632593	1.264026	2.921255
15750	-532.3723	-560.8491	28.47678	0.5380068	0.9105949	3.56217
15756	-530.1336	-562.0218	31.88821	0.1615255	1.093638	1.857165
15762	-528.9367	-557.5427	28.606	0.5529727	0.7624152	3.559654
15768	-527.9647	-559.0285	31.06378	0.3265069	1.43686	1.881923
15774	-531.9689	-562.4358	30.46695	0.3607039	1.960715	1.881923
15780	-524.8337	-555.052	30.2183	0.3607039	1.333494	2.452202
15786	-524.0293	-554.2057	30.17644	0.4216036	1.256082	2.452202
15792	-524.2402	-555.1231	30.88288	0.7098756	1.683948	1.374292
15798	-530.27	-558.873	28.60299	0.8327372	0.9432848	3.238603
15804	-524.1466	-554.5448	30.39823	0.4264549	1.452924	2.179427
15810	-529.1843	-561.0835	31.89922	0.3382598	1.729286	0.9778124
15816	-537.555	-569.5673	32.01234	0.3573281	1.729286	0.8019209
15822	-534.2279	-566.0262	31.79827	0.3573281	2.070529	0.4552607
15828	-532.634	-564.8985	32.26447	0.1383208	2.070529	0.8005098
15834	-530.5326	-562.139	31.60638	0.3976165	2.082268	0.7634251
15840	-538.6771	-569.6865	31.00935	0.8671839	2.032938	0.7178064
15846	-540.1172	-570.1688	30.05158	0.8671839	2.267494	1.420805
15852	-544.8983	-572.108	27.20964	0.4147243	0.7422754	4.502794
15858	-549.7382	-576.5586	26.82037	0.5208057	0.9474117	4.502794
15864	-542.845	-571.3123	28.46735	0.5208057	1.037542	3.509645
15870	-539.847	-569.5731	29.72615	0.1976484	1.840933	2.692854
15876	-540.7024	-572.2082	31.50584	0.2814589	1.783562	1.387076
15882	-534.3736	-564.6864	30.31278	0.5170232	1.349637	2.200522
15888	-538.1547	-568.1148	29.96017	0.2868377	1.300884	2.734059
15894	-527.9574	-559.0674	31.11001	0.1829565	1.324131	2.175177
15900	-522.8523	-553.8583	31.00599	0.532042	1.192628	1.827557
15906	-522.7665	-552.6126	29.84615	0.2219635	1.192628	2.970781
15912	-536.691	-567.0134	30.32239	0.6394695	1.996529	1.63092
15918	-531.5298	-560.4731	28.94332	0.8452908	2.54531	2.025643
15924	-532.6577	-562.7294	30.07165	0.6591408	3.24908	0.6765709
15930	-531.0405	-562.2165	31.17602	0.4823226	2.439375	0.6167261
15936	-530.673	-561.0396	30.36654	0.5106734	2.778228	1.132253
15942	-527.748	-558.7676	31.01962	0.4671616	2.51815	0.7963252
15948	-525.1596	-555.7312	30.57167	0.4671616	2.844059	0.9406041
15954	-526.2106	-557.0899	30.87934	0.5829037	2.21549	1.075283
15960	-529.8474	-560.6576	30.81012	0.876505	2.280466	0.4173185
15966	-531.7802	-562.9575	31.1773	0.4784589	2.083285	1.075454
15972	-522.3817	-553.6059	31.22417	0.5968279	2.200498	0.6430845
15978	-525.1786	-556.5041	31.3255	0.6000745	2.094444	0.6430845
15984	-522.2318	-553.3009	31.06906	0.6000745	2.348755	0.6478119
15990	-527.3645	-558.2513	30.88673	0.8465309	2.188539	0.7011921
15996	-533.7644	-564.3964	30.63205	0.7253762	1.975927	1.325889
16002	-526.9726	-557.9581	30.98546	0.5699806	1.805683	1.350873
16008	-524.4064	-556.2496	31.84312	0.3521687	2.010033	0.6342998
16014	-524.1621	-555.941	31.77889	0.3851715	1.70033	1.030117
16020	-527.8682	-558.0894	30.22126	0.4191537	1.248247	2.431819
16026	-528.9205	-559.6875	30.76703	0.5358901	1.289824	1.920097
16032	-517.7012	-548.799	31.09776	0.1859636	1.346142	2.162713
16038	-527.734	-558.9278	31.1938	0.3793866	1.874575	1.391717
16044	-526.0644	-557.021	30.95654	0.3793866	1.541309	1.807753
16050	-533.8928	-564.1911	30.29827	0.6305622	0.8635583	2.411167
16056	-523.8436	-551.8921	28.04849	0.4587949	0.7178704	3.995823
16062	-524.4009	-554.2136	29.81263	0.2867973	1.215899	2.875604
16068	-522.4796	-552.5637	30.08404	0.3767054	1.127468	2.643643
16074	-525.2106	-556.3758	31.16519	0.3767054	1.030543	2.016013
16080	-524.4146	-555.332	30.91742	0.3815159	1.479174	1.874349
16086	-524.9386	-556.032	31.09337	0.3585895	1.34978	1.874349
16092	-524.7481	-552.7742	28.02617	0.4081616	1.126997	3.827072
16098	-523.0427	-553.6075	30.56481	0.1465005	1.337868	2.588788
16104	-518.0423	-549.7911	31.74879	0.315492	1.358753	1.465811
16110	-519.4712	-549.4613	29.99009	0.1322023	1.34128	2.968991
16116	-522.389	-552.3311	29.94208	0.2211408	1.10199	2.968991
16122	-515.8654	-545.2241	29.35872	0.1833299	0.9486839	3.47173
16128	-524.7173	-553.3615	28.64415	0.9590529	1.04464	3.072368
16134	-523.0013	-554.2504	31.24909	0.2543924	1.273405	1.98317
16140	-523.1934	-554.3017	31.10826	0.5060822	1.503768	1.56384
16146	-532.2297	-562.8207	30.59099	0.6375381	2.059671	1.384488
16152	-526.5898	-557.1039	30.51404	0.3260134	2.233218	1.711779
16158	-525.7007	-556.2139	30.51316	0.7340286	1.647548	1.654885
16164	-525.3103	-556.0171	30.70676	0.3959313	1.49045	1.989748
16170	-544.6547	-571.2085	26.55373	0.7950784	0.5673289	4.654505
16176	-529.6271	-556.2811	26.65397	0.2717703	0.531216	5.10232
16182	-543.9959	-573.6274	29.6315	0.464211	2.195024	2.151456
16188	-535.4321	-566.7352	31.30308	0.540933	2.116846	0.7915086
16194	-526.4107	-556.8493	30.43868	0.4383412	1.476263	2.123723
16200	-528.4052	-556.9333	28.52812	0.5194803	1.338174	3.299076
16206	-530.5901	-559.8535	29.26348	0.5194803	1.376828	2.83654
16212	-533.329	-561.5744	28.24546	0.4815319	0.8405587	3.789924
16218	-525.369	-556.1188	30.74983	0.445001	0.8239892	2.335902
16224	-524.7173	-555.4142	30.69692	0.1678915	1.535578	2.335902
16230	-523.9296	-555.7461	31.81655	0.1678915	1.890935	1.308741
16236	-522.012	-553.7459	31.73387	0.2558316	2.372798	0.4827603
16242	-520.4922	-552.8176	32.32543	0.1876387	1.921512	0.6802903
16248	-520.7148	-552.1319	31.41707	0.4933639	1.916717	0.9796039
16254	-527.8598	-558.4523	30.59246	0.62129	1.709764	1.661235
16260	-528.5783	-559.2751	30.69678	0.62129	1.730257	1.570859
16266	-525.2374	-555.7286	30.49125	0.6960971	1.525315	1.790692
16272	-529.3039	-559.4331	30.12919	0.7455398	1.633086	1.921626
16278	-526.8714	-557.3796	30.50817	0.3651454	1.598929	2.090094
16284	-526.349	-557.4522	31.10325	0.4358681	1.291539	1.804639
16290	-525.4915	-555.5719	30.0804	0.3993629	1.352285	2.478521
16296	-537.5448	-569.3647	31.8199	0.4016389	1.963593	0.4776038
16302	-534.1086	-565.4274	31.31877	0.5176282	2.240966	0.6093231
16308	-530.6221	-561.8562	31.23413	0.5176282	2.240966	0.7661717
16314	-532.9964	-563.7911	30.79468	0.7215997	1.628823	1.473199
16320	-528.3516	-557.8588	29.50719	0.4682442	1.112963	2.90051
16326	-526.4494	-554.2987	27.84929	0.3138106	0.9632704	4.133569
16332	-528.9401	-560.5761	31.63597	0.2904339	1.630464	1.388175
16338	-527.3645	-558.2154	30.85089	0.2527512	1.489373	2.106603
16344	-536.6974	-565.7058	29.00841	0.6872142	2.654547	2.038012
16350	-537.7275	-565.1937	27.46623	0.7829463	1.327775	3.712154
16356	-541.3852	-568.8068	27.42159	0.7998326	1.885031	3.402206
16362	-537.4097	-565.0766	27.66688	0.4204887	1.025382	4.077633
16368	-538.9832	-565.7242	26.74098	0.5700359	0.4393089	4.78905
16374	-536.6598	-563.2097	26.54994	0.4664468	0.1917966	5.125994
16380	-536.7731	-562.3808	25.60772	0.5904966	0.1479879	5.560813
16386	-537.3817	-563.7542	26.37248	0.6708939	0.170963	5.063688
16392	-536.5871	-563.8995	27.31237	0.2308156	0.3881082	4.875319
16398	-535.1271	-560.6776	25.55056	0.7393053	0.4575138	5.310909
16404	-531.185	-562.4145	31.22947	0.5398446	2.085336	0.9202938
16410	-525.7179	-555.0335	29.31559	0.3128128	1.286124	3.095529
16416	-520.3275	-550.7731	30.44564	0.3714705	1.630175	2.102175
16422	-528.1454	-556.0635	27.91803	0.3776796	0.786039	4.117993
16428	-526.9748	-556.3211	29.34629	0.3548885	1.115311	3.124479
16434	-521.3071	-552.8738	31.56668	0.5081172	2.029136	0.488376
16440	-519.1746	-551.0292	31.85459	0.3313981	2.029136	0.6645091
16446	-521.1033	-551.7119	30.60868	0.5216763	1.881213	1.634295
16452	-528.6198	-559.7308	31.11101	0.4874078	2.433468	0.7369157
16458	-529.0192	-559.1582	30.13902	0.4214241	1.714122	2.184183
16464	-540.7861	-567.8195	27.03343	0.2281374	1.132617	4.619245
16470	-538.0343	-566.1465	28.11226	0.2178366	0.8559396	4.183003
16476	-528.52	-556.1012	27.58117	0.3238368	0.4531506	4.560618
16482	-531.2874	-558.3123	27.02491	0.6516141	0.4461729	4.560618
16488	-526.8046	-555.2016	28.39702	0.3758725	0.5511003	3.980843
16494	-521.4094	-552.9213	31.51192	0.4547179	2.057253	0.7831865
16500	-517.832	-549.3653	31.53333	0.1744601	1.324106	1.912797
16506	-523.1264	-555.034	31.90768	0.138533	1.324106	1.739893
16512	-525.0245	-555.4534	30.42887	0.2201097	1.34072	2.52711
16518	-535.0202	-566.7112	31.69106	0.3736086	0.935952	1.725766
16524	-529.5971	-559.4313	29.83414	0.1313011	1.141293	3.183534
16530	-527.4152	-557.9373	30.52202	0.3766887	0.9834576	2.460849
16536	-528.6108	-557.7153	29.1045	0.5778119	1.114797	3.03578
16542	-526.5609	-556.6954	30.13457	0.3303848	1.318268	2.554304
16548	-526.0433	-553.9556	27.91231	0.3464237	1.040595	4.012854
16554	-525.8855	-557.3624	31.4769	0.416854	1.672418	1.268764
16560	-529.308	-561.2347	31.92672	0.2194287	1.250748	1.593591
16566	-525.7717	-556.6785	30.90674	0.1754793	1.044875	2.497405
16572	-523.6727	-555.2487	31.57595	0.2081462	1.450382	1.724987
16578	-530.7306	-558.5328	27.80223	0.5150861	1.502308	3.6315
16584	-519.5891	-550.0146	30.42551	0.4773881	1.296123	2.204783
16590	-525.4667	-556.5261	31.05935	0.5250932	2.368604	0.8140686
16596	-530.5713	-561.4474	30.87608	0.5250932	1.392497	1.786831
16602	-529.8209	-560.3471	30.52612	0.4367626	1.772818	1.869375
16608	-540.0261	-571.0657	31.03951	0.8311691	1.504029	1.274629
16614	-528.2444	-558.9304	30.686	0.09489451	1.254085	2.69042
16620	-524.8373	-555.3995	30.56227	0.1240247	1.190525	2.732257
16626	-527.7852	-558.8225	31.03734	0.06449315	0.9093509	2.77218
16632	-525.223	-553.0977	27.87463	0.08114904	0.8009489	4.624114
16638	-531.3621	-561.6568	30.29474	0.07851671	0.9005236	3.183726
16644	-543.021	-573.469	30.44805	0.4462412	1.166615	2.308458
16650	-538.2809	-566.1171	27.83626	0.4584851	1.060987	3.921229
16656	-537.0869	-564.8463	27.75933	0.9051785	0.5324852	3.921229
16662	-535.831	-566.557	30.72606	0.5897174	1.848744	1.495045
16668	-530.1601	-559.286	29.12598	0.5897174	0.6759283	3.273319
16674	-525.8486	-554.3776	28.52902	0.3991007	0.8048384	3.732953
16680	-530.1909	-559.6583	29.46744	0.2840092	0.7810613	3.344498
16686	-529.059	-558.4698	29.41085	0.5078274	1.521741	2.669507
16692	-531.6996	-562.4283	30.72869	0.4141315	1.770527	1.760012
16698	-532.0007	-562.4475	30.44683	0.755652	1.636677	1.690766
16704	-533.3961	-563.9834	30.58734	0.2608409	2.368921	1.672964
16710	-535.091	-565.5668	30.47576	0.717155	2.052226	1.397376
16716	-531.817	-560.3707	28.55377	0.717155	1.212053	3.191387
16722	-532.6976	-560.9769	28.27929	0.717155	1.486526	3.191387
16728	-528.2998	-556.4842	28.18435	0.3714405	1.238537	3.713121
16734	-531.9021	-562.1576	30.25552	0.2931008	1.26128	2.567249
16740	-538.8565	-567.6916	28.83509	0.2931008	1.596709	3.223578
16746	-526.9618	-557.5844	30.6226	0.1924168	1.516083	2.346053
16752	-529.7722	-557.6215	27.84925	0.4324465	1.202728	3.859214
16758	-529.1074	-560.5955	31.48811	0.4464641	1.690395	1.198646
16764	-532.1386	-564.2191	32.08051	0.2000967	1.512652	1.319456
16770	-533.7229	-562.4559	28.73305	0.5143062	1.149234	3.294578
16776	-531.1754	-560.0228	28.8474	0.5143062	0.900092	3.373861
16782	-534.028	-561.9228	27.89473	0.4409488	0.7465337	4.085322
16788	-537.8188	-566.279	28.46019	0.4409488	0.8424753	3.705884
16794	-535.4987	-562.6368	27.13811	0.349379	0.6006452	4.695336
16800	-527.7623	-554.7143	26.95195	0.4092041	0.6750257	4.690944
16806	-526.4759	-554.0488	27.57293	0.4383571	0.5715822	4.369683
16812	-525.5887	-554.4718	28.88312	0.2375306	0.6048021	3.855066
16818	-532.3199	-562.0621	29.74215	0.3725281	0.7492515	3.085122
16824	-532.4952	-564.1128	31.61761	0.2067308	1.63534	1.565118
16830	-532.3395	-562.3585	30.01909	0.4416428	1.578627	2.32453
16836	-532.6035	-561.5667	28.96326	0.1777731	1.491328	3.395896
16842	-526.2607	-556.1553	29.89457	0.307225	1.268134	2.764942
16848	-531.3112	-561.8295	30.51838	0.2624214	1.207577	2.48368
16854	-538.0164	-565.1499	27.13347	0.6155605	1.154004	4.127771
16860	-536.7776	-564.5888	27.81116	0.194879	1.322832	4.127066
16866	-525.2467	-554.5391	29.29235	0.797369	0.9040697	2.874487
16872	-532.1098	-561.1629	29.05311	0.7531048	1.472817	2.706331
16878	-534.909	-563.7854	28.87637	0.7591494	0.8748508	3.168851
16884	-530.3078	-561.0834	30.77554	0.4845342	1.503746	1.825502
16890	-531.6685	-558.5518	26.88331	0.4762611	1.150257	4.394658
16896	-525.338	-556.8512	31.51316	0.2117307	1.298793	1.866354
16902	-530.139	-560.2717	30.13264	0.4626966	2.095287	1.886315
16908	-532.9791	-563.2249	30.24583	0.4079934	1.770566	2.094141
16914	-532.758	-562.8557	30.09767	0.5558763	2.312057	1.653334
16920	-533.9839	-564.9244	30.94052	0.4452302	2.534626	0.9181152
16926	-531.5631	-561.0001	29.43705	0.5843836	3.403989	1.293442
16932	-537.6345	-568.972	31.33751	0.3666776	2.287917	0.9179504
16938	-537.2767	-568.1471	30.87037	0.3666776	1.197888	2.11352
16944	-537.5292	-565.1959	27.66674	0.3588322	0.9907941	4.166291
16950	-528.29	-558.5656	30.27556	0.4020107	0.9604839	2.59779
16956	-526.2688	-557.2952	31.02647	0.1615932	0.8918743	2.546671
16962	-535.2292	-563.9791	28.74988	0.4148088	2.505756	2.570566
16968	-531.7245	-562.6749	30.95039	0.5831507	1.550421	1.557289
16974	-531.6857	-561.0871	29.40136	0.7744589	2.177194	2.020972
16980	-529.1229	-560.1424	31.01943	0.7291824	2.142989	0.7827358
16986	-527.2612	-558.2656	31.00443	0.6748665	2.345722	0.5072398
16992	-536.5987	-565.5544	28.95573	1.047268	3.962348	0.4270237
16998	-530.221	-560.3826	30.16164	0.9399475	2.156791	1.359996
17004	-530.6904	-559.6885	28.99807	0.9399475	2.000251	2.277948
17010	-533.9207	-563.6499	29.72916	0.5653294	3.408146	1.060132
17016	-544.3763	-575.027	30.6507	0.3883777	3.0838	0.7207388
17022	-540.6147	-570.6961	30.08134	0.3970429	1.87405	2.147798
17028	-529.202	-559.4223	30.22031	0.5224457	1.680456	2.038824
17034	-540.7095	-570.1163	29.40685	1.012237	1.397689	2.354561
17040	-534.4934	-564.7652	30.27185	0.510006	1.343125	2.23849
17046	-539.1062	-568.538	29.43178	0.5012345	2.635573	1.950686
17052	-529.0267	-558.1598	29.13309	0.6678884	0.6946928	3.192961
17058	-530.8275	-559.1091	28.28167	0.45324	0.8603226	3.785922
17064	-530.4134	-558.8685	28.45508	0.4376692	0.6558348	3.819867
17070	-536.7749	-567.7668	30.99185	0.3722529	1.124524	2.074469
17076	-534.2158	-564.0419	29.82607	0.3646206	1.289177	2.717879
17082	-536.5915	-564.1961	27.60459	1.120565	1.512587	3.318132
17088	-536.7646	-567.206	30.4414	0.7457543	1.808549	1.579681
17094	-532.0886	-563.8328	31.74425	0.2725201	1.856574	1.147529
17100	-524.4032	-555.8167	31.41353	0.3142176	1.918556	1.29179
17106	-530.8829	-558.6014	27.7185	0.243812	1.538141	3.977999
17112	-527.2259	-556.2151	28.98921	0.3776783	1.68838	2.967389
17118	-525.4694	-556.2339	30.76444	0.4175824	2.620992	1.060255
17124	-522.7498	-554.1674	31.41754	0.4599939	2.075136	0.8684871
17130	-527.0041	-555.5715	28.56738	0.6556932	2.175549	2.650565
17136	-527.8112	-557.8029	29.99171	0.5940332	1.948528	1.939224
17142	-533.0002	-562.9685	29.96825	0.9629546	2.120086	1.518088
17148	-539.4644	-568.5633	29.09893	1.282323	2.263059	1.826846
17154	-532.4727	-563.3478	30.87516	0.6351369	1.704877	1.441732
17160	-534.054	-564.0604	30.00642	0.247992	0.9275481	2.991277
17166	-531.5176	-560.4849	28.96733	0.6843597	1.176595	2.991277
17172	-525.946	-557.2247	31.27875	0.4882522	1.873679	1.158381
17178	-524.7553	-556.2027	31.44742	0.2101204	1.518227	1.763493
17184	-526.0756	-554.4872	28.41164	0.3241686	1.072013	3.735839
17190	-528.0171	-556.196	28.17891	0.7034838	0.6731235	3.735839
17196	-528.066	-558.269	30.20294	0.5144377	1.531235	2.156668
17202	-528.039	-559.0761	31.03705	0.5144377	2.090935	1.141769
17208	-531.2147	-561.0961	29.88143	0.7473872	1.945101	1.87646
17214	-529.7562	-561.3151	31.55889	0.4418939	1.946869	0.8905872
17220	-526.3831	-557.3926	31.00957	0.4418939	1.858923	1.454479
17226	-538.3445	-569.7454	31.40085	0.3099076	1.734266	1.454479
17232	-538.4569	-568.9881	30.53121	0.415781	2.017087	1.723415
17238	-539.3654	-569.9855	30.62012	0.4750805	1.176089	2.158974
17244	-531.4592	-559.6881	28.22898	0.2005485	0.7688018	4.194784
17250	-528.6028	-556.3509	27.74801	0.1633976	0.6181646	4.61723
17256	-533.238	-561.2354	27.99738	0.3962037	0.6894343	4.107029
17262	-535.8656	-566.4828	30.61725	0.6663886	2.264366	1.161388
17268	-529.3182	-560.3422	31.02403	0.5603128	1.7777	1.354111
17274	-531.4991	-562.6037	31.10461	0.3914168	2.041933	1.310795
17280	-530.3613	-560.7643	30.40296	0.5878459	2.621537	1.132884
17286	-526.8149	-557.4263	30.6114	0.680538	1.677077	1.612613
17292	-525.7538	-556.8635	31.10971	0.3822971	1.40746	1.79036
17298	-528.059	-558.5884	30.52939	0.4802872	1.579431	1.946393
17304	-533.4508	-564.4651	31.01431	0.5026642	2.548212	0.6603078
17310	-539.37	-569.2488	29.87878	0.2154612	1.523918	2.761517
17316	-533.2521	-563.1207	29.86853	0.4913646	1.141564	2.638538
17322	-535.2398	-565.2781	30.03826	0.4186403	1.225644	2.56097
17328	-531.6124	-562.2805	30.66814	0.6001123	1.23832	1.955986
17334	-530.8887	-562.4198	31.53113	0.1810453	1.225105	1.966788
17340	-527.0784	-555.3503	28.27189	0.1220915	0.9112123	4.240636
17346	-526.2651	-555.6974	29.43228	0.3085216	0.5652011	3.457885
17352	-528.0522	-557.0933	29.04116	0.2665049	1.056995	3.457885
17358	-526.6993	-558.5999	31.90064	0.1899186	1.860326	1.206049
17364	-524.5316	-554.802	30.27041	0.6519194	1.206778	2.19075
17370	-537.8179	-565.9239	28.10597	0.6132584	1.388582	3.433851
17376	-535.5267	-564.6497	29.12301	0.6132584	1.837693	2.552467
17382	-532.0356	-561.8578	29.82222	0.6132584	1.788209	2.139316
17388	-528.0808	-558.4667	30.38589	0.6596833	1.741935	1.746951
17394	-530.2287	-559.5354	29.30672	0.6596833	2.637303	1.873936
17400	-532.9372	-563.3828	30.44563	0.2732476	1.090458	2.585066
17406	-532.766	-563.5316	30.76564	0.2180822	1.703496	2.083759
17412	-534.1621	-561.9416	27.77953	0.3676055	0.4898247	4.375901
17418	-524.4461	-552.9967	28.55065	0.4468359	0.8791925	3.626132
17424	-533.3441	-558.9938	25.64965	0.522572	0.9357078	5.160784
17430	-532.9547	-560.7371	27.7824	0.4298262	0.6279818	4.228051
17436	-535.9621	-564.3665	28.40435	0.2868048	1.155329	3.741655
17442	-534.5831	-563.2618	28.67871	0.291244	0.8703758	3.741655
17448	-527.3887	-558.5612	31.17246	0.1499059	0.8483298	2.507847
17454	-529.8236	-559.9699	30.14629	0.3711551	1.295272	2.507847
17460	-528.7431	-557.2982	28.55509	0.2841617	0.6740327	3.935347
17466	-524.9931	-553.0442	28.0511	0.3759553	1.121897	3.851854
17472	-529.31	-558.9918	29.68178	0.3759553	1.059478	2.931138
17478	-517.9799	-549.1982	31.21823	0.2751871	1.285507	1.960601
17484	-526.0994	-556.9128	30.81335	0.6539303	1.592195	1.553247
17490	-522.4444	-553.6956	31.2513	0.6543622	1.9525	0.8557858
17496	-519.1677	-549.901	30.73331	0.4327083	1.919824	1.626327
17502	-832.6427	-674.09	-158.5528	2.283147e+13	22.343	12.17694
17508	-838.6856	-682.2225	-156.4632	2.283147e+13	22.343	11.08517
17514	-522.257	-551.5977	29.34068	0.2921662	0.956377	3.304445
17520	-532.0834	-561.4379	29.35453	0.8062843	1.872011	2.226439
17526	-525.0895	-555.7703	30.68077	0.5987586	2.29709	1.160056
17532	-517.76	-549.1512	31.3912	0.3055427	1.321831	1.768173
17538	-516.6361	-547.9737	31.33757	0.5386823	1.656389	1.224377
17544	-521.8259	-553.3908	31.56487	0.5129974	2.003572	0.6059004
17550	-526.7215	-556.2598	29.53838	0.3466855	1.342115	2.883539
17556	-529.1057	-559.6251	30.51936	0.5301131	1.574416	1.901279
17562	-541.4904	-571.6106	30.12018	0.5957786	2.84581	1.174242
17568	-539.549	-569.0693	29.52032	1.018732	3.262879	0.8562451
17574	-529.5806	-558.0401	28.45958	0.4718758	0.6845521	3.765942
17580	-529.9774	-558.5578	28.58036	0.4718758	1.529403	3.202018
17586	-532.2762	-562.8393	30.56311	0.8554827	1.349168	1.728856
17592	-522.3489	-552.821	30.4721	0.1958394	1.265904	2.590809
17598	-524.9459	-554.6817	29.73575	0.4222189	1.275196	2.712939
17604	-809.7697	-671.0557	-138.7139	1.586851e+13	21.47122	3.665558
17610	-531.3419	-559.2173	27.87543	0.4668874	1.182362	3.820633
17616	-526.7996	-555.3115	28.51193	0.4655505	1.142025	3.47652
17622	-527.0071	-556.175	29.16784	0.635147	1.401929	2.774097
17628	-525.2697	-555.2482	29.97848	0.6836936	1.150436	2.386228
17634	-526.6759	-556.4654	29.78955	0.5402443	1.545542	2.386228
17640	-526.0521	-556.4266	30.37447	0.2517452	1.615433	2.334435
17646	-526.859	-556.9123	30.05334	0.313655	1.540978	2.489292
17652	-527.7056	-557.1461	29.44053	0.4420757	0.9475349	3.067662
17658	-531.0918	-559.6352	28.54343	0.6325996	0.9037042	3.445579
17664	-523.326	-553.5016	30.17565	0.4081923	1.711913	2.177998
17670	-533.3283	-563.2456	29.91727	0.8486319	1.516889	2.059208
17676	-530.5033	-559.5615	29.05822	0.5793113	1.350935	2.92035
17682	-524.7743	-555.6542	30.87988	0.4584307	1.620522	1.702565
17688	-520.4495	-551.3805	30.93106	0.4676381	1.470547	1.760728
17694	-530.8971	-559.732	28.83491	0.5057485	1.645411	2.946747
17700	-525.7843	-556.4004	30.61615	0.2155537	1.320128	2.430813
17706	-528.1324	-559.3063	31.17387	0.5353795	1.320128	1.615586
17712	-527.6864	-558.4608	30.77432	0.4118189	0.9943166	2.25037
17718	-528.2639	-558.2109	29.94697	0.2120164	1.162734	2.945153
17724	-533.9284	-564.0234	30.09493	0.3065211	1.6301	2.417429
17730	-535.0447	-563.0665	28.02181	0.3696091	1.17492	3.84558
17736	-539.8852	-564.6153	24.73014	0.4315935	0.5097417	5.985481
17742	-534.2226	-564.9167	30.6941	0.7477874	2.536146	0.6232871
17748	-528.0512	-558.4559	30.40469	0.5267349	2.788392	1.064122
17754	-536.3676	-567.5771	31.20943	0.5267349	1.753936	1.265729
17760	-526.2107	-556.9894	30.77876	0.5267349	1.616159	1.696379
17766	-528.1746	-559.0679	30.89325	0.5822207	2.253988	1.026252
17772	-528.0293	-557.9989	29.9696	0.285902	1.373389	2.685194
17778	-529.9166	-559.9062	29.98961	0.5343851	1.776296	2.115129
17784	-533.3078	-560.1045	26.79668	0.4779375	1.707179	4.126614
17790	-530.8306	-561.3037	30.47313	0.4599177	1.657461	1.955393
17796	-536.0115	-566.1943	30.18279	0.4181645	2.023362	1.955393
17802	-526.6299	-557.7575	31.1276	0.322603	1.555443	1.762171
17808	-533.2115	-563.2504	30.03898	0.185001	1.484962	2.743053
17814	-531.7644	-561.9572	30.19278	0.234872	1.926231	2.280655
17820	-529.3679	-558.9731	29.60521	0.2337849	1.33691	3.00918
17826	-528.7607	-557.7965	29.03583	0.5377688	0.7539812	3.326984
17832	-529.6593	-560.1329	30.47365	0.5291539	1.089326	2.252109
17838	-534.9055	-563.3855	28.48004	0.4408611	1.354283	3.396551
17844	-535.051	-562.7779	27.72685	0.4323808	0.8965011	4.104386
17850	-542.4743	-573.103	30.62869	0.3566509	0.7481924	2.56667
17856	-529.2389	-558.1942	28.95531	0.03937863	0.5416438	4.276179
17862	-521.4319	-549.7671	28.33518	0.1536084	1.027193	4.073095
17868	-519.6015	-552.0284	32.42689	0.08470386	2.250639	0.4486384
17874	-517.8773	-549.9573	32.08007	0.1868832	2.169486	0.3551045
17880	-524.7361	-556.3587	31.62263	0.06785753	2.851357	0.2098346
17886	-530.2882	-560.5634	30.27521	0.4433664	2.851357	0.1347961
17892	-525.7944	-556.3739	30.57956	0.3329816	2.851357	0.152174
17898	-527.5328	-558.5285	30.99576	0.1918603	2.834739	0.1607847
17904	-522.5446	-553.5522	31.00755	0.2867201	2.735656	0.2100706
17910	-524.6408	-555.7242	31.08346	0.1825272	2.735656	0.1516211
17916	-528.6323	-559.4163	30.78403	0.6204547	2.473622	0.2635219
17922	-525.2858	-556.7636	31.47787	0.3394318	2.35627	0.3288076
17928	-528.1784	-559.2335	31.05509	0.3879094	2.531706	0.2352624
17934	-538.0388	-568.7074	30.66865	0.560948	2.592136	0.2236167
17940	-529.6016	-560.1715	30.56991	0.6186434	2.592136	0.2181625
17946	-531.0267	-561.6046	30.57789	0.420809	2.592136	0.1352027
17952	-533.2976	-562.8174	29.51979	0.5619755	1.025753	2.853668
17958	-535.6306	-566.3347	30.70406	0.3602271	0.9369733	2.396609
17964	-530.5817	-559.8536	29.27196	0.260673	0.7182622	3.529475
17970	-532.4969	-558.7818	26.28494	0.358613	0.5588367	5.182532
17976	-530.4165	-558.6491	28.23269	0.2483931	0.7707147	4.11557
17982	-540.8095	-569.9527	29.14312	0.5843154	4.33432	0.4920007
17988	-534.8294	-565.2136	30.3842	0.4514926	3.262468	0.3634964
17994	-533.8146	-564.4178	30.6032	0.8482859	2.515357	0.6037256
18000	-529.8584	-561.1367	31.27834	0.1728413	1.34838	2.070351
18006	-531.7506	-561.807	30.05644	0.5624589	1.355252	2.315799
18012	-528.0052	-557.6257	29.62041	0.4026368	1.116395	2.902214
18018	-532.6327	-562.3723	29.73967	0.5282577	0.8583505	2.853672
18024	-532.2884	-563.1683	30.87988	0.3382033	1.296024	2.082071
18030	-531.8568	-561.506	29.64917	0.2002442	1.406504	2.998409
18036	-538.1553	-569.5095	31.35424	0.1721681	1.406504	1.982837
18042	-532.9984	-563.3359	30.33748	0.4416138	2.536115	1.450972
18048	-526.1371	-557.4218	31.28465	0.4416138	1.885872	1.212903
18054	-531.784	-562.2476	30.46353	0.5581391	1.862973	1.710087
18060	-531.742	-561.5408	29.79876	0.5581391	1.918912	2.122532
18066	-526.0611	-556.8834	30.82231	0.567493	2.565376	0.7796568
18072	-521.2125	-552.7976	31.5851	0.3450528	1.90603	1.096513
18078	-523.6691	-555.495	31.82593	0.3710779	1.90603	0.7766035
18084	-523.0252	-554.4606	31.43543	0.5774364	1.946643	0.7664406
18090	-530.9351	-563.0756	32.1405	0.1964369	1.97449	0.8356637
18096	-532.2706	-563.9998	31.72919	0.2102228	2.459379	0.661965
18102	-534.6011	-561.0395	26.43846	0.2210659	0.4415999	5.345077
18108	-547.1867	-573.5861	26.39945	0.2508257	0.399974	5.345077
18114	-519.1383	-550.0536	30.91539	0.317373	1.444931	1.990223
18120	-522.2038	-551.3804	29.17657	0.1642825	0.8200476	3.688202
18126	-523.6854	-552.1195	28.43406	0.4461465	1.142984	3.541311
18132	-522.6454	-551.9102	29.26474	0.4461465	1.046386	3.109204
18138	-517.179	-547.5009	30.32194	0.4461465	0.9469372	2.526581
18144	-528.8005	-559.0518	30.25129	0.5855109	1.373992	2.155946
18150	-526.249	-557.3187	31.06973	0.1408059	1.248132	2.341123
18156	-529.8923	-559.9665	30.07411	0.5616393	1.441642	2.249978
18162	-537.3614	-566.7858	29.42437	0.246575	1.100105	3.237424
18168	-531.8626	-562.8717	31.00909	0.3711208	1.198326	2.015736
18174	-526.9279	-558.8	31.87207	0.3158153	1.710626	1.070927
18180	-531.1108	-558.5423	27.43149	0.437673	0.6531856	4.404152
18186	-527.1734	-557.5229	30.34948	0.3109691	1.690716	2.209871
18192	-527.1997	-556.8926	29.69287	0.5342265	1.787676	2.299783
18198	-529.1664	-559.5112	30.3448	0.2323631	1.603613	2.393526
18204	-522.4278	-553.1106	30.68281	0.2323631	1.2656	2.393526
18210	-524.9053	-556.4515	31.54624	0.3007929	1.710213	1.376901
18216	-520.1849	-551.323	31.13811	0.2341532	1.153316	2.170725
18222	-518.1677	-547.3058	29.13809	0.2654475	0.8570708	3.51955
18228	-521.7529	-550.8885	29.13563	0.3837062	0.7325795	3.439967
18234	-524.1963	-552.8255	28.62926	0.3941752	1.218383	3.439967
18240	-523.8694	-553.7022	29.83274	0.4620935	1.563305	2.42926
18246	-520.3819	-552.7352	32.35339	0.1187693	1.670516	1.192317
18252	-529.0281	-560.6121	31.58405	0.397171	2.176733	0.6382339
18258	-522.0381	-553.2269	31.18885	0.4802624	2.288336	0.8450842
18264	-521.0109	-552.1034	31.09256	0.4234622	1.974834	1.3254
18270	-520.3144	-551.877	31.56264	0.3545236	1.616777	1.344233
18276	-522.2428	-552.1406	29.89778	0.3545236	1.114043	2.793821
18282	-522.4853	-552.5274	30.04213	0.460212	1.359016	2.428123
18288	-522.5689	-552.3097	29.74084	0.2310377	1.0716	3.091224
18294	-525.6687	-556.9635	31.29481	0.232288	1.391618	1.912421
18300	-531.7306	-558.7958	27.06521	0.3845397	0.4462084	4.782258
18306	-535.0321	-562.7621	27.72995	0.2226657	0.9244857	4.352984
18312	-525.8846	-555.2187	29.33412	0.160666	1.280954	3.334662
18318	-529.0561	-559.6329	30.57677	0.2047301	1.073574	2.628607
18324	-527.1153	-557.9318	30.81646	0.1754135	1.565014	2.224786
18330	-534.1262	-564.3075	30.18127	0.1335354	1.366866	2.835043
18336	-527.8108	-558.8326	31.02184	0.2095681	0.9835463	2.398119
18342	-527.8838	-557.1203	29.23649	0.3204311	1.389192	3.070995
18348	-523.4895	-553.927	30.43743	0.1780372	1.176123	2.70164
18354	-520.4049	-548.9204	28.51555	0.4072492	1.07945	3.572621
18360	-517.7867	-547.5595	29.77282	0.4012308	0.9774622	2.895703
18366	-527.6368	-554.4927	26.85597	0.3497567	0.7734255	4.756039
18372	-527.712	-556.5674	28.8554	0.2996815	1.640282	3.176568
18378	-527.2882	-557.4011	30.11293	0.3245026	1.112906	2.702474
18384	-525.0023	-555.8485	30.84615	0.3951577	1.428757	1.938645
18390	-524.1532	-555.7372	31.584	0.4905257	1.674998	1.057751
18396	-520.2936	-551.9322	31.63857	0.5263973	1.809069	0.7850103
18402	-526.9571	-557.593	30.6359	0.5387858	1.334882	1.974939
18408	-525.1676	-557.2798	32.11219	0.1707604	1.319546	1.515119
18414	-523.2951	-554.041	30.74595	0.5373823	1.574541	1.736997
18420	-521.3286	-552.5937	31.26511	0.2256388	1.166498	2.094462
18426	-524.6444	-554.2359	29.59148	0.577119	1.226513	2.673387
18432	-530.7441	-560.2291	29.48503	0.5163367	0.6872891	3.120825
18438	-527.5886	-557.6069	30.01833	0.1585537	0.8702048	3.177348
18444	-529.4139	-558.559	29.14507	0.6115507	0.8416	3.145096
18450	-526.0119	-554.3228	28.3109	0.336426	0.9216529	3.864959
18456	-530.5781	-560.4115	29.8334	0.1978327	1.005822	3.132052
18462	-532.7138	-562.5239	29.81017	0.1867612	0.8013111	3.286987
18468	-536.8408	-564.9908	28.14999	0.3077558	1.603391	3.601106
18474	-527.8725	-559.6654	31.79286	0.05919084	1.119224	2.183072
18480	-529.9158	-561.3142	31.39837	0.07195792	1.197131	2.34642
18486	-527.15	-559.5292	32.37925	0.09702131	1.313704	1.525818
18492	-531.8602	-560.3363	28.47613	0.7732804	1.125468	3.247283
18498	-531.7492	-561.5847	29.83548	0.4906422	1.765942	2.267764
18504	-532.1858	-563.3258	31.14002	0.04602374	1.61276	2.327742
18510	-523.6052	-552.8377	29.23243	0.1329012	1.093998	3.561081
18516	-520.8678	-550.6659	29.79805	0.08450338	0.650671	3.605494
18522	-523.4319	-552.795	29.36319	0.1203924	0.8835681	3.635078
18528	-525.0177	-554.493	29.47539	0.1524883	0.6531291	3.635078
18534	-528.2972	-557.4066	29.10938	0.2895896	0.6278962	3.635078
18540	-534.7575	-563.5685	28.81099	1.048248	0.7088052	3.120078
18546	-531.3045	-561.3492	30.04466	0.4249214	0.7471128	2.843526
18552	-523.7103	-554.1142	30.40399	0.3950379	1.479479	2.19704
18558	-528.6406	-557.0256	28.38506	0.3068454	1.479479	3.537685
18564	-522.5847	-554.0129	31.42817	0.3305106	1.554451	1.534486
18570	-527.1932	-556.464	29.27082	0.6219307	1.15416	2.873361
18576	-529.9511	-557.8394	27.88826	0.8812682	0.9772308	3.605419
18582	-535.1334	-563.7895	28.65619	0.8812682	1.041629	3.11637
18588	-533.2238	-560.3679	27.14418	1.079995	0.997881	3.906144
18594	-527.2832	-555.6054	28.32223	0.7025097	1.210215	3.340308
18600	-531.757	-560.0949	28.33795	0.7025097	1.210215	3.331064
18606	-533.579	-562.3557	28.77664	0.6400824	0.9434585	3.279125
18612	-533.6007	-561.9886	28.38794	0.4934863	1.035099	3.583327
18618	-532.4155	-561.5331	29.11762	0.2977443	1.126348	3.327963
18624	-530.9707	-561.556	30.58526	0.3909788	1.126348	2.312548
18630	-523.4428	-553.046	29.60326	0.476329	1.124464	2.826926
18636	-524.7183	-553.2447	28.52645	0.5395097	0.9123936	3.530837
18642	-521.9197	-551.548	29.62824	0.4086512	1.355886	2.744957
18648	-525.0832	-556.0824	30.99921	0.5705827	1.614179	1.487459
18654	-529.0146	-560.4721	31.45751	0.5035949	1.894836	0.9425882
18660	-530.309	-560.7986	30.48961	0.4476684	2.107273	1.647374
18666	-525.0779	-555.6385	30.56064	0.7823431	1.551219	1.647374
18672	-524.59	-554.2568	29.66684	0.6505689	1.158855	2.60378
18678	-532.2518	-561.587	29.33516	0.6505689	2.341971	2.061232
18684	-529.1248	-560.8101	31.68531	0.4236129	1.830605	0.916608
18690	-521.0806	-552.4211	31.34052	0.3582302	1.830605	1.344686
18696	-524.0172	-554.7501	30.73286	0.4426137	2.235087	1.376583
18702	-526.4725	-556.6331	30.16058	0.4848564	1.547319	2.205467
18708	-529.6926	-560.4084	30.71579	0.7586057	1.323354	1.719582
18714	-524.3755	-554.5111	30.13562	0.3752698	1.505108	2.377404
18720	-524.5421	-555.9771	31.43499	0.3752698	1.652819	1.382973
18726	-533.9143	-565.087	31.17279	0.3734882	2.105747	1.231343
18732	-534.111	-564.5271	30.4161	0.575487	1.255613	2.135405
18738	-539.3051	-570.8525	31.5474	0.575487	1.72884	0.9025461
18744	-524.2386	-555.6397	31.40109	0.5196653	1.491814	1.332226
18750	-520.3635	-551.5191	31.15556	0.4265435	1.578102	1.576011
18756	-519.7355	-549.6204	29.88488	0.4265435	1.095111	2.727
18762	-528.3084	-558.9415	30.6331	0.5760612	1.996941	1.468654
18768	-528.0327	-557.3866	29.35391	0.5115336	1.429263	2.757387
18774	-532.0633	-561.3652	29.30188	0.5480542	1.941306	2.436526
18780	-529.7928	-561.3901	31.59731	0.2224305	1.730618	1.475703
18786	-525.905	-556.2298	30.32481	0.2224305	1.406306	2.547
18792	-527.3409	-557.4853	30.14441	0.3086236	1.368491	2.54723
18798	-523.5192	-554.1492	30.63	0.2396071	1.151504	2.486157
18804	-528.2973	-558.0592	29.76192	0.3405925	1.346681	2.752779
18810	-530.5221	-557.4503	26.92825	0.6963632	0.5582535	4.518322
18816	-531.3146	-558.6892	27.37463	0.1389819	0.3778075	5.00728
18822	-527.9713	-557.0511	29.07978	0.2090969	0.6153838	3.781655
18828	-528.9963	-558.9155	29.91919	0.5388376	0.9887081	2.654129
18834	-530.0285	-560.0685	30.03994	0.2081986	1.020769	2.981285
18840	-526.7616	-556.9445	30.18291	0.3674176	1.116399	2.601011
18846	-522.542	-552.5484	30.00643	0.3235067	1.314154	2.645563
18852	-518.4017	-549.3625	30.9607	0.3221241	1.011872	2.237297
18858	-523.0331	-554.447	31.41388	0.1372276	1.079319	2.237297
18864	-526.4362	-556.988	30.55179	0.3072377	1.138631	2.438183
18870	-536.1867	-566.7691	30.58236	0.6792942	1.409938	1.822783
18876	-525.7785	-556.2247	30.44621	0.3206223	0.8276804	2.678264
18882	-525.265	-555.4307	30.16573	0.2425397	1.298154	2.678264
18888	-529.1526	-559.0254	29.87276	0.713063	0.7492571	2.678264
18894	-530.1991	-559.1004	28.90125	0.2487298	0.9379289	3.635183
18900	-527.7506	-559.7246	31.97403	0.3047474	1.865831	0.8237663
18906	-522.6779	-555.1556	32.47775	0.1548271	1.865529	0.6999882
18912	-525.026	-557.4902	32.46426	0.1579314	1.865529	0.7049397
18918	-524.7643	-555.8228	31.05852	0.1993248	1.922734	1.774799
18924	-528.1863	-558.5222	30.33591	0.4083369	1.827547	1.99638
18930	-537.8834	-566.5612	28.67783	0.3775016	0.8330966	3.655121
18936	-534.2182	-559.9506	25.73238	0.2777725	0.5348993	5.600453
18942	-527.3997	-557.3492	29.94948	0.2935705	1.372057	2.687147
18948	-531.918	-561.7744	29.85639	0.3702551	1.297453	2.687147
18954	-525.9544	-556.8464	30.89192	0.4084865	1.173837	2.061016
18960	-532.9095	-564.1683	31.25876	0.3945385	1.480515	1.61606
18966	-530.7687	-559.7864	29.01768	0.6050062	1.111195	3.065965
18972	-536.8969	-565.8316	28.93471	0.3331984	1.430405	3.209218
18978	-533.8634	-563.1617	29.29834	0.2533845	1.335402	3.162126
18984	-530.8175	-559.5743	28.75684	0.6553973	1.13628	3.164242
18990	-525.2184	-555.3768	30.15846	0.6833262	1.72829	1.891344
18996	-532.3823	-562.9093	30.52697	0.6183463	1.837005	1.619831
19002	-522.844	-553.9541	31.11018	0.3323338	1.536108	1.772859
19008	-524.4303	-555.4368	31.00654	0.379585	1.42667	1.851951
19014	-526.596	-556.8369	30.24091	0.4826378	1.476101	2.201997
19020	-533.6638	-564.4198	30.75603	0.4826378	1.267183	2.00105
19026	-526.56	-556.5553	29.99531	0.160607	1.267183	2.949723
19032	-528.9074	-556.6909	27.78349	0.4126372	1.096697	3.978759
19038	-528.0308	-556.9844	28.9536	0.4264576	1.32404	3.150419
19044	-528.2782	-557.6921	29.41382	0.3219621	0.9120724	3.247058
19050	-524.1558	-553.8753	29.71954	0.2316315	0.828794	3.247058
19056	-521.6186	-551.4801	29.86145	0.2212702	0.7156499	3.247058
19062	-521.4804	-549.5958	28.11532	0.3236095	0.4851147	4.241544
19068	-517.7422	-547.59	29.84787	0.288616	1.02618	2.966175
19074	-521.1699	-552.2418	31.07187	0.4218675	1.676393	1.571658
19080	-527.8721	-557.2011	29.32903	0.2685863	1.196689	3.203254
19086	-524.9594	-555.4665	30.50705	0.411527	1.797915	1.897093
19092	-526.2408	-555.3432	29.10243	0.5093339	1.742748	2.721655
19098	-534.0755	-565.2449	31.16943	0.3375513	1.498625	1.749756
19104	-523.5542	-554.8968	31.34258	0.473165	1.85945	1.137147
19110	-534.2017	-564.5977	30.39594	0.5525148	2.919093	0.8981728
19116	-531.0663	-560.2658	29.1995	0.79723	1.976281	2.265946
19122	-525.6443	-557.57	31.92575	0.2589241	1.777933	1.085353
19128	-523.8843	-555.271	31.3867	0.3937002	2.292272	0.7877387
19134	-526.0143	-557.297	31.28269	0.5837221	2.195463	0.5121644
19140	-524.6494	-556.2734	31.62403	0.2526589	2.488417	0.5399567
19146	-522.7149	-554.0685	31.35363	0.3327628	2.488417	0.3227052
19152	-522.7366	-553.9498	31.21318	0.3819559	2.481604	0.2876094
19158	-520.0093	-551.5379	31.52862	0.3083777	2.377093	0.3314244
19164	-524.6253	-556.8643	32.239	0.1784027	2.076097	0.422105
19170	-531.2514	-562.4572	31.2058	0.3019563	2.529546	0.2206904
19176	-526.4117	-556.5245	30.11284	0.7875625	2.720662	0.1820222
19182	-528.1763	-559.4399	31.26357	0.2571237	2.756024	0.3217246
19188	-524.0773	-553.711	29.6337	0.4556609	3.233067	0.09889272
19194	-523.364	-553.201	29.837	0.2668941	3.271614	0.08213273
19200	-529.1132	-558.8863	29.77313	0.4203081	3.258073	0.112305
19206	-523.4071	-553.442	30.03492	0.2735052	3.258073	0.105127
19212	-523.7584	-554.2272	30.46878	0.3024162	3.052951	0.1571339
19218	-517.6244	-548.5694	30.94509	0.3216417	2.678018	0.196575
19224	-520.789	-551.4445	30.65558	0.2442838	3.007369	0.1565101
19230	-522.586	-552.9218	30.33582	0.3696598	3.007369	0.1498804
19236	-520.873	-551.2728	30.39984	0.2428882	3.007369	0.1100242
19242	-522.153	-551.9806	29.82761	0.468579	3.090747	0.1085906
19248	-519.8987	-550.0422	30.14347	0.3162541	3.090747	0.1109151
19254	-525.0994	-555.8766	30.77718	0.2778864	2.87043	0.1737995
19260	-532.4277	-563.2044	30.77673	0.2427559	2.87043	0.1520814
19266	-528.5768	-559.7389	31.16212	0.3147492	2.610874	0.2504273
19272	-539.7501	-570.3605	30.61039	0.7342751	2.610874	0.3555692
19278	-539.2959	-569.9447	30.64875	0.6551201	2.585909	0.2784569
19284	-537.7589	-567.8963	30.13739	1.147858	2.585909	0.298553
19290	-530.7085	-561.4377	30.72914	0.4711728	2.859592	0.3361482
19296	-531.1735	-562.5811	31.40756	0.3432567	2.445677	0.3587754
19302	-532.8538	-564.4768	31.62306	0.3341547	2.253524	0.3636472
19308	-530.4879	-561.246	30.75812	0.4002347	2.8807	0.823969
19314	-523.4278	-554.1133	30.68548	0.8305974	2.471296	0.4794349
19320	-525.971	-556.4707	30.49977	0.6930696	2.539091	0.9802533
19326	-526.0247	-557.3937	31.36897	0.4764021	2.227837	0.6795929
19332	-529.4069	-561.1399	31.73306	0.4466807	1.446952	1.197018
19338	-531.1196	-561.9262	30.80663	0.9571733	2.146464	0.7056428
19344	-526.9898	-556.1553	29.16547	0.6143284	1.240859	2.891189
19350	-529.1684	-558.6095	29.44105	0.691644	1.685682	2.380983
19356	-519.2282	-550.7653	31.53711	0.4664173	1.607578	1.197506
19362	-522.2389	-552.4829	30.24398	0.3272166	1.747998	2.21752
19368	-525.3355	-556.4464	31.11098	0.6599244	1.71888	1.213648
19374	-525.4526	-556.4004	30.94778	0.6599244	1.783663	1.295487
19380	-525.7064	-556.6899	30.98351	0.5964478	2.076132	1.089452
19386	-521.3416	-553.0341	31.69258	0.5032495	1.856342	0.6849382
19392	-525.0341	-556.524	31.4899	0.5123435	1.856342	0.933815
19398	-522.6554	-553.5766	30.92122	0.3469617	1.546978	1.873892
19404	-522.7536	-554.6873	31.93371	0.2345312	1.794975	1.121287
19410	-521.7961	-552.6209	30.82486	0.5264508	1.743471	1.571741
19416	-525.6386	-556.5496	30.91104	0.4743284	1.743471	1.571741
19422	-526.0303	-557.3866	31.35624	0.4743284	1.785384	1.188391
19428	-535.9162	-566.7797	30.86349	0.6263339	1.598972	1.539499
19434	-534.1258	-562.8399	28.71413	0.5788405	0.8069748	3.447736
19440	-533.4543	-561.9324	28.47809	0.7927962	2.492445	2.399918
19446	-524.776	-554.7895	30.01356	0.5090277	1.406678	2.363915
19452	-524.183	-555.4978	31.31479	0.5090277	1.489429	1.415505
19458	-529.6381	-561.7193	32.08119	0.3204675	1.581604	0.9826457
19464	-524.2584	-554.6963	30.43784	0.2120196	1.099271	2.68525
19470	-523.5457	-553.962	30.41634	0.479008	1.474216	2.0929
19476	-529.8082	-559.8037	29.99556	0.6233154	2.202404	1.73311
19482	-528.966	-555.2865	26.32046	0.5746113	0.6890455	4.880455
19488	-522.868	-553.5017	30.63363	0.3107384	1.249451	2.311081
19494	-527.9396	-559.3842	31.44452	0.1367271	1.700303	1.80507
19500	-529.1926	-560.9005	31.7079	0.354726	2.021556	0.8247567
19506	-534.3214	-564.7171	30.39566	0.2761581	1.621282	2.277776
19512	-531.4276	-559.9002	28.47256	0.1024335	0.5096413	4.399132
19518	-527.531	-556.1894	28.65837	0.06022297	0.5171595	4.399132
19524	-532.1472	-561.9185	29.77133	0.245201	0.7102576	3.264911
19530	-534.1368	-563.5089	29.37211	0.2451777	1.440009	3.068682
19536	-527.0945	-558.2624	31.16793	0.3662595	1.543395	1.676631
19542	-523.7148	-554.8513	31.13653	0.4434257	2.331332	0.9295795
19548	-528.5535	-560.2671	31.71354	0.2779056	2.053388	0.9778317
19554	-528.3849	-559.7198	31.33486	0.09088412	1.228773	2.311514
19560	-534.8476	-565.6136	30.76598	0.158544	1.704153	2.203584
19566	-529.9306	-561.3429	31.41232	0.2308804	1.385376	1.839191
19572	-525.6715	-555.1984	29.52692	0.133108	0.7442162	3.592773
19578	-521.8292	-550.0546	28.2254	0.2029549	0.7225461	4.218999
19584	-527.9278	-556.8687	28.94093	0.1895724	0.6610115	3.868911
19590	-529.4616	-559.1183	29.6567	0.2893188	1.133364	3.015587
19596	-520.1829	-551.2992	31.11637	0.3200586	1.354652	1.911752
19602	-522.4936	-554.9585	32.46496	0.1088884	1.375304	1.375385
19608	-528.9884	-561.2228	32.23437	0.0677157	1.191447	1.812272
19614	-531.6835	-561.7632	30.07961	0.06911861	0.9209739	3.324943
19620	-530.6808	-560.9381	30.25733	0.142065	1.242656	2.845306
19626	-525.5096	-553.8539	28.34427	0.4637203	0.6508246	3.859837
19632	-521.1546	-550.8435	29.68889	0.476618	1.337007	2.644177
19638	-520.7822	-551.1816	30.39943	0.5735063	1.078323	2.262856
19644	-519.7637	-550.4946	30.73092	0.2752589	1.319863	2.257489
19650	-527.2432	-557.6822	30.43902	0.7536779	1.906833	1.501423
19656	-520.7323	-552.7092	31.97696	0.3205389	1.868514	0.7679828
19662	-533.1083	-564.8196	31.71125	0.2588233	1.954229	1.120533
19668	-531.4593	-561.2056	29.74627	0.2855074	1.35585	2.832876
19674	-522.8106	-552.7696	29.95897	0.3672914	1.712005	2.368481
19680	-527.5332	-557.8761	30.34292	0.5822768	1.651627	1.91426
19686	-518.2113	-548.8512	30.63989	0.4430084	1.728829	1.813734
19692	-519.2236	-549.5479	30.32432	0.3679872	1.61642	2.194812
19698	-519.5156	-550.3149	30.79927	0.3715527	1.791098	1.754386
19704	-516.7574	-547.3417	30.58434	0.3715527	1.161885	2.315134
19710	-526.1527	-556.2044	30.05175	0.5706422	1.348594	2.315134
19716	-521.1403	-551.5267	30.38642	0.4159911	1.469918	2.188695
19722	-526.7261	-558.6035	31.87739	0.3045984	1.585714	1.200706
19728	-526.2726	-558.1106	31.838	0.3045984	1.405497	1.380155
19734	-534.1117	-563.7148	29.60309	0.5638521	1.752759	2.34999
19740	-532.6053	-562.1189	29.51361	0.5638521	1.68071	2.451999
19746	-536.0953	-564.3501	28.25475	0.7947598	1.798035	2.963016
19752	-532.1182	-562.2124	30.09429	0.930402	1.899215	1.612689
19758	-537.1863	-566.4959	29.30953	1.67827	2.170186	1.532799
19764	-525.4672	-553.1319	27.66471	0.3179547	0.6927373	4.386103
19770	-526.2776	-555.4078	29.13015	0.7651967	0.7716453	3.074805
19776	-521.9846	-552.055	30.07036	0.158386	0.9910341	3.074805
19782	-518.8858	-549.0349	30.14915	0.158386	1.021906	3.009189
19788	-519.1015	-547.134	28.03246	0.317892	1.12041	3.934082
19794	-522.4493	-553.1401	30.69074	0.3721599	1.149064	2.254448
19800	-524.7404	-554.6306	29.89024	0.3616161	0.9061193	2.915507
19806	-524.3486	-552.6074	28.25879	0.4499002	0.8438607	3.811986
19812	-518.502	-547.6275	29.12543	0.2770982	0.7891496	3.549629
19818	-523.8726	-552.8367	28.96412	0.2919639	0.8015294	3.615345
19824	-519.9437	-549.4493	29.50564	0.7017543	1.064131	2.719292
19830	-520.0495	-548.6189	28.56941	0.5200329	0.9119008	3.524115
19836	-525.2424	-554.4499	29.20745	0.325767	0.8892258	3.377076
19842	-533.3281	-563.001	29.67286	0.3863035	1.568347	2.613515
19848	-523.712	-554.2605	30.54844	0.2790434	1.14776	2.476425
19854	-522.0861	-552.4874	30.40137	0.3119005	1.277917	2.43849
19860	-522.2623	-553.6748	31.4125	0.6737748	1.508068	1.117852
19866	-530.1165	-560.6962	30.57969	0.8324801	1.384906	1.710379
19872	-533.6543	-564.5389	30.88458	0.4755968	2.132137	1.291274
19878	-539.2539	-570.6402	31.38626	0.3917587	1.704215	1.355121
19884	-534.8077	-566.3772	31.56944	0.3387586	1.598622	1.379616
19890	-536.5361	-566.3456	29.80958	1.098518	1.311494	2.096905
19896	-533.6634	-564.3987	30.7353	0.7963907	1.595348	1.474006
19902	-537.0373	-568.0126	30.97526	0.5987218	1.674353	1.428172
19908	-533.5472	-564.1599	30.6127	0.7699858	1.385459	1.738639
19914	-535.9147	-566.3322	30.41744	0.1689203	1.20085	2.716848
19920	-537.823	-567.895	30.07207	0.5315106	1.904395	1.97881
19926	-535.5858	-565.6515	30.06566	0.6006211	2.22454	1.690943
19932	-533.9817	-562.7414	28.75971	0.6006211	1.877948	2.762669
19938	-536.5046	-564.2187	27.71408	0.5791229	1.185977	3.807702
19944	-535.3755	-565.5374	30.16195	0.5719552	1.925824	1.861346
19950	-539.186	-568.8907	29.70462	0.4914441	3.155412	0.1059379
19956	-538.6297	-568.1739	29.54414	0.5595992	3.206975	0.1059379
19962	-535.8049	-565.4367	29.63187	0.5179175	3.171966	0.1042475
19968	-529.2578	-558.5071	29.24929	0.6372623	3.279591	0.09247015
19974	-531.4737	-561.8176	30.34388	0.8680425	2.030066	1.377365
19980	-525.7598	-556.2052	30.44547	0.4334798	2.806341	0.1568309
19986	-535.6534	-566.3095	30.65617	0.4334798	2.832951	0.2303139
19992	-531.6927	-562.3803	30.68757	0.3788412	2.688305	0.161444
19998	-535.5737	-566.8482	31.27452	0.1666277	2.664186	0.1676011
20004	-533.3996	-560.7538	27.35415	0.1978931	0.7140328	4.722843
20010	-542.7383	-568.0307	25.29237	0.3796607	1.459578	5.209645
20016	-536.954	-565.5791	28.62514	0.6133687	1.302406	3.178664
20022	-534.4502	-563.1087	28.65851	0.4558938	0.8206098	3.588194
20028	-532.5716	-561.8624	29.29078	0.1345631	0.8206098	3.682237
20034	-527.3593	-555.7732	28.41392	0.4520819	0.9097217	3.682237
20040	-537.2382	-566.6129	29.37466	1.099134	1.532613	2.23553
20046	-532.1916	-563.7746	31.58294	0.4222969	2.01877	0.8180502
20052	-541.3587	-572.5201	31.16146	0.08072877	1.28052	2.41763
20058	-531.7377	-562.8839	31.14628	0.1330786	1.215523	2.331228
20064	-521.4108	-552.0188	30.60801	0.09564744	1.052652	2.858867
20070	-524.2952	-554.8967	30.60153	0.1954308	1.147298	2.584868
20076	-524.5516	-555.4824	30.93076	0.1717904	0.775311	2.65715
20082	-528.4278	-559.3983	30.97046	0.3695417	2.129467	1.382556
20088	-534.8539	-565.4152	30.5613	0.5743266	1.994304	1.526487
20094	-529.0124	-559.51	30.49759	0.6241989	1.65606	1.763265
20100	-532.213	-562.1244	29.91143	0.4535768	1.802531	2.23644
20106	-527.0138	-557.9068	30.89301	0.626487	1.840619	1.331067
20112	-524.4113	-555.814	31.40276	0.1954391	1.440867	1.877622
20118	-531.6136	-562.1151	30.50144	0.1048095	1.399031	2.688894
20124	-531.7928	-561.429	29.63624	0.4499487	1.725882	2.464035
20130	-533.0739	-563.5902	30.51627	0.8005483	1.81009	1.473533
20136	-526.1639	-557.478	31.31408	0.4637458	1.903673	1.137663
20142	-530.7626	-562.9506	32.18795	0.2561759	1.725438	0.8780462
20148	-527.3978	-559.1306	31.73284	0.2250948	1.725438	1.369435
20154	-521.6937	-552.2985	30.60483	0.256076	1.134519	2.485451
20160	-521.425	-552.8489	31.42391	0.256076	1.134519	1.956178
20166	-521.0672	-550.2553	29.18807	0.3395084	1.556663	2.974631
20172	-521.7027	-550.5377	28.83498	0.3090886	1.270724	3.393766
20178	-521.2281	-550.099	28.87092	0.6111953	1.285873	3.043947
20184	-526.0202	-554.1479	28.12761	0.6111953	1.175705	3.547183
20190	-533.0346	-561.5188	28.4842	0.2957145	1.192116	3.661994
20196	-534.8948	-564.128	29.23325	0.2523773	0.8883033	3.465307
20202	-533.691	-565.6841	31.99319	0.2534583	1.635091	1.165878
20208	-538.8683	-568.7205	29.85221	0.318331	2.103901	2.253335
20214	-530.9078	-559.304	28.39624	0.44929	1.30608	3.464975
20220	-530.8972	-561.4012	30.50407	0.3478231	1.800998	1.982792
20226	-531.6774	-561.0606	29.38322	0.6849629	1.367843	2.621296
20232	-530.2176	-561.106	30.88839	0.4499369	1.612984	1.71249
20238	-534.0237	-565.186	31.1623	0.257631	1.617178	1.802843
20244	-534.3005	-563.9481	29.64763	0.4211965	2.045904	2.287255
20250	-541.1873	-566.6207	25.43338	0.4473024	0.4287357	5.629502
20256	-534.2883	-559.7084	25.42005	0.4898038	0.3685236	5.629502
20262	-524.3155	-555.9723	31.65671	0.5745026	1.785882	0.6744394
20268	-522.5655	-553.6779	31.11244	0.5200792	1.516351	1.534687
20274	-538.3104	-568.5746	30.26422	0.5200792	1.057461	2.414906
20280	-529.9933	-558.4771	28.48382	0.6378255	0.564365	3.673419
20286	-528.0665	-557.7037	29.63719	0.6239872	1.127938	2.664008
20292	-526.7994	-554.9514	28.152	0.8945246	1.504677	3.132235
20298	-528.7728	-558.1617	29.38883	0.4256347	1.024421	3.07053
20304	-523.5621	-552.2871	28.72492	0.3637701	1.808768	3.07053
20310	-530.3839	-560.5738	30.18995	0.6118569	1.607691	2.017364
20316	-531.9905	-561.7888	29.79834	0.4669531	1.78231	2.306887
20322	-528.8322	-560.0821	31.24992	0.4669531	1.942356	1.15531
20328	-523.9933	-555.3526	31.35931	0.3812985	2.342093	0.790458
20334	-521.8481	-553.7863	31.9382	0.2872583	2.090035	0.4780518
20340	-529.4387	-560.4162	30.97749	0.5023589	2.378969	0.9403808
20346	-527.5065	-558.8888	31.38232	0.4295547	1.801904	1.219891
20352	-523.3712	-554.2389	30.86767	0.4779015	1.572011	1.721647
20358	-527.1203	-558.3843	31.26403	0.7554978	1.79998	0.8661871
20364	-524.6648	-555.201	30.53626	0.4512444	1.221524	2.210834
20370	-528.6659	-559.5523	30.88636	0.2794871	1.176705	2.242936
20376	-525.7331	-556.5119	30.77885	0.4021145	1.177821	2.140588
20382	-524.8642	-555.8985	31.03436	0.4021145	1.555275	1.712562
20388	-539.8122	-569.972	30.15976	0.9529571	2.666032	0.8843342
20394	-533.3032	-564.0118	30.70856	0.4755992	1.401442	1.950981
20400	-527.2246	-558.4449	31.22026	0.784221	1.599145	1.082533
20406	-524.4084	-555.9418	31.53337	0.393451	1.699086	1.236794
20412	-528.9815	-558.0241	29.04267	0.4984746	1.195103	3.099247
20418	-530.0736	-559.4032	29.32955	0.9593734	1.412526	2.427837
20424	-523.6914	-554.0116	30.32021	0.9185701	1.849752	1.491758
20430	-524.2088	-555.0433	30.83445	0.8554046	1.970388	1.017634
20436	-525.4424	-556.4555	31.01305	0.386997	1.970388	1.445643
20442	-527.9393	-558.0022	30.06286	0.3574575	1.959614	2.155821
20448	-531.7015	-560.7179	29.01642	0.4347645	0.6930051	3.476103
20454	-536.9548	-563.7664	26.81163	0.4521769	0.9385076	4.577751
20460	-530.7385	-558.3523	27.61375	0.5202314	1.42377	3.781034
20466	-522.9364	-550.4319	27.49557	0.5952406	1.123965	3.95505
20472	-522.2464	-552.3266	30.08021	0.334646	1.022156	2.764421
20478	-516.9489	-548.0362	31.0873	0.384492	1.143092	1.98256
20484	-517.2679	-547.0678	29.79993	0.4055523	1.143092	2.773667
20490	-521.4085	-551.6806	30.27209	0.2084349	1.130991	2.773667
20496	-529.0062	-558.3281	29.32188	0.4631061	1.60188	2.721278
20502	-528.2916	-557.9319	29.64031	0.4631061	1.182486	2.78297
20508	-530.5653	-561.5314	30.96611	0.2522786	1.321232	2.142011
20514	-523.9225	-555.8921	31.96959	0.2445397	2.167093	0.4930299
20520	-525.3846	-557.1329	31.74834	0.3321153	2.167093	0.5789954
20526	-526.7362	-558.4458	31.70964	0.3440522	2.112234	0.7261113
20532	-526.3715	-558.488	32.11656	0.2209318	2.07793	0.4440069
20538	-521.0675	-552.5521	31.48464	0.3198742	1.793499	1.325153
20544	-519.7394	-551.6678	31.92834	0.3146652	1.908994	0.7975229
20550	-518.6684	-550.6989	32.03054	0.150946	1.868831	1.196888
20556	-521.7895	-551.2429	29.45338	0.3856329	0.9986501	3.092984
20562	-517.2735	-547.6004	30.3269	0.3619315	1.165329	2.487957
20568	-519.6759	-550.2524	30.57644	0.2656964	1.134416	2.487957
20574	-521.7474	-551.9653	30.21784	0.1397506	1.160766	2.923795
20580	-520.0124	-550.4539	30.44152	0.1397506	0.9370861	2.923795
20586	-528.7416	-559.5293	30.78778	0.1219068	1.300583	2.530145
20592	-527.0995	-557.6974	30.59792	0.2618393	1.055124	2.530145
20598	-528.4854	-558.6197	30.13423	0.3604889	1.133097	2.629576
20604	-529.1374	-557.8419	28.70453	0.7270558	0.7662869	3.358042
20610	-528.8473	-558.3061	29.45887	0.2585413	0.9220288	3.303826
20616	-534.7238	-564.9879	30.2641	0.06819535	1.346408	2.964897
20622	-527.6763	-558.6074	30.93112	0.07647637	0.9237294	2.793256
20628	-535.2463	-565.9092	30.66281	0.1036343	1.071916	2.793256
20634	-546.886	-578.0022	31.11618	0.4627078	1.416784	1.674118
20640	-530.9627	-559.9471	28.98436	0.1716538	0.6059533	3.908159
20646	-532.7077	-560.4289	27.72116	0.1481452	0.4024995	4.782252
20652	-529.8234	-556.874	27.05057	0.3247758	0.585856	4.782252
20658	-526.0433	-555.0155	28.9722	0.3199393	0.4850906	3.756484
20664	-526.1971	-555.7482	29.55115	0.04405305	0.8325795	3.756484
20670	-522.8368	-552.9798	30.14297	0.1274025	1.034207	3.072229
20676	-523.4119	-553.1432	29.73133	0.425837	1.271535	2.713785
20682	-519.3579	-547.2283	27.87042	0.3404997	0.9229922	4.111002
20688	-521.2791	-549.2535	27.97439	0.0896027	0.7542904	4.572949
20694	-533.513	-563.5932	30.08025	0.3298168	1.713152	2.341057
20700	-533.812	-564.131	30.319	0.2492618	1.141773	2.669261
20706	-527.8181	-556.4644	28.64627	0.5548597	1.103133	3.335137
20712	-532.7378	-560.913	28.17522	0.3935095	0.888159	3.894845
20718	-533.3274	-562.7742	29.44678	0.7226699	0.7115106	2.952783
20724	-533.1784	-562.4625	29.28407	0.4598088	2.043429	2.474827
20730	-538.312	-565.4237	27.11171	0.9575893	0.291902	4.394688
20736	-535.3892	-562.6117	27.22249	0.6377837	0.3237285	4.529135
20742	-532.5496	-562.0256	29.47599	0.7477627	1.276566	2.570587
20748	-526.2059	-554.4528	28.24687	0.4462641	0.5554606	3.987951
20754	-524.4538	-552.2798	27.82595	0.5435015	0.8141701	3.987951
20760	-531.7059	-559.2275	27.52161	0.2357419	0.6478652	4.605656
20766	-529.0254	-556.004	26.97868	0.7076565	0.3376322	4.605656
20772	-519.2834	-550.8371	31.55376	0.3543643	1.526981	1.421778
20778	-530.8884	-561.1902	30.30184	0.671757	1.725332	1.805659
20784	-529.1196	-560.2267	31.10704	0.4704078	2.284899	0.9597808
20790	-536.4155	-565.5989	29.1834	0.2145041	0.728269	3.647535
20796	-530.184	-559.5169	29.33285	0.1613137	0.7439704	3.647535
20802	-530.6741	-560.2964	29.62223	0.7775953	1.205358	2.501143
20808	-534.1257	-565.2921	31.16641	0.3174329	1.538124	1.755228
20814	-536.965	-566.9424	29.97737	0.4381226	1.807357	2.208631
20820	-534.5858	-565.0558	30.47	0.6507055	1.686623	1.735345
20826	-529.9178	-560.3731	30.45528	0.5221949	1.66771	1.890014
20832	-526.6108	-557.5829	30.97204	0.7084762	1.942247	1.081816
20838	-529.321	-560.5387	31.21764	0.316538	1.913102	1.446348
20844	-527.1287	-558.9262	31.79748	0.3098113	1.495271	1.331661
20850	-530.2066	-561.0832	30.87656	0.07123024	1.350906	2.579526
20856	-524.809	-555.7797	30.97073	0.2935387	1.607066	1.880619
20862	-525.0958	-555.5715	30.47571	0.1195845	0.9998433	2.911231
20868	-527.8835	-557.1402	29.25667	0.1553179	1.10007	3.496667
20874	-532.4404	-559.8494	27.40902	0.6439161	1.934909	3.496667
20880	-528.8448	-558.8556	30.01073	0.2299052	1.547059	2.641494
20886	-525.6159	-554.6138	28.9979	0.2782776	1.14822	3.412751
20892	-524.1755	-553.7709	29.5954	0.374921	1.024901	3.005121
20898	-526.8096	-557.5045	30.69487	0.3101651	1.109906	2.361726
20904	-525.3537	-555.1348	29.78107	0.2471892	1.241131	2.939482
20910	-521.02	-549.2043	28.18431	0.5033206	0.8827008	3.779894
20916	-523.5109	-552.1374	28.62644	0.2397764	0.7666988	3.906
20922	-524.1361	-553.5614	29.42528	0.3457682	1.603244	2.794881
20928	-525.5315	-556.7582	31.22668	0.454706	1.373801	1.635805
20934	-524.3601	-554.9678	30.60763	0.2162669	1.223791	2.495318
20940	-523.7776	-556.0188	32.2412	0.2625541	1.761773	0.7387107
20946	-519.2125	-551.2241	32.01158	0.3744852	1.746209	0.7277732
20952	-518.6767	-550.0113	31.33455	0.3744852	1.761939	1.377406
20958	-519.7595	-551.6664	31.90688	0.2862998	2.122637	0.5323247
20964	-525.7165	-557.5907	31.87414	0.3826655	1.593488	1.046081
20970	-526.1529	-557.0367	30.88377	0.5216246	1.579902	1.653194
20976	-530.6265	-561.634	31.00745	0.4587748	1.65537	1.585404
20982	-534.2521	-562.0186	27.76652	1.166684	1.195962	3.384546
20988	-527.7753	-556.3972	28.6219	0.6496509	1.244842	3.184565
20994	-524.1513	-555.6934	31.54211	0.4480547	1.688984	1.150377
21000	-529.2832	-560.7591	31.47589	0.5259008	1.954901	0.8086835
21006	-529.5959	-559.8014	30.20545	0.7600242	1.719678	1.798019
21012	-524.7074	-555.9238	31.21638	0.3628738	1.32901	1.798019
21018	-528.0922	-558.1886	30.09641	0.1535189	1.774676	2.59312
21024	-529.7457	-560.7453	30.99955	0.5156126	2.224066	1.052111
21030	-528.9114	-560.6928	31.78139	0.2775541	2.224066	0.3615943
21036	-526.9214	-558.8048	31.88344	0.2240497	2.245691	0.3424471
21042	-527.9191	-558.7115	30.79235	0.7952008	2.397923	0.4370302
21048	-521.2539	-552.2674	31.01352	0.4976215	2.598965	0.4791796
21054	-531.0144	-559.3305	28.31615	0.3764407	3.892925	0.03917369
21060	-539.4594	-570.0602	30.60086	0.918348	2.441452	0.4103276
21066	-522.8707	-554.3643	31.4936	0.4040756	2.126557	0.8381383
21072	-525.5033	-556.3684	30.86509	0.8805935	2.232153	0.5474394
21078	-522.3288	-553.7101	31.38135	0.3270282	2.555924	0.5178744
21084	-525.2639	-554.8252	29.56129	0.4968748	3.289048	0.1058518
21090	-527.524	-558.2981	30.7741	0.8479142	2.146107	0.90616
21096	-523.2269	-554.3996	31.17266	0.3733652	1.835786	1.447308
21102	-526.1748	-555.7333	29.55855	0.2792373	3.372502	0.06907569
21108	-527.1395	-556.6601	29.52061	0.2950708	3.372502	0.06907569
21114	-524.5467	-553.9994	29.45274	0.4688527	3.254143	0.08365618
21120	-521.6512	-551.2621	29.61097	0.3115929	3.254143	0.06990131
21126	-521.3868	-550.765	29.37815	0.3412058	3.421612	0.06990131
21132	-526.2222	-556.3397	30.11747	0.5120135	3.077623	0.1764044
21138	-526.1455	-556.4706	30.32513	0.5054712	2.853366	0.1692009
21144	-520.2191	-550.4409	30.22172	0.4668592	2.953537	0.1529755
21150	-514.0541	-544.9239	30.86978	0.3292436	2.783587	0.2128742
21156	-514.3143	-545.4101	31.09576	0.2524981	2.690416	0.195603
21162	-516.6371	-547.7982	31.16109	0.22402	2.690416	0.1920044
21168	-524.0323	-555.3285	31.29626	0.2123068	2.570876	0.1866349
21174	-524.6451	-553.899	29.25394	0.6441939	1.223887	2.822418
21180	-518.3776	-549.364	30.98644	0.2499221	2.810208	0.1968164
21186	-516.7408	-547.2842	30.54339	0.4066585	2.810208	0.1693544
21192	-517.0642	-547.6228	30.5586	0.3695471	2.810208	0.1554597
21198	-521.6201	-552.5471	30.92701	0.2156153	2.810208	0.1554597
21204	-527.0165	-558.0548	31.03838	0.2065793	2.810208	0.1765982
21210	-520.0644	-551.6256	31.56118	0.1183992	2.696483	0.2115332
21216	-522.4833	-553.6073	31.12404	0.2246938	2.696483	0.1832679
21222	-520.2646	-551.4157	31.15111	0.2246938	2.696483	0.1913718
21228	-525.3952	-557.1509	31.75568	0.05609764	2.696483	0.1840311
21234	-520.5974	-552.4509	31.85346	0.04974316	2.630536	0.1840311
21240	-522.3164	-554.2545	31.93806	0.01537697	2.630536	0.1739
21246	-523.0715	-554.7133	31.64176	0.08195347	2.650008	0.1739
21252	-516.2427	-547.4299	31.18722	0.07673138	2.876297	0.1217245
21258	-521.0655	-551.4988	30.4333	0.1975506	3.17107	0.1203387
21264	-525.6284	-555.511	29.88262	0.2764616	3.386301	0.1029221
21270	-520.3038	-549.9922	29.6884	0.1659532	3.386301	0.05642983
21276	-521.3106	-550.8394	29.52881	0.1360183	3.576305	0.05192224
21282	-537.5865	-566.5253	28.93874	0.4168985	3.44098	0.05151025
21288	-525.8418	-555.195	29.35325	0.3833703	3.396327	0.07295972
21294	-539.5912	-567.7994	28.20818	0.4474286	3.793072	0.0361794
21300	-535.5446	-564.8054	29.2608	0.2544368	0.828632	3.480947
21306	-542.5756	-567.3304	24.75476	0.5193461	0.6014933	5.839724
21312	-530.4727	-560.1696	29.69692	0.515316	1.028512	2.788864
21318	-527.3009	-557.9303	30.62939	0.3359664	1.286455	2.254242
21324	-526.4675	-556.1996	29.73209	0.1765371	1.002755	3.233198
21330	-525.7277	-554.9313	29.20355	0.2926388	1.404495	3.119608
21336	-532.3637	-558.7751	26.41137	0.2079634	0.7113997	5.231803
21342	-522.1038	-550.5086	28.40483	0.07891949	0.6968837	4.390232
21348	-526.4362	-553.8134	27.37712	0.1425545	0.6685191	4.836903
21354	-525.3063	-554.2915	28.98515	0.2873515	0.7465969	3.641383
21360	-530.0213	-558.1166	28.09523	0.3559681	0.7613334	4.056385
21366	-532.7927	-562.5408	29.74814	0.1803761	0.800262	3.33594
21372	-527.1664	-555.0709	27.90452	0.4121732	1.032643	3.946659
21378	-526.5269	-557.988	31.46109	0.6150585	1.875254	0.7529469
21384	-526.9407	-557.14	30.19939	0.8722671	1.791111	1.660093
21390	-523.9033	-554.8129	30.90966	0.5626363	1.596277	1.576158
21396	-525.9219	-556.8498	30.92794	0.3856147	1.388157	1.92347
21402	-529.5218	-561.5231	32.00138	0.04021766	0.9390487	2.22596
21408	-534.9042	-564.9755	30.07126	0.5194647	1.162034	2.471099
21414	-526.9016	-555.3044	28.40275	0.1919187	0.7777843	4.105712
21420	-531.8523	-560.7826	28.93022	0.176776	0.9211199	3.74851
21426	-531.3144	-561.9352	30.62082	0.1979907	1.165054	2.557075
21432	-539.9163	-569.5162	29.59991	0.6837942	1.287876	2.537453
21438	-536.5537	-564.9479	28.39426	0.7760658	1.019366	3.356058
21444	-534.103	-564.3018	30.19875	0.8741926	1.355743	1.960092
21450	-539.2499	-568.7103	29.4604	0.4687794	1.317132	2.804535
21456	-547.3076	-577.1236	29.81598	0.829249	0.9603267	2.495206
21462	-535.6187	-564.5699	28.95125	0.3264601	0.5626168	3.715463
21468	-540.0722	-568.381	28.30878	0.4784955	1.723119	3.241393
21474	-535.5177	-564.1426	28.6249	0.2826002	0.9997237	3.709998
21480	-532.4389	-560.2181	27.7792	0.4338461	1.290854	3.847362
21486	-530.6123	-561.0071	30.39473	0.4338461	1.821262	1.92927
21492	-536.9702	-564.5041	27.5339	0.6846594	0.8384175	4.02534
21498	-536.3	-565.0812	28.78119	0.3902006	1.119799	3.41328
21504	-543.4553	-571.5378	28.08254	0.7354832	1.545774	3.259017
21510	-535.6002	-564.5947	28.99441	0.7232675	1.293248	2.874235
21516	-541.7037	-572.2441	30.54039	0.6721012	1.625549	1.708346
21522	-531.0885	-560.7734	29.68486	0.2248978	1.012214	3.169975
21528	-531.7382	-560.4984	28.76023	0.280105	0.9604286	3.657942
21534	-530.4476	-560.577	30.12937	0.4020834	1.498254	2.352293
21540	-526.2832	-556.5739	30.29072	0.4040709	1.29231	2.378157
21546	-525.7064	-555.9795	30.27308	0.4040709	1.30995	2.378157
21552	-523.4899	-555.1628	31.67291	0.2666346	1.636165	1.400268
21558	-529.1683	-560.6357	31.46745	0.4339523	1.636165	1.280361
21564	-529.1639	-560.9509	31.787	0.5280796	1.52681	0.9414445
21570	-532.4982	-562.7957	30.2975	0.396901	1.520342	2.237074
21576	-537.1006	-567.9179	30.81733	0.574534	2.399463	0.9679797
21582	-532.2937	-563.5643	31.27059	0.439777	1.806775	1.293181
21588	-526.4624	-557.082	30.61955	0.4231178	1.159093	2.23031
21594	-526.7264	-556.1956	29.4692	0.4231178	1.007055	3.035647
21600	-525.0477	-554.6851	29.63736	0.4870687	1.814787	2.366769
21606	-527.109	-559.0681	31.95914	0.3140407	1.653593	1.046267
21612	-528.3963	-559.3391	30.94287	0.5606705	2.347623	0.9116204
21618	-529.2667	-558.5545	29.28782	0.7806618	2.272027	2.028429
21624	-530.0546	-559.9464	29.89181	0.9675814	1.181643	2.211198
21630	-544.3516	-574.7475	30.39588	0.5459521	2.567062	1.240922
21636	-532.7417	-562.5611	29.81942	0.8230841	2.482249	1.472304
21642	-537.2005	-565.2101	28.00966	0.8230841	2.195349	2.851064
21648	-532.8141	-561.9346	29.12048	0.6449306	1.605002	2.670403
21654	-536.0541	-565.3647	29.31056	0.9208274	1.820226	2.205687
21660	-535.7077	-566.6379	30.93021	0.6448559	1.782826	1.327035
21666	-531.1752	-560.9673	29.79217	0.6448559	2.643619	1.540116
21672	-525.3723	-556.4924	31.12008	0.2987345	2.650225	0.2320429
21678	-525.8279	-557.4079	31.58006	0.1584092	2.5827	0.2320429
21684	-522.0126	-553.8798	31.86714	0.1022594	2.5827	0.269635
21690	-524.2983	-556.0576	31.75934	0.1188215	2.5827	0.2479647
21696	-523.9822	-555.4882	31.50606	0.1846017	2.5827	0.2371075
21702	-526.1517	-557.1983	31.04655	0.3040919	2.722771	0.2371075
21708	-525.4577	-556.9259	31.46826	0.295921	2.465104	0.3302084
21714	-535.2349	-566.2191	30.98413	0.4182576	2.759514	0.4345829
21720	-530.1406	-560.483	30.34244	0.5803211	2.089689	1.610547
21726	-526.311	-556.7384	30.42736	0.6599492	1.851381	1.6396
21732	-531.8068	-563.817	32.01018	0.2172052	2.18788	0.4215668
21738	-532.425	-564.8707	32.44571	0.1363799	1.439277	1.253156
21744	-529.2493	-559.0497	29.80047	0.4064071	1.822071	2.350267
21750	-531.455	-560.2671	28.8121	0.3462711	0.9190589	3.564672
21756	-530.3861	-559.4717	29.08559	0.3462711	0.6455677	3.564672
21762	-522.3549	-553.517	31.16213	0.1391161	1.085767	2.389377
21768	-520.7099	-551.9592	31.24931	0.1052037	1.130458	2.389377
21774	-523.5963	-555.1603	31.56405	0.3049991	1.258986	1.691684
21780	-522.4707	-554.7004	32.22971	0.100195	1.221155	1.691684
21786	-524.2994	-555.1989	30.8995	0.1368504	0.9098555	2.667928
21792	-531.8935	-561.9076	30.01404	0.01158825	1.006724	3.427129
21798	-524.4876	-555.9557	31.46813	0.008151416	1.440233	2.243652
21804	-531.1052	-561.4694	30.36411	0.1245027	1.179578	2.858464
21810	-529.8399	-559.1406	29.30066	0.2575844	1.287954	3.182484
21816	-527.3472	-558.8309	31.48367	0.3160268	1.171936	1.791497
21822	-527.6773	-558.4076	30.73023	0.237123	1.167918	2.417087
21828	-535.3716	-564.8015	29.4299	0.4517995	1.170739	2.929677
21834	-528.7667	-560.0248	31.2581	0.2655464	1.084921	2.083312
21840	-524.8029	-553.4361	28.63321	0.1626778	0.5839665	4.138165
21846	-536.2011	-564.6667	28.46557	0.2726961	0.4361843	4.138165
21852	-531.6853	-559.7449	28.05964	0.4172313	0.5323746	4.138165
21858	-537.1378	-564.3354	27.19763	0.6531277	0.4828865	4.44165
21864	-534.1749	-560.2918	26.11688	0.6219083	1.427391	4.542756
21870	-525.0817	-555.5048	30.42305	0.5756159	2.233182	1.449243
21876	-522.6696	-553.752	31.08247	0.6271315	2.233182	0.7582286
21882	-527.6129	-558.6882	31.0753	0.5801377	2.343927	0.7017833
21888	-530.457	-562.1704	31.71341	0.4561231	1.933173	0.6501879
21894	-531.9517	-561.5799	29.62818	0.5041355	2.788945	1.706559
21900	-531.4407	-563.3996	31.95883	0.1118357	1.866022	1.378069
21906	-535.702	-567.4882	31.78622	0.2391356	1.622669	1.378069
21912	-533.5221	-562.1277	28.60563	0.6411948	1.121399	3.274123
21918	-541.6838	-569.2368	27.55302	0.565296	1.136803	3.940332
21924	-534.9225	-564.4362	29.51364	0.5253852	1.682744	2.488269
21930	-531.5243	-561.8116	30.28721	0.7298062	2.565894	1.113015
21936	-531.5342	-562.9871	31.45286	0.3767595	1.706947	1.323505
21942	-530.0357	-561.3027	31.26698	0.3860941	1.500385	1.607695
21948	-520.2816	-551.1777	30.89614	0.5089022	1.651228	1.607695
21954	-525.1894	-555.8812	30.69183	0.6145974	1.500646	1.745658
21960	-525.5956	-556.1801	30.58459	0.6145974	1.043381	2.126608
21966	-524.5651	-554.4611	29.89604	0.4176227	1.113923	2.718794
21972	-524.0751	-555.7966	31.72155	0.4615016	1.601605	1.043926
21978	-524.0176	-555.4365	31.41894	0.4840806	2.196766	0.6077489
21984	-518.726	-550.5123	31.78634	0.2640771	2.295967	0.5456976
21990	-523.8698	-555.0155	31.14571	0.4932922	2.453429	0.6108049
21996	-532.1318	-563.0996	30.96782	0.6007096	2.419685	0.3396271
22002	-531.4566	-559.1159	27.65936	0.4522109	0.9253233	4.106077
22008	-526.3239	-555.7597	29.43584	0.4224008	0.978277	3.07359
22014	-528.2131	-557.4558	29.24273	0.3482592	1.029776	3.244901
22020	-522.9252	-554.4957	31.57048	0.2890866	2.370699	0.3223457
22026	-519.8966	-550.8521	30.95558	0.5735402	2.445707	0.3147331
22032	-525.895	-557.9679	32.07294	0.2700511	1.802581	0.8812174
22038	-523.4683	-555.2043	31.73599	0.315593	2.194358	0.6397557
22044	-529.8999	-558.9385	29.03857	0.4151802	1.542659	2.981585
22050	-525.5881	-556.2249	30.63682	0.4888153	2.731784	0.9513907
22056	-525.8725	-557.7329	31.86037	0.2418957	1.950895	1.025377
22062	-523.995	-555.7456	31.75051	0.1671644	1.698311	1.511187
22068	-520.6955	-552.562	31.86655	0.3927022	1.877345	0.6900435
22074	-522.7659	-555.1941	32.42817	0.1667416	1.880444	0.6900435
22080	-514.9112	-547.5733	32.66213	0.1037213	1.880444	0.6900435
22086	-519.2125	-551.6181	32.40552	0.1125734	1.880444	0.9709305
22092	-518.8241	-550.2221	31.39807	0.4630143	1.863719	1.098985
22098	-520.1238	-551.8272	31.70347	0.3586459	2.086015	0.7288573
22104	-522.6544	-553.5129	30.85856	0.5467353	2.651525	0.3973652
22110	-519.388	-551.296	31.90799	0.2940538	2.104782	0.4880743
22116	-528.7469	-560.2252	31.4783	0.509264	2.104782	0.5783583
22122	-523.1031	-555.044	31.94084	0.3065914	1.991047	0.6789951
22128	-525.4092	-557.6694	32.26023	0.1883807	1.873898	0.8424414
22134	-525.2694	-557.5489	32.27948	0.2166666	1.873898	0.6937163
22140	-527.9743	-560.3852	32.41097	0.1391949	1.873898	0.859577
22146	-522.7392	-554.1812	31.44209	0.5120063	1.947958	0.8857836
22152	-529.1957	-560.1032	30.90742	0.8805969	1.849374	1.037153
22158	-527.6118	-559.3427	31.73084	0.4464849	1.849374	0.7881329
22164	-534.4403	-563.7481	29.3078	0.07935312	0.4068333	4.041371
22170	-531.3189	-558.8195	27.50053	0.3943976	0.2923467	4.613943
22176	-535.8918	-563.5857	27.69384	0.2663622	0.9434293	4.297157
22182	-536.5527	-565.6073	29.05455	0.470639	1.020687	3.223726
22188	-529.0157	-558.5343	29.51865	0.5503037	0.8115373	2.994365
22194	-530.4151	-560.1283	29.71314	0.2949569	0.4735082	3.365509
22200	-532.1481	-561.8757	29.72758	0.23394	0.9026531	3.194849
22206	-531.7859	-560.9698	29.18395	0.3546252	1.055447	3.256558
22212	-525.6436	-554.8571	29.21349	0.3445091	0.8386485	3.379362
22218	-526.42	-556.3515	29.93143	0.2269975	0.6850421	3.214303
22224	-521.5388	-550.9318	29.39301	0.1791183	0.8146577	3.537658
22230	-531.0679	-560.952	29.88415	0.352623	0.5452769	3.146439
22236	-528.8883	-556.389	27.50074	0.3185742	0.2425031	4.730284
22242	-528.8426	-555.5919	26.74935	0.6702993	0.698753	4.559289
22248	-531.8539	-560.8114	28.95751	0.3622882	0.430987	3.743771
22254	-530.016	-559.9663	29.95027	0.3642096	0.9245774	2.864831
22260	-529.2893	-559.443	30.1537	0.2200076	0.9857376	2.913466
22266	-535.3818	-564.7954	29.4136	0.4750118	1.247926	2.868438
22272	-538.5863	-566.4345	27.84817	0.3143826	0.4723311	4.411486
22278	-531.4703	-558.8289	27.35856	0.4303675	1.076559	4.213457
22284	-529.2394	-556.0469	26.80758	0.5670144	0.6509989	4.635941
22290	-529.6201	-558.3974	28.77731	0.4613079	2.047472	2.783671
22296	-531.2574	-562.34	31.08259	0.5955385	1.542132	1.450794
22302	-534.411	-564.3229	29.9119	0.8866463	1.072901	2.323032
22308	-529.7514	-558.2186	28.46726	0.2992103	0.7683927	3.911142
22314	-528.0096	-556.1926	28.18299	0.2904799	1.073235	3.911142
22320	-525.6089	-555.4226	29.81371	0.2130417	1.238517	2.977948
22326	-527.4444	-559.2399	31.79552	0.3199749	1.988271	0.8504658
22332	-526.2399	-557.008	30.76805	0.3199749	1.896881	1.77887
22338	-528.4374	-556.4858	28.04836	0.3959978	1.00886	3.8956
22344	-533.4579	-562.2953	28.83744	0.2950578	1.034759	3.549185
22350	-526.6831	-557.5094	30.82628	0.1292312	0.9217459	2.723005
22356	-524.7203	-554.461	29.74076	0.6139632	0.9425333	2.723005
22362	-521.5601	-551.6725	30.11241	0.2384157	0.9578848	2.924563
22368	-526.7526	-556.9267	30.17414	0.2272502	0.9266412	2.924563
22374	-527.033	-559.0485	32.01557	0.1438263	0.9884434	1.883989
22380	-522.3602	-552.7312	30.37094	0.3290799	0.8581905	2.694264
22386	-521.3386	-550.9173	29.57876	0.1617114	1.141292	3.270731
22392	-521.0934	-551.8944	30.80097	0.1230952	1.087212	2.651319
22398	-523.9495	-554.412	30.46248	0.3643873	1.616601	2.109501
22404	-530.6934	-562.5099	31.81649	0.2165806	1.363381	1.59773
22410	-526.2479	-556.1433	29.8954	0.2677435	1.043724	2.957733
22416	-529.6471	-560.1496	30.50247	0.1311279	0.8056424	2.985387
22422	-530.0489	-560.0559	30.00701	0.3522969	1.262586	2.638705
22428	-526.7629	-557.0813	30.31834	0.3376989	0.6817503	2.822688
22434	-530.4781	-560.0338	29.55572	0.5120631	1.119391	2.822688
22440	-540.8783	-572.2012	31.32296	0.3247966	2.302997	1.009958
22446	-534.1949	-564.2374	30.0425	0.4550637	0.8440972	2.752646
22452	-523.3508	-553.3169	29.96603	0.2808964	1.278964	2.752646
22458	-529.6382	-561.011	31.3728	0.2396937	1.579083	1.715263
22464	-527.0989	-556.7646	29.66574	0.3871389	0.7346471	3.121989
22470	-526.5045	-555.9577	29.45328	0.1283191	0.8245269	3.599351
22476	-535.3344	-567.4714	32.13699	0.06637965	1.767866	1.472006
22482	-527.8372	-560.5752	32.73802	0.076966	1.974473	0.5579233
22488	-528.0743	-559.1325	31.05823	0.5499998	2.40373	0.33802
22494	-520.5329	-551.0249	30.492	0.3323832	0.9949411	2.530364
22500	-525.7853	-557.3621	31.57688	0.1902625	1.17782	1.948515
22506	-529.3342	-561.6598	32.32558	0.1454645	1.68072	1.119805
22512	-524.5511	-556.5597	32.00865	0.1685655	1.453401	1.497817
22518	-523.6888	-554.7006	31.01182	0.6905482	1.860837	1.140889
22524	-523.8637	-555.2897	31.42601	0.5389396	1.90949	0.8988912
22530	-528.488	-560.0985	31.61049	0.5281523	1.950382	0.539052
22536	-527.6757	-559.3225	31.64677	0.4393927	1.996216	0.7130915
22542	-533.769	-562.7889	29.01986	0.2759389	1.080724	3.44276
22548	-526.1846	-555.3211	29.13658	0.2897163	0.8294851	3.501867
22554	-530.0847	-562.532	32.44729	0.07920092	1.389928	1.477221
22560	-526.4857	-558.2602	31.77447	0.1359645	1.389928	1.793456
22566	-529.9517	-562.1401	32.18844	0.1165582	1.134965	1.734287
22572	-528.2869	-559.7107	31.42382	0.1348655	1.20044	2.158097
22578	-533.156	-563.4808	30.32486	0.4681171	1.680502	2.029459
22584	-533.1398	-561.8957	28.75586	0.3718923	0.9927984	3.523578
22590	-536.4037	-566.9992	30.59558	0.615382	2.025694	1.43149
22596	-535.7201	-566.2713	30.5512	0.6071797	2.879417	0.4221806
22602	-531.5621	-561.3252	29.76316	0.8651835	3.269637	0.7365624
22608	-533.1135	-563.6906	30.57707	0.7183071	2.681728	0.3795527
22614	-532.7559	-564.158	31.40215	0.564812	1.88632	0.9068653
22620	-525.8372	-557.1846	31.34743	0.4343277	2.339349	0.6477132
22626	-529.4907	-560.9062	31.41545	0.4580083	1.654243	1.272852
22632	-527.4401	-558.5082	31.06805	0.41025	1.781324	1.512976
22638	-519.948	-551.1504	31.20245	0.3010205	1.451456	1.816432
22644	-519.3833	-547.6817	28.29839	0.2047492	0.5989572	4.244686
22650	-522.8967	-553.501	30.60434	0.5657586	1.40733	1.919442
22656	-518.8294	-550.1484	31.31901	0.293184	1.202408	1.919442
22662	-524.4658	-555.4001	30.93424	0.4391239	1.373228	1.860623
22668	-526.7063	-558.2511	31.54488	0.2736735	1.110204	1.860623
22674	-529.3239	-558.5	29.17606	0.4543174	0.8186192	3.288145
22680	-522.3113	-552.4279	30.1166	0.09876273	1.381653	2.948888
22686	-530.5075	-559.0835	28.57604	0.1511639	1.324082	3.769777
22692	-519.9558	-551.7214	31.76567	0.2854437	1.728698	1.212541
22698	-518.2544	-549.3178	31.06333	0.3142696	1.837745	1.620625
